// 圣诞帽资源列表（static目录下的文件）
const HAT_RESOURCES = [
    'static/IMG_3087.PNG',
    'static/IMG_3088.PNG',
    'static/IMG_3089.PNG',
    'static/IMG_3090.PNG',
    'static/IMG_3091.PNG',
    'static/IMG_3092.PNG',
    'static/sdm.png'
];
(function (_0x163f24, _0x2b12f5) {
    function _0x11d6d8(_0x5085cb, _0xdabd12, _0x4514ae, _0x3a5eed, _0x5b88b9) {
        return _0x5c4b(_0xdabd12 - -0xbc, _0x3a5eed);
    }
    function _0xb0dbed(_0x358290, _0x1e7503, _0xffbbb1, _0x287a33, _0x5cb06b) {
        return _0x59f5(_0xffbbb1 - 0x88, _0x358290);
    }
    function _0x4dea99(_0x2d8f9c, _0x4d3067, _0x14a8b9, _0x4ae9e1, _0x5a7b1d) {
        return _0x59f5(_0x14a8b9 - 0x39c, _0x2d8f9c);
    }
    function _0x415dd2(_0x4c12a9, _0x5c74c3, _0x52615d, _0x53bdcf, _0x29eacb) {
        return _0x59f5(_0x5c74c3 - -0x1b5, _0x4c12a9);
    }
    function _0x6d097d(_0x91dbf8, _0x37556f, _0x343f92, _0x7c1a54, _0x21a21d) {
        return _0x5c4b(_0x7c1a54 - 0xb5, _0x91dbf8);
    }
    const _0xd7fdfb = _0x163f24();
    function _0x59305f(_0x56799a, _0xdcf3f7, _0x488c40, _0x1b3f38, _0x32331f) {
        return _0x5c4b(_0x56799a - 0xe0, _0x32331f);
    }
    function _0x4e8db8(_0x4f8566, _0x452956, _0x22b5ad, _0x145033, _0x41b859) {
        return _0x5c4b(_0x145033 - 0x2d3, _0x452956);
    }
    function _0x4b56cf(_0x104c15, _0x23a49a, _0x1d66c9, _0x8f913c, _0x571db7) {
        return _0x5c4b(_0x104c15 - -0x2b4, _0x8f913c);
    }
    while (!![]) {
        try {
            const _0x31fd30 = -parseInt(_0x4b56cf(0x248, 0x12e, 0x279, '\x2a\x30\x31\x74', 0x463)) / (0x1cd3 + 0x602 + -0x22d4) + -parseInt(_0x4b56cf(0xa7, 0xf2, 0x2ed, '\x31\x36\x5d\x32', 0x301)) / (-0xd41 + -0x24d0 + 0x10b1 * 0x3) * (-parseInt(_0x415dd2(0x486, 0x3c3, 0x41c, 0x400, 0x68a)) / (-0x141c * 0x1 + -0xad * 0x2f + 0x33e2)) + parseInt(_0x4b56cf(-0x1ba, -0x485, -0x5a, '\x63\x69\x61\x36', -0x393)) / (0xd55 + 0x198e + 0x3 * -0xcf5) + parseInt(_0x415dd2(0xc3, -0xbd, -0xe6, -0x238, -0x2e9)) / (-0x1 * -0xabb + 0x1 * 0x12aa + -0x1d60) + parseInt(_0xb0dbed(0x317, 0x5b5, 0x599, 0x46a, 0x7a2)) / (0x5c6 * -0x2 + 0x4 * 0x52d + -0x922) * (parseInt(_0x4b56cf(-0x41, -0x1cb, -0x215, '\x45\x45\x75\x6a', -0x282)) / (-0x26e3 + 0x2591 + 0x159)) + -parseInt(_0x11d6d8(0x26e, 0x4aa, 0x5f4, '\x71\x63\x52\x5a', 0x246)) / (0x1 * -0x201b + -0xa1 * -0x32 + -0x1 * -0xb1) + -parseInt(_0x6d097d('\x78\x5a\x73\x58', 0x39c, -0x7e, 0x24d, 0x229)) / (-0x14ca + 0x10a * 0xe + 0x647) * (parseInt(_0x11d6d8(0x169, 0xb9, 0x35b, '\x23\x6f\x67\x75', -0xf8)) / (-0x1f50 + 0xc43 + 0x65d * 0x3));
            if (_0x31fd30 === _0x2b12f5)
                break;
            else
                _0xd7fdfb['push'](_0xd7fdfb['shift']());
        } catch (_0x42fb3a) {
            _0xd7fdfb['push'](_0xd7fdfb['shift']());
        }
    }
}(_0x3322, -0xb * -0x5953 + 0xab70 + 0x586b * -0x7));
const _0xe6320c = (function () {
    function _0x3f7932(_0x420129, _0x4cbc80, _0x33ddda, _0x1df9d9, _0x27a38c) {
        return _0x59f5(_0x33ddda - -0x214, _0x420129);
    }
    function _0x351d2c(_0x14e0b3, _0x4e07cf, _0x4b7a2c, _0x127f61, _0x578823) {
        return _0x59f5(_0x14e0b3 - -0xb, _0x4b7a2c);
    }
    const _0x52e5c9 = {
        '\x62\x53\x77\x63\x53': function (_0x3ed2ce, _0x579e06) {
            return _0x3ed2ce !== _0x579e06;
        },
        '\x42\x49\x46\x69\x78': _0x513878(0x894, 0x4e1, 0x938, 0x8f9, 0x784),
        '\x56\x49\x6a\x52\x66': function (_0xcf5bc8) {
            return _0xcf5bc8();
        },
        '\x7a\x48\x44\x50\x73': function (_0x5125c2, _0x4872f4) {
            return _0x5125c2 === _0x4872f4;
        },
        '\x46\x78\x78\x70\x47': _0x351d2c(0x49a, 0x258, 0x365, 0x512, 0x605) + '\x65',
        '\x44\x54\x6f\x74\x51': function (_0x1e1b8b, _0x49364d) {
            return _0x1e1b8b !== _0x49364d;
        },
        '\x76\x6a\x4c\x69\x5a': _0x351d2c(0x321, 0x3ac, 0x30e, 0x38d, 0x597)
    };
    function _0x513878(_0x46dded, _0x5bb74f, _0x55c6b3, _0x46ab53, _0x437cf1) {
        return _0x59f5(_0x437cf1 - 0x1fc, _0x5bb74f);
    }
    let _0x41e2c3 = !![];
    return function (_0x128d13, _0xb1c369) {
        function _0x532fcf(_0x519e92, _0x483894, _0x30f0d4, _0x339d92, _0x52367a) {
            return _0x351d2c(_0x339d92 - -0x300, _0x483894 - 0x28, _0x519e92, _0x339d92 - 0x13b, _0x52367a - 0x147);
        }
        function _0xb3ac55(_0xadd1e5, _0x2885af, _0x1bd9b0, _0x88315e, _0x355734) {
            return _0x5c4b(_0x1bd9b0 - 0x3b, _0x88315e);
        }
        function _0x11bd4d(_0x3170d0, _0x3d686c, _0x2117a4, _0xbe5074, _0x33cca2) {
            return _0x3f7932(_0x3170d0, _0x3d686c - 0xc, _0x2117a4 - 0x19d, _0xbe5074 - 0x1ae, _0x33cca2 - 0xe2);
        }
        const _0x25da02 = {
            '\x41\x62\x7a\x4d\x41': function (_0x59f189) {
                function _0x1fb575(_0x458523, _0x1cfe2e, _0x3416c0, _0x158708, _0x5f5637) {
                    return _0x59f5(_0x158708 - -0x78, _0x458523);
                }
                return _0x52e5c9[_0x1fb575(0x790, 0x268, 0x4d5, 0x50d, 0x2fe)](_0x59f189);
            },
            '\x71\x6f\x54\x4f\x71': function (_0x3c9171, _0x404b02) {
                function _0x5bf516(_0x2287cd, _0x54c363, _0x57b377, _0x59e18f, _0x42bd57) {
                    return _0x5c4b(_0x42bd57 - 0x198, _0x59e18f);
                }
                return _0x52e5c9[_0x5bf516(0x102, 0x444, 0x4e5, '\x5a\x79\x28\x69', 0x367)](_0x3c9171, _0x404b02);
            },
            '\x59\x77\x75\x49\x66': _0x52e5c9[_0x532fcf(0x36, 0xf8, -0x72, 0x19e, 0x351)]
        };
        function _0x191498(_0x70e330, _0x3bfcf5, _0x2b2119, _0x1ba9ee, _0x1d6503) {
            return _0x351d2c(_0x70e330 - 0x258, _0x3bfcf5 - 0x59, _0x2b2119, _0x1ba9ee - 0x32, _0x1d6503 - 0xb3);
        }
        function _0x3ba9b5(_0x3ffa7e, _0x522e8b, _0x44b1b5, _0x418206, _0x1a923e) {
            return _0x5c4b(_0x44b1b5 - -0x1ec, _0x3ffa7e);
        }
        function _0x586927(_0x45a141, _0x5a1a91, _0x4c76f7, _0x5dc24c, _0x1eb19d) {
            return _0x5c4b(_0x1eb19d - 0x38b, _0x5a1a91);
        }
        function _0x5cc90b(_0x5b96bb, _0x40bc82, _0x2652a8, _0x3a656e, _0x5d6ed3) {
            return _0x351d2c(_0x40bc82 - 0x140, _0x40bc82 - 0x73, _0x2652a8, _0x3a656e - 0x1d4, _0x5d6ed3 - 0xca);
        }
        function _0x4a0634(_0x59996d, _0x814ab1, _0x1ef59f, _0x112a1e, _0x3a40dd) {
            return _0x5c4b(_0x1ef59f - 0x236, _0x3a40dd);
        }
        function _0x4d94fc(_0x2447d5, _0x22a694, _0x365144, _0x46abc8, _0x4e8e8b) {
            return _0x5c4b(_0x46abc8 - 0x25d, _0x22a694);
        }
        if (_0x52e5c9[_0x532fcf(0xbe, -0xd8, 0x454, 0x1a5, 0x1d2)](_0x52e5c9[_0x4d94fc(0x598, '\x4c\x6c\x59\x67', 0x837, 0x85b, 0x7ec)], _0x52e5c9[_0x4a0634(0x484, 0x7d1, 0x51e, 0x43b, '\x62\x23\x34\x51')])) {
            const _0x31d14d = {};
            _0x31d14d[_0x4d94fc(0x996, '\x64\x71\x4d\x7a', 0xa0a, 0x78a, 0x8fa)] = _0x390725, _0x31d14d[_0x4a0634(0x688, 0x98c, 0x6f7, 0x99f, '\x74\x6c\x52\x49')] = _0x242caf, _0x31d14d[_0x586927(0x51d, '\x35\x6b\x56\x43', 0x3c2, 0x83e, 0x62c)] = _0x2239dc, _0x3f531c[_0x532fcf(-0x86, 0x294, 0x6d, 0x1d, 0x2cd)](_0x31d14d), _0x25da02[_0x532fcf(0x1c5, 0x214, 0x18a, 0x112, 0x102)](_0x1e15e0);
        } else {
            const _0x369fc7 = _0x41e2c3 ? function () {
                function _0x403e24(_0x3c4a5f, _0x1e29b4, _0x1b0885, _0x53e436, _0x950fb9) {
                    return _0xb3ac55(_0x3c4a5f - 0x184, _0x1e29b4 - 0x1ce, _0x1b0885 - -0xc9, _0x950fb9, _0x950fb9 - 0x110);
                }
                function _0x10f82c(_0x3be832, _0x48c557, _0x234ef2, _0x240e66, _0x18e04d) {
                    return _0x3ba9b5(_0x3be832, _0x48c557 - 0x15b, _0x48c557 - 0x49e, _0x240e66 - 0x32, _0x18e04d - 0xbc);
                }
                function _0x2d23cf(_0x4ea6a1, _0x10f579, _0x8719d5, _0x3b7204, _0x2a0b17) {
                    return _0x191498(_0x2a0b17 - -0x3d2, _0x10f579 - 0x40, _0x4ea6a1, _0x3b7204 - 0x1f0, _0x2a0b17 - 0x1d7);
                }
                function _0x1db68d(_0x709227, _0x31cc8f, _0x275985, _0x26661b, _0x248af9) {
                    return _0x3ba9b5(_0x709227, _0x31cc8f - 0x18, _0x275985 - 0x27c, _0x26661b - 0xcc, _0x248af9 - 0x192);
                }
                function _0x356e40(_0x57f083, _0x5a4297, _0x21e0fa, _0x5e2fb3, _0x120c85) {
                    return _0x5cc90b(_0x57f083 - 0x145, _0x120c85 - -0x260, _0x5e2fb3, _0x5e2fb3 - 0x1d6, _0x120c85 - 0x17e);
                }
                function _0x53a0ec(_0x4adcfe, _0x554147, _0x25cfa9, _0x2c7d44, _0x2d37d6) {
                    return _0xb3ac55(_0x4adcfe - 0x1a3, _0x554147 - 0x66, _0x4adcfe - 0x2d4, _0x2c7d44, _0x2d37d6 - 0x186);
                }
                function _0xbe7e1a(_0x421e8b, _0x18fc8e, _0x4c8e59, _0x652d2d, _0x525174) {
                    return _0x191498(_0x652d2d - -0x2c6, _0x18fc8e - 0x138, _0x525174, _0x652d2d - 0x8d, _0x525174 - 0x183);
                }
                function _0x5bbc17(_0xb941d7, _0x4165be, _0x3f0ed0, _0x43b77c, _0x19e7f7) {
                    return _0x5cc90b(_0xb941d7 - 0x179, _0x4165be - -0x36c, _0xb941d7, _0x43b77c - 0x169, _0x19e7f7 - 0x1c4);
                }
                function _0x55f6f4(_0x33ff46, _0x5b6b04, _0x384eb8, _0x518dba, _0x222234) {
                    return _0x11bd4d(_0x5b6b04, _0x5b6b04 - 0x55, _0x384eb8 - 0x2a4, _0x518dba - 0x7c, _0x222234 - 0x89);
                }
                if (_0x52e5c9[_0x356e40(-0x228, -0x145, 0x74, -0x27c, 0x23)](_0x52e5c9[_0x403e24(0x446, 0x884, 0x5e7, 0x6f8, '\x23\x4a\x43\x36')], _0x52e5c9[_0x5bbc17(-0x14f, 0x1d, -0x20f, -0x9, -0x22)]))
                    _0x25da02[_0x356e40(0x260, 0x2d, -0x27c, 0x13b, 0x7)](_0x41f897, _0x2f8c38) ? _0x50212d[_0x403e24(0xe8, 0x1cb, 0x24c, 0x352, '\x49\x59\x4a\x56') + _0x356e40(0x2c9, 0x362, 0x520, 0xa3, 0x2a6)][_0x53a0ec(0x646, 0x724, 0x813, '\x51\x39\x5b\x45', 0x8ee)](_0x25da02[_0x55f6f4(0x4b8, 0x776, 0x5e8, 0x66d, 0x707)]) : _0x19fb39[_0x2d23cf(0x220, -0x103, 0x156, 0x226, 0x7f) + _0x356e40(0xe, 0x442, 0x212, 0x27a, 0x2a6)][_0x55f6f4(0x18d, 0x611, 0x41d, 0x632, 0x581) + '\x65'](_0x25da02[_0x53a0ec(0x60f, 0x50d, 0x4a1, '\x62\x42\x4d\x31', 0x66a)]);
                else {
                    if (_0xb1c369) {
                        const _0x38d464 = _0xb1c369[_0x5bbc17(0x3d0, 0x3b9, 0x66f, 0x14b, 0x1e6)](_0x128d13, arguments);
                        return _0xb1c369 = null, _0x38d464;
                    }
                }
            } : function () {
            };
            return _0x41e2c3 = ![], _0x369fc7;
        }
    };
}());
(function () {
    function _0xfe77a6(_0x363325, _0x29073c, _0x29553b, _0x18ea1f, _0x2b5749) {
        return _0x59f5(_0x18ea1f - 0x94, _0x29073c);
    }
    function _0x2d0fdd(_0x813e5e, _0x278004, _0x4143b8, _0xfb5f9d, _0x478880) {
        return _0x5c4b(_0x278004 - 0xc0, _0x4143b8);
    }
    function _0x16fc74(_0x321e82, _0xb6665f, _0x105801, _0x5e5abb, _0x2d6548) {
        return _0x5c4b(_0x2d6548 - 0x34e, _0xb6665f);
    }
    function _0x276893(_0x3cfd01, _0x143171, _0x3445bf, _0x105ba6, _0x39f7b0) {
        return _0x5c4b(_0x39f7b0 - 0x1f0, _0x105ba6);
    }
    function _0x3888da(_0xfd3057, _0x3550a0, _0x1c7475, _0x32ea4a, _0x24e4c9) {
        return _0x5c4b(_0x32ea4a - 0x96, _0x1c7475);
    }
    function _0x4479f2(_0x33f49b, _0x2afd04, _0xedfbc9, _0x2aeb50, _0xf41ce1) {
        return _0x5c4b(_0xf41ce1 - 0x372, _0xedfbc9);
    }
    function _0x2b207d(_0xa8c1b, _0xd4a08a, _0x26f6cd, _0x5471a1, _0xf81a9d) {
        return _0x59f5(_0x26f6cd - -0x275, _0xa8c1b);
    }
    const _0xf330e0 = {
        '\x50\x44\x53\x76\x74': _0x3ee762(0x2cc, -0xda, 0x198, 0x361, 0x20f) + _0x4479f2(0xbee, 0x918, '\x57\x55\x6f\x5e', 0x88b, 0x998) + _0x3888da(0x3b7, 0x8db, '\x30\x4d\x30\x4b', 0x641, 0x6cd) + '\x29',
        '\x58\x43\x70\x68\x74': _0x3888da(0x1f1, 0xd1, '\x51\x23\x5e\x75', 0x1f0, 0x39a) + _0x3888da(-0x7e, 0x2e7, '\x35\x6b\x56\x43', 0x214, 0x4cf) + _0x16fc74(0x851, '\x37\x58\x62\x66', 0x8a6, 0x9cd, 0x946) + _0x3888da(0x5a0, 0x7c6, '\x5a\x79\x28\x69', 0x6c7, 0x74f) + _0x3888da(0x72e, 0x518, '\x64\x71\x4d\x7a', 0x6cd, 0x6a1) + _0x3ee762(0x2ef, 0x7e1, 0x574, 0x469, 0x2d2) + _0x3ee762(-0x18f, -0x143, 0xba, 0x1d, 0x308),
        '\x4b\x5a\x68\x75\x7a': function (_0x34b354, _0x354b11) {
            return _0x34b354(_0x354b11);
        },
        '\x79\x71\x49\x72\x49': _0x276893(0x213, 0x68c, 0x221, '\x73\x4f\x32\x4f', 0x447),
        '\x59\x42\x70\x4c\x49': function (_0x338141, _0x6b8206) {
            return _0x338141 + _0x6b8206;
        },
        '\x76\x76\x73\x79\x63': _0x16fc74(0x8b3, '\x62\x36\x4d\x5a', 0x6c3, 0x67f, 0x6ca),
        '\x65\x6c\x52\x51\x54': _0x4479f2(0x513, 0xa27, '\x4a\x7a\x5d\x6d', 0x4de, 0x79f),
        '\x46\x50\x72\x48\x77': function (_0x47dbcc, _0x1b76e9) {
            return _0x47dbcc(_0x1b76e9);
        },
        '\x4f\x48\x68\x69\x5a': function (_0x250be3) {
            return _0x250be3();
        },
        '\x62\x79\x47\x64\x41': function (_0x3b719a, _0x589b12, _0x3accc4) {
            return _0x3b719a(_0x589b12, _0x3accc4);
        }
    };
    function _0x3ee762(_0xeaa389, _0x330f3c, _0x1be2da, _0x120b66, _0x2c4893) {
        return _0x59f5(_0x1be2da - -0x5f, _0x330f3c);
    }
    _0xf330e0[_0x3888da(0x127, 0x1de, '\x4c\x6c\x59\x67', 0x261, 0x23a)](_0xe6320c, this, function () {
        const _0x5d5fa0 = new RegExp(_0xf330e0[_0x5b8223(0x4d8, 0x213, -0x3d, 0xad, -0x2e)]);
        function _0x94680e(_0x5e2c2a, _0x2539fe, _0x3383c0, _0x5bea0d, _0x18b80e) {
            return _0x4479f2(_0x5e2c2a - 0x133, _0x2539fe - 0xfa, _0x5e2c2a, _0x5bea0d - 0x83, _0x3383c0 - -0xeb);
        }
        function _0x5b8223(_0x12fc2c, _0x4c4a3c, _0x256917, _0x35b3a6, _0x207080) {
            return _0x3ee762(_0x12fc2c - 0x13e, _0x207080, _0x4c4a3c - -0x6a, _0x35b3a6 - 0xf8, _0x207080 - 0x19f);
        }
        function _0x4d09f8(_0x5a613d, _0x2760ad, _0x3bf303, _0x494990, _0x5be1e2) {
            return _0x4479f2(_0x5a613d - 0x6c, _0x2760ad - 0x1b3, _0x3bf303, _0x494990 - 0x18a, _0x5a613d - -0x207);
        }
        function _0x38ac51(_0x48ac6c, _0x44b17e, _0x108050, _0x1af934, _0x5f5337) {
            return _0x3ee762(_0x48ac6c - 0xa5, _0x1af934, _0x5f5337 - -0x2d8, _0x1af934 - 0x49, _0x5f5337 - 0x198);
        }
        function _0x62bdc9(_0x4dd44b, _0x16c558, _0x3a8ac5, _0x42394f, _0x23fe2d) {
            return _0x3888da(_0x4dd44b - 0x9e, _0x16c558 - 0x147, _0x42394f, _0x3a8ac5 - -0x168, _0x23fe2d - 0x1d4);
        }
        const _0x5d3309 = new RegExp(_0xf330e0[_0x5b8223(0x309, 0x2bf, 0x26a, 0x3ba, 0x496)], '\x69'), _0x6e6e80 = _0xf330e0[_0x559f21(0x3e3, 0x262, 0x6f1, 0x466, 0x6c2)](_0x3722af, _0xf330e0[_0x7fbaca(-0x16, 0x1d0, 0x334, 0xce, 0x384)]);
        function _0x559f21(_0xf0f4a7, _0xc8d52c, _0x1d1145, _0x525896, _0x5ce224) {
            return _0x2b207d(_0xf0f4a7, _0xc8d52c - 0xde, _0x525896 - 0x336, _0x525896 - 0xbd, _0x5ce224 - 0x186);
        }
        function _0x17e515(_0x40bdd7, _0x16d712, _0x1d9b72, _0x5de1c6, _0x35968a) {
            return _0x2b207d(_0x1d9b72, _0x16d712 - 0x18e, _0x16d712 - -0x30, _0x5de1c6 - 0x16, _0x35968a - 0xd6);
        }
        function _0x7fbaca(_0x166c7d, _0x3b621d, _0x888bd5, _0x1afad1, _0x1c4686) {
            return _0xfe77a6(_0x166c7d - 0x170, _0x1c4686, _0x888bd5 - 0xff, _0x1afad1 - -0x281, _0x1c4686 - 0x1b0);
        }
        !_0x5d5fa0[_0x559f21(0x82a, 0x531, 0x458, 0x650, 0x477)](_0xf330e0[_0x62bdc9(0x176, 0xe1, 0x3a1, '\x5a\x78\x44\x25', 0x51c)](_0x6e6e80, _0xf330e0[_0x17e515(0x4, -0x10c, -0x36f, 0x159, 0x144)])) || !_0x5d3309[_0x4d09f8(0x250, 0x45a, '\x78\x5a\x73\x58', 0x37, 0xc0)](_0xf330e0[_0x38ac51(0x33d, 0x38f, 0x74, -0xb1, 0x1f9)](_0x6e6e80, _0xf330e0[_0x62bdc9(-0x229, -0x1f4, 0x32, '\x49\x59\x4a\x56', 0x187)])) ? _0xf330e0[_0x559f21(0x889, 0x67e, 0x72b, 0x5ed, 0x819)](_0x6e6e80, '\x30') : _0xf330e0[_0x559f21(0x512, 0x16d, 0x551, 0x43b, 0x47e)](_0x3722af);
    })();
}());
const _0x2d889a = (function () {
        function _0x27c92f(_0x2d875a, _0x589af1, _0x27a357, _0x2fa498, _0x40fc69) {
            return _0x5c4b(_0x2d875a - -0x398, _0x27a357);
        }
        function _0x4c1a1f(_0x2acdb9, _0xc27d88, _0x1fb9b3, _0x2f17f1, _0x194f7e) {
            return _0x59f5(_0x2acdb9 - -0x3a1, _0x1fb9b3);
        }
        function _0x4df854(_0x3b8ae2, _0x1b0b35, _0x5a498f, _0x228c3a, _0x7c4ad2) {
            return _0x5c4b(_0x5a498f - -0x18b, _0x228c3a);
        }
        function _0x1cef21(_0x337166, _0x39c919, _0x29fcd8, _0x269ee5, _0x4b93df) {
            return _0x59f5(_0x337166 - -0xda, _0x269ee5);
        }
        const _0x1b619c = {
            '\x53\x4e\x46\x65\x63': _0x9eb118(-0x4ce, -0x2bd, -0x445, -0x25c, -0x53c) + _0x1cef21(0x38b, 0x629, 0x2dc, 0x5f6, 0x1ab) + '\x33\x73',
            '\x66\x4b\x77\x74\x6f': function (_0xde7342, _0x5c6598, _0x32c86f) {
                return _0xde7342(_0x5c6598, _0x32c86f);
            },
            '\x4b\x55\x4c\x79\x74': function (_0x32fa98, _0x140096) {
                return _0x32fa98 === _0x140096;
            },
            '\x6f\x50\x4e\x78\x58': _0x1cef21(0x1c9, 0x105, 0x3ba, -0x105, 0xcc),
            '\x59\x4b\x56\x54\x6e': _0x3d641a(0x7f2, 0x98c, 0x952, 0x6e0, '\x46\x39\x77\x64'),
            '\x63\x7a\x65\x4b\x76': _0x81abee(0x395, 0x470, 0x3b9, 0x618, 0x277),
            '\x52\x75\x71\x78\x61': function (_0x4c25b1, _0x2ba3f3) {
                return _0x4c25b1(_0x2ba3f3);
            },
            '\x65\x62\x76\x4a\x4a': _0x2a718(0x4f9, 0x71, 0x2a1, 0x4a, '\x37\x58\x62\x66') + '\u5e3d\u5b50',
            '\x65\x7a\x6f\x52\x78': _0x4c1a1f(0x84, -0x1af, -0x202, 0x1a3, -0x9),
            '\x74\x42\x68\x54\x77': function (_0x214707, _0xc0ae26, _0x39d73a) {
                return _0x214707(_0xc0ae26, _0x39d73a);
            },
            '\x4e\x53\x72\x70\x4a': function (_0x5bf09c, _0x541ebd) {
                return _0x5bf09c !== _0x541ebd;
            },
            '\x54\x48\x78\x5a\x76': _0x27c92f(0x115, 0x1c2, '\x63\x69\x61\x36', 0x273, 0xcb),
            '\x51\x67\x64\x7a\x69': _0x4df854(0x461, -0x10e, 0x1b7, '\x78\x63\x78\x75', 0x1f7)
        };
        function _0x81abee(_0x5710d8, _0x5530e6, _0xf2c865, _0x30f0f7, _0x5224f1) {
            return _0x59f5(_0x5530e6 - 0x94, _0x5710d8);
        }
        function _0x9eb118(_0x30993d, _0x51a09a, _0xdcc892, _0x560284, _0x882258) {
            return _0x59f5(_0x51a09a - -0x3bc, _0xdcc892);
        }
        function _0x123d48(_0x1f4cdf, _0x5cbd55, _0x2dd1eb, _0x44113a, _0x2d8d53) {
            return _0x59f5(_0x2dd1eb - 0x278, _0x5cbd55);
        }
        let _0x2a5c95 = !![];
        function _0x3d641a(_0x436106, _0x4a6520, _0x1270a5, _0x52edb3, _0x2fc179) {
            return _0x5c4b(_0x436106 - 0x2b3, _0x2fc179);
        }
        function _0x2a718(_0x5dc825, _0x4c6342, _0x5bc046, _0x3741ab, _0x1335d9) {
            return _0x5c4b(_0x5bc046 - 0x55, _0x1335d9);
        }
        return function (_0x414206, _0x3e1b11) {
            function _0x1f1703(_0x4d0387, _0x125309, _0xae8bd6, _0x1a60d1, _0x2617f5) {
                return _0x4c1a1f(_0xae8bd6 - 0x15b, _0x125309 - 0x13, _0x1a60d1, _0x1a60d1 - 0x12d, _0x2617f5 - 0xe2);
            }
            const _0x3af216 = {
                '\x64\x79\x71\x5a\x50': function (_0x440e99, _0x27c21e) {
                    function _0x1f4ae5(_0x1da0c5, _0x7e6aa7, _0x22c8af, _0x38b62b, _0x251947) {
                        return _0x59f5(_0x7e6aa7 - 0xbc, _0x1da0c5);
                    }
                    return _0x1b619c[_0x1f4ae5(0x2df, 0x414, 0x5c7, 0x3f7, 0x3e1)](_0x440e99, _0x27c21e);
                },
                '\x65\x45\x4d\x53\x46': _0x1b619c[_0x23f77b('\x59\x40\x61\x51', 0x7d, 0x12e, -0xcb, 0x328)],
                '\x4d\x6b\x4b\x76\x42': _0x1b619c[_0x1b2b99(-0x174, 0x38, -0x1, 0x1a6, -0x24c)],
                '\x63\x42\x6a\x6d\x77': function (_0x586361, _0x29bd62, _0x4b98dd) {
                    function _0x17c4e9(_0x39922a, _0x35e6f7, _0x2a6725, _0x1540f8, _0xe35a1a) {
                        return _0x23f77b(_0x2a6725, _0x35e6f7 - 0x115, _0x39922a - 0x301, _0x1540f8 - 0xa, _0xe35a1a - 0x3a);
                    }
                    return _0x1b619c[_0x17c4e9(0x433, 0x577, '\x31\x62\x52\x26', 0x5e7, 0x296)](_0x586361, _0x29bd62, _0x4b98dd);
                }
            };
            function _0x1b2b99(_0x3f4f23, _0x5dcd3f, _0x45c01e, _0x589fe6, _0x45e2a8) {
                return _0x1cef21(_0x5dcd3f - -0x13d, _0x5dcd3f - 0x1b3, _0x45c01e - 0x58, _0x589fe6, _0x45e2a8 - 0xee);
            }
            function _0x4683b2(_0x553e3a, _0x520ccc, _0xb31e4a, _0x498097, _0x3239c3) {
                return _0x4c1a1f(_0x553e3a - 0x388, _0x520ccc - 0xe4, _0xb31e4a, _0x498097 - 0x107, _0x3239c3 - 0x124);
            }
            function _0x2466a4(_0x3e58b6, _0x21c214, _0x2c9556, _0x49bac0, _0x16db0b) {
                return _0x3d641a(_0x2c9556 - -0x415, _0x21c214 - 0x157, _0x2c9556 - 0x162, _0x49bac0 - 0x72, _0x3e58b6);
            }
            function _0x23f77b(_0x54e007, _0x3b2843, _0x446706, _0x189361, _0x76f3cc) {
                return _0x3d641a(_0x446706 - -0x496, _0x3b2843 - 0x1a, _0x446706 - 0x9c, _0x189361 - 0xab, _0x54e007);
            }
            function _0x560847(_0x26b27a, _0x1e5cc0, _0x27381a, _0x5c701e, _0x4dfa5b) {
                return _0x1cef21(_0x5c701e - 0x166, _0x1e5cc0 - 0x14, _0x27381a - 0xed, _0x27381a, _0x4dfa5b - 0x1e7);
            }
            if (_0x1b619c[_0x2466a4('\x78\x63\x78\x75', 0x4ee, 0x329, 0x3c8, 0x3d0)](_0x1b619c[_0x1b2b99(-0x61, -0xee, -0x16b, -0x59, -0x118)], _0x1b619c[_0x1b2b99(-0xbb, 0x11a, 0x1b7, -0x172, -0x185)])) {
                const _0x2b626b = _0x2a5c95 ? function () {
                    function _0x11de56(_0x484caa, _0x3c21c3, _0xf941c0, _0x5bbde9, _0x2359e0) {
                        return _0x560847(_0x484caa - 0x3e, _0x3c21c3 - 0x59, _0x484caa, _0x2359e0 - 0x12f, _0x2359e0 - 0xd4);
                    }
                    function _0x18d310(_0x592c70, _0x4ad6c7, _0x14066a, _0x6d0788, _0x3b877) {
                        return _0x560847(_0x592c70 - 0x94, _0x4ad6c7 - 0x155, _0x3b877, _0x14066a - -0xb5, _0x3b877 - 0xd7);
                    }
                    function _0x1fc29c(_0x998b04, _0x4b9815, _0x250465, _0x21da07, _0x114ccf) {
                        return _0x23f77b(_0x21da07, _0x4b9815 - 0x1f0, _0x4b9815 - 0x241, _0x21da07 - 0x19e, _0x114ccf - 0x1c7);
                    }
                    function _0x23e403(_0x58175e, _0x162ac5, _0x47be00, _0x2caa28, _0xb73572) {
                        return _0x2466a4(_0x47be00, _0x162ac5 - 0x18f, _0xb73572 - 0x3ba, _0x2caa28 - 0x189, _0xb73572 - 0x88);
                    }
                    const _0x17cb20 = {
                        '\x62\x4d\x56\x75\x74': _0x1b619c[_0x18d310(0x26d, 0x275, 0x4c0, 0x4a8, 0x3d5)],
                        '\x6a\x53\x59\x46\x47': function (_0x148096, _0x13ad8d, _0x500bd3) {
                            function _0x116676(_0x4f4752, _0x12534b, _0x33fab5, _0x49a02b, _0x462d8d) {
                                return _0x18d310(_0x4f4752 - 0x2, _0x12534b - 0x1a8, _0x12534b - 0x114, _0x49a02b - 0xcb, _0x4f4752);
                            }
                            return _0x1b619c[_0x116676(0x770, 0x4aa, 0x5dc, 0x727, 0x728)](_0x148096, _0x13ad8d, _0x500bd3);
                        }
                    };
                    function _0x4878a2(_0x4b3c6b, _0x1c121c, _0x74b770, _0x5c6713, _0x4fd4aa) {
                        return _0x560847(_0x4b3c6b - 0xb5, _0x1c121c - 0xe2, _0x5c6713, _0x1c121c - 0xfa, _0x4fd4aa - 0x1af);
                    }
                    function _0x44f3ef(_0x131fd1, _0x135d36, _0x3b89c8, _0x1bc01c, _0x4b431e) {
                        return _0x1b2b99(_0x131fd1 - 0x14c, _0x131fd1 - 0x4b5, _0x3b89c8 - 0xd5, _0x1bc01c, _0x4b431e - 0x165);
                    }
                    function _0x226088(_0x378ac5, _0x11d5e0, _0x584a5f, _0x2a748e, _0x5ef188) {
                        return _0x23f77b(_0x584a5f, _0x11d5e0 - 0x11b, _0x2a748e - 0x4bf, _0x2a748e - 0x1c2, _0x5ef188 - 0x143);
                    }
                    function _0x329bec(_0x1dbfb6, _0x1beccc, _0x1b1a99, _0x9fb0db, _0x5d8577) {
                        return _0x2466a4(_0x9fb0db, _0x1beccc - 0x1a9, _0x1dbfb6 - -0xe5, _0x9fb0db - 0xd, _0x5d8577 - 0x1bc);
                    }
                    function _0x39a88a(_0x53ee31, _0x4f69ff, _0x190a5d, _0x2109f3, _0x2e4dc6) {
                        return _0x1f1703(_0x53ee31 - 0x100, _0x4f69ff - 0x48, _0x53ee31 - 0x498, _0x2109f3, _0x2e4dc6 - 0x53);
                    }
                    function _0x266d79(_0x53df39, _0x536a62, _0x2c0e5a, _0x3eb7d3, _0x8d2853) {
                        return _0x23f77b(_0x536a62, _0x536a62 - 0x9f, _0x53df39 - 0x46, _0x3eb7d3 - 0x19, _0x8d2853 - 0xe8);
                    }
                    if (_0x1b619c[_0x23e403(0x242, 0x450, '\x4a\x7a\x5d\x6d', 0x5a0, 0x3de)](_0x1b619c[_0x226088(0xaaa, 0x9c5, '\x6e\x7a\x39\x6e', 0x83e, 0x7c0)], _0x1b619c[_0x18d310(0x422, 0x15c, 0x32d, 0x2fc, 0x254)])) {
                        if (_0x3e1b11) {
                            if (_0x1b619c[_0x23e403(0x56f, 0x46e, '\x71\x63\x52\x5a', 0x472, 0x3dd)](_0x1b619c[_0x44f3ef(0x4d9, 0x20c, 0x59a, 0x54b, 0x213)], _0x1b619c[_0x329bec(0x332, 0x12b, 0x34d, '\x45\x45\x75\x6a', 0x426)])) {
                                _0x3af216[_0x18d310(0x49f, 0x4ad, 0x2f7, 0x2ea, 0x3df)](_0x41410d, _0x3af216[_0x266d79(-0x4a, '\x57\x5b\x76\x42', -0x310, -0x9a, -0x1b9)]);
                                return;
                            } else {
                                const _0x7dafed = _0x3e1b11[_0x226088(0x9d8, 0x62b, '\x35\x6b\x56\x43', 0x761, 0x4f5)](_0x414206, arguments);
                                return _0x3e1b11 = null, _0x7dafed;
                            }
                        }
                    } else {
                        const _0x221524 = _0x1050c4[_0x11de56(0x805, 0x82b, 0x74c, 0x391, 0x612) + _0x23e403(0x6ec, 0x8c6, '\x73\x4f\x32\x4f', 0x9cf, 0x867) + _0x11de56(0x2b9, 0x565, 0x441, 0x460, 0x3c8)](_0x3af216[_0x4878a2(0x5c0, 0x613, 0x416, 0x5ab, 0x606)]);
                        _0x221524[_0x39a88a(0x681, 0x4f0, 0x8ba, 0x810, 0x4db)][_0x4878a2(0x2ee, 0x325, 0x2b7, 0x144, 0x346) + '\x78\x74'] = _0x11de56(0x505, 0x2e7, 0x618, 0x6f7, 0x56b) + _0x18d310(0x71d, 0x326, 0x55e, 0x501, 0x2b9) + _0x44f3ef(0x701, 0x98d, 0x7aa, 0x736, 0x4a3) + _0x4878a2(0x4b6, 0x773, 0x95f, 0xa40, 0x74c) + _0x39a88a(0x65c, 0x70e, 0x447, 0x637, 0x39b) + _0x18d310(0x402, 0x526, 0x387, 0x47c, 0x30a) + _0x44f3ef(0x8b0, 0x897, 0xb0a, 0x5f7, 0x6ff) + _0x18d310(0x402, 0x25e, 0x22d, 0x251, 0x3c) + _0x1fc29c(0x6c7, 0x44b, 0x663, '\x57\x5b\x76\x42', 0x657) + _0x226088(0x7e0, 0x95a, '\x33\x47\x4c\x21', 0x862, 0x91f) + _0x266d79(0xbf, '\x73\x62\x78\x6f', 0x391, -0x9c, 0x4d) + _0x4878a2(0x57d, 0x4e5, 0x3e9, 0x6de, 0x5e2) + _0x226088(0x562, 0x4b3, '\x63\x69\x61\x36', 0x6ef, 0x6d2) + _0x1fc29c(0x3c1, 0x3dc, 0x226, '\x5a\x78\x44\x25', 0x1c3) + _0x4878a2(0x5b7, 0x338, 0x2f7, 0x3d7, 0x381) + _0x266d79(0x4a6, '\x78\x63\x78\x75', 0x5a0, 0x6f1, 0x529) + _0x4878a2(0x531, 0x3a3, 0x236, 0x463, 0x274) + _0x226088(0x9b2, 0xa79, '\x5a\x79\x28\x69', 0x7a6, 0x5a6) + _0x226088(0x3c1, 0x868, '\x35\x6b\x56\x43', 0x669, 0x5a0) + _0x266d79(0x274, '\x73\x4f\x32\x4f', 0x3f7, 0x2f1, 0x114) + _0x18d310(0x4f2, 0x226, 0x49a, 0x1d3, 0x75d) + _0x329bec(0x277, 0x2c9, 0x145, '\x4a\x7a\x5d\x6d', 0x112) + _0x44f3ef(0x546, 0x2fa, 0x7fd, 0x64a, 0x3c7) + _0x4878a2(0xd2, 0x368, 0x3e0, 0x2c1, 0x5e8) + _0x39a88a(0x5b2, 0x7cb, 0x31c, 0x764, 0x847) + _0x11de56(0x731, 0x5f9, 0x89d, 0x878, 0x5e6) + _0x226088(0x6ea, 0x709, '\x35\x6b\x56\x43', 0x5ea, 0x393) + _0x266d79(0x7a, '\x37\x58\x62\x66', -0x1fb, 0xac, 0xf7) + _0x266d79(0x404, '\x57\x5b\x76\x42', 0x213, 0x506, 0x368) + _0x266d79(0x150, '\x5a\x79\x28\x69', -0x5a, -0x104, 0x126) + _0x39a88a(0x536, 0x2f6, 0x4b3, 0x756, 0x5c2) + _0x11de56(0x75c, 0x504, 0x5a7, 0x899, 0x716) + _0x226088(0x998, 0x654, '\x51\x39\x5b\x45', 0x7f9, 0x5fb) + _0x44f3ef(0x7e6, 0x723, 0x9ec, 0xa22, 0x73f) + _0x18d310(-0xfc, 0x3a1, 0x183, 0x1b1, 0xda) + _0x44f3ef(0x8d4, 0xa5b, 0x9b2, 0x671, 0x659) + _0x226088(0x5fc, 0x64c, '\x46\x39\x77\x64', 0x6ca, 0x468) + _0x11de56(0x852, 0x9b4, 0xa3c, 0xa9d, 0x80b) + _0x39a88a(0x49d, 0x3df, 0x52c, 0x6b7, 0x1ca) + _0x329bec(0x4f, 0x19f, -0x1af, '\x78\x63\x78\x75', -0x176) + _0x1fc29c(0xfd, 0x18d, 0x106, '\x56\x53\x38\x53', 0x95) + _0x266d79(-0xb0, '\x45\x45\x75\x6a', -0x141, -0x1c8, -0x215) + _0x23e403(0x503, 0x38b, '\x45\x45\x75\x6a', 0x62d, 0x4b2) + _0x18d310(0x5e3, 0x82f, 0x5a8, 0x50e, 0x4fd) + _0x1fc29c(0x228, 0x22f, 0x248, '\x33\x47\x4c\x21', 0x15e) + _0x226088(0x563, 0x996, '\x56\x53\x38\x53', 0x76b, 0x88e) + _0x226088(0x76d, 0x5e4, '\x49\x59\x4a\x56', 0x69d, 0x44c) + _0x4878a2(0x39a, 0x2ab, 0x2db, 0x1e2, 0x2a) + _0x11de56(0x9c5, 0x939, 0x7f1, 0x516, 0x782) + _0x23e403(0x985, 0xa2f, '\x6d\x54\x64\x4e', 0x5c0, 0x7b0) + _0x329bec(-0x4, 0xe7, -0x26, '\x69\x69\x69\x25', -0x21) + _0x226088(0x71e, 0x551, '\x33\x4b\x74\x58', 0x4da, 0x66d) + _0x44f3ef(0x700, 0x722, 0x796, 0x5d0, 0x66c) + _0x18d310(0xca, 0x4ee, 0x382, 0x17e, 0x588) + _0x4878a2(0x9a2, 0x6ce, 0x51e, 0x6cb, 0x6c3) + _0x266d79(-0x66, '\x37\x58\x62\x66', -0x105, 0x26b, 0x1b5) + _0x266d79(0x9a, '\x30\x79\x54\x32', 0x317, -0x14d, -0xef) + _0x39a88a(0x5ee, 0x562, 0x49a, 0x763, 0x734) + _0x4878a2(0x16a, 0x293, 0xf3, 0x130, 0x2f8) + _0x329bec(-0x1e, 0xdb, 0x72, '\x56\x53\x38\x53', -0x269) + _0x4878a2(0x773, 0x6ce, 0x541, 0x496, 0x665) + '\x20', _0x221524[_0x1fc29c(0x501, 0x589, 0x32f, '\x64\x71\x4d\x7a', 0x841) + _0x11de56(0x458, 0x67a, 0x3f0, 0x5e8, 0x453) + '\x74'] = _0x3a6cf9, _0x2cabd0[_0x329bec(0x29f, 0x97, 0x2cd, '\x30\x4d\x30\x4b', 0x282)][_0x39a88a(0x605, 0x6d2, 0x73f, 0x3c1, 0x65c) + _0x18d310(0x666, 0x556, 0x40f, 0x461, 0x23b) + '\x64'](_0x221524), _0x3af216[_0x39a88a(0x8bb, 0xb0b, 0xa76, 0xa67, 0x917)](_0x5bf18e, () => {
                            function _0x553364(_0x2c82ef, _0x406ec0, _0x99c194, _0x1ae109, _0x274c23) {
                                return _0x11de56(_0x406ec0, _0x406ec0 - 0x154, _0x99c194 - 0xdc, _0x1ae109 - 0x196, _0x2c82ef - -0x2d4);
                            }
                            function _0x4177f5(_0xd3b152, _0x21fed9, _0xfe9508, _0xaa732, _0x533b4d) {
                                return _0x23e403(_0xd3b152 - 0x17b, _0x21fed9 - 0x18a, _0xfe9508, _0xaa732 - 0x1f0, _0x533b4d - -0x1ab);
                            }
                            _0x221524[_0x18397c(0x205, 0x452, 0x315, '\x73\x4f\x32\x4f', 0x38b)][_0x553364(-0x1a, 0x61, -0x27a, 0x14d, -0x270) + '\x74\x79'] = '\x30';
                            function _0x261c2c(_0x262ad7, _0x587dda, _0x4a3484, _0x12fe62, _0x2428a1) {
                                return _0x226088(_0x262ad7 - 0x178, _0x587dda - 0x156, _0x4a3484, _0x262ad7 - -0x273, _0x2428a1 - 0x1);
                            }
                            function _0x3ffc3e(_0x549418, _0x377fed, _0x41fdd1, _0x19c956, _0x461766) {
                                return _0x266d79(_0x377fed - 0x21, _0x19c956, _0x41fdd1 - 0x6e, _0x19c956 - 0x18b, _0x461766 - 0xd5);
                            }
                            function _0x353884(_0x3fb028, _0x4bfc91, _0x1f4845, _0x3b6131, _0x55ce7e) {
                                return _0x18d310(_0x3fb028 - 0x136, _0x4bfc91 - 0xd7, _0x55ce7e - -0x2fc, _0x3b6131 - 0x122, _0x3b6131);
                            }
                            function _0x18397c(_0x36b1ef, _0x23ddad, _0x1ffa77, _0x5d46fe, _0x20a668) {
                                return _0x329bec(_0x1ffa77 - 0xd3, _0x23ddad - 0x84, _0x1ffa77 - 0x1ef, _0x5d46fe, _0x20a668 - 0xaa);
                            }
                            _0x221524[_0x18397c(-0x7, -0xa3, 0x1f7, '\x23\x4a\x43\x36', 0x153)][_0x273c2e(-0x97, -0x17, 0x20, -0x26f, -0x38) + _0x353884(0xb6, 0x1b2, -0x9a, 0x1cf, 0x79)] = _0x17cb20[_0x4177f5(-0x3c, 0x153, '\x45\x45\x75\x6a', 0x3c5, 0x1cc)];
                            function _0x273c2e(_0x2ef33e, _0x5610e7, _0x4e6603, _0x4a0a85, _0x585037) {
                                return _0x18d310(_0x2ef33e - 0x1c3, _0x5610e7 - 0x17e, _0x5610e7 - -0x1d6, _0x4a0a85 - 0x170, _0x585037);
                            }
                            _0x17cb20[_0x4177f5(0x1ae, 0x21a, '\x51\x39\x5b\x45', 0x267, 0x1dd)](_0x3c49e1, () => {
                                function _0x50dbe8(_0x11267b, _0x1e481d, _0x348d84, _0x367326, _0x2b1ee7) {
                                    return _0x261c2c(_0x348d84 - 0x1aa, _0x1e481d - 0xe4, _0x2b1ee7, _0x367326 - 0xa0, _0x2b1ee7 - 0x3);
                                }
                                function _0x27949a(_0x25d272, _0x30ea25, _0x34dc46, _0x4a6f8c, _0xa6c392) {
                                    return _0x353884(_0x25d272 - 0xac, _0x30ea25 - 0x1da, _0x34dc46 - 0x1ab, _0x25d272, _0x30ea25 - 0x2e9);
                                }
                                function _0x485af0(_0x48d5b1, _0x2fe3ae, _0x31c458, _0x5aea8b, _0xacb373) {
                                    return _0x273c2e(_0x48d5b1 - 0x55, _0x48d5b1 - -0x20, _0x31c458 - 0x16d, _0x5aea8b - 0xf7, _0x5aea8b);
                                }
                                _0x2a8f4c[_0x485af0(0x419, 0x629, 0x3bb, 0x150, 0x60c)][_0x27949a(0x11c, 0x1b4, 0x10d, -0x9b, 0x470) + _0x50dbe8(0x49d, 0x4b0, 0x6bb, 0x762, '\x47\x56\x68\x55') + '\x64'](_0x221524);
                            }, 0x5 * -0x7cf + 0x1160 + -0x79d * -0x3);
                        }, -0x2 * 0x1bc + -0x1b2e + 0x2676);
                    }
                } : function () {
                };
                return _0x2a5c95 = ![], _0x2b626b;
            } else
                _0x1132d1[_0x560847(0x33e, 0x225, 0x72, 0x17d, 0x1dc)]();
        };
    }()), _0x209f9d = _0x2d889a(this, function () {
        const _0xd481df = {
                '\x5a\x4f\x62\x4e\x50': function (_0x2ccea2, _0x539eac, _0x21f4f6) {
                    return _0x2ccea2(_0x539eac, _0x21f4f6);
                },
                '\x4f\x48\x45\x72\x46': _0x4a42ae(0x61a, 0x7b6, 0x589, 0x9ea, 0xa13) + '\x65',
                '\x4a\x58\x76\x76\x6c': _0x29b203(0x155, 0x174, 0x140, 0x222, 0x12a) + _0x453b9(0x5aa, 0x386, 0xfa, 0x674, 0x3cd) + _0x352d60(0x7f3, 0x675, 0x8c4, 0x692, '\x30\x30\x42\x42') + '\x29',
                '\x51\x59\x78\x6f\x69': _0x29b203(0x148, 0x407, 0x3b2, 0x2f2, 0x5ae) + _0x33e3ef(0xa06, 0xa32, 0x731, 0x6b0, 0x768) + _0x437fff('\x78\x5a\x73\x58', 0x1cb, -0x95, 0x89, 0x3c9) + _0x352d60(0x580, 0x82a, 0x849, 0x958, '\x78\x5a\x73\x58') + _0x29b203(0xce, -0x50, 0x24c, 0x4c6, 0x484) + _0x33e3ef(0xadd, 0xb01, 0x6dd, 0xbf8, 0x927) + _0x14cfbb(0x1df, 0x162, '\x30\x79\x54\x32', -0x72, 0x23b),
                '\x6a\x48\x69\x4f\x6e': function (_0x596c71, _0x1945d9) {
                    return _0x596c71(_0x1945d9);
                },
                '\x41\x55\x4a\x70\x68': _0x29b203(0x2c2, 0x37f, 0x263, 0xea, 0x49b),
                '\x44\x45\x48\x49\x46': function (_0x36a996, _0x23244e) {
                    return _0x36a996 + _0x23244e;
                },
                '\x6a\x4b\x4a\x4a\x6a': _0x231c64(0x825, 0x90d, 0x809, 0x8aa, 0x9ff),
                '\x67\x44\x42\x74\x5a': _0x29b203(0x214, 0x3b, 0x119, 0x22c, 0x149),
                '\x79\x62\x53\x5a\x64': function (_0x1031b1, _0x144a8d) {
                    return _0x1031b1(_0x144a8d);
                },
                '\x63\x57\x4a\x55\x4e': function (_0x5e89ff) {
                    return _0x5e89ff();
                },
                '\x46\x59\x6f\x4f\x48': function (_0x3a7b0e, _0x3a9795) {
                    return _0x3a7b0e !== _0x3a9795;
                },
                '\x69\x52\x51\x53\x78': _0x1ff2a6(0x18b, 0x288, '\x32\x47\x67\x76', 0x41e, 0x305),
                '\x75\x66\x67\x6f\x57': _0x453b9(0x3d3, 0x4ff, 0x435, 0x574, 0x408),
                '\x77\x41\x65\x63\x69': _0x231c64(0x539, 0x839, 0x69c, 0x94b, 0x653) + _0x1ff2a6(0x22a, 0x2cf, '\x26\x5a\x4c\x5a', 0x59b, 0x413) + _0x14cfbb(-0x54, 0x2a0, '\x5a\x78\x44\x25', -0x35, 0x281) + _0x29b203(0xe0, 0x1d2, 0x2be, 0x383, 0x4c8),
                '\x65\x74\x5a\x71\x57': _0x14cfbb(0x522, 0xcd, '\x78\x5a\x73\x58', 0x306, 0x4ec) + _0x1ff2a6(0x616, 0x748, '\x64\x71\x4d\x7a', 0x7cf, 0x535) + _0x14cfbb(0x120, 0x255, '\x78\x5a\x73\x58', 0x6c, 0x26e) + _0x437fff('\x45\x45\x75\x6a', 0x35c, 0x4bd, 0x4d4, 0x472) + _0x437fff('\x62\x36\x4d\x5a', 0x13b, 0x3fd, 0x281, 0x408) + _0x231c64(0x718, 0x5ac, 0x71d, 0x67b, 0x757) + '\x20\x29',
                '\x41\x71\x58\x61\x76': _0x29b203(0x5f4, 0x50e, 0x422, 0x19a, 0x527),
                '\x74\x56\x4a\x70\x4d': _0x352d60(0x4df, 0x744, 0x565, 0x724, '\x33\x4b\x74\x58'),
                '\x6c\x78\x4f\x58\x73': _0x453b9(0x329, 0x4b8, 0x33e, 0x264, 0x43f),
                '\x52\x5a\x70\x56\x66': _0x29b203(0x65e, 0x4c4, 0x54a, 0x7fc, 0x6e7),
                '\x4c\x4a\x61\x73\x59': _0x4a42ae(0xb01, 0x89d, 0xa13, 0x8e8, 0xab0),
                '\x62\x4b\x5a\x77\x76': _0x1ff2a6(0x1fd, -0xc4, '\x59\x40\x61\x51', -0xf7, 0x143) + _0x1a3ddb('\x57\x5b\x76\x42', -0x6f, -0x27f, -0x1e5, -0x3f3),
                '\x6d\x67\x56\x65\x47': _0x29b203(0x229, 0x507, 0x2ab, -0x23, 0x46),
                '\x52\x65\x6f\x70\x59': _0x231c64(0x92f, 0x3f9, 0x6cc, 0x97a, 0x6ef),
                '\x78\x66\x61\x69\x70': function (_0x2aec7f, _0x4e7863) {
                    return _0x2aec7f < _0x4e7863;
                }
            }, _0x4bee4c = function () {
                function _0x520e60(_0x5b13ae, _0x25f6e, _0x300637, _0x442c7e, _0x448d89) {
                    return _0x231c64(_0x300637, _0x25f6e - 0x97, _0x25f6e - -0x5dc, _0x442c7e - 0x17, _0x448d89 - 0xe6);
                }
                function _0x74dcc9(_0x494b97, _0x4138f4, _0x5c2ee5, _0x56ff10, _0x2d6322) {
                    return _0x33e3ef(_0x494b97 - 0x9b, _0x2d6322, _0x5c2ee5 - 0x14f, _0x56ff10 - 0x112, _0x56ff10 - 0x4e);
                }
                function _0x1dbb74(_0x3a86f3, _0x4b8f50, _0x4c9066, _0x43d5fb, _0x823f8) {
                    return _0x231c64(_0x3a86f3, _0x4b8f50 - 0x1b3, _0x43d5fb - -0x1c9, _0x43d5fb - 0x1af, _0x823f8 - 0x15);
                }
                function _0x13bcfe(_0x5d3982, _0x5f127e, _0x2dc504, _0x27d999, _0x49c322) {
                    return _0x14cfbb(_0x5d3982 - 0x13b, _0x5f127e - 0x7, _0x5d3982, _0x5f127e - 0x36f, _0x49c322 - 0x1b2);
                }
                const _0xc85eb3 = {
                    '\x6b\x51\x62\x72\x56': _0xd481df[_0x520e60(-0x2b0, -0x11c, -0x358, -0x193, -0x45)],
                    '\x53\x57\x47\x45\x76': _0xd481df[_0x520e60(-0xbf, 0x20b, 0x3b, 0x20b, 0x3cc)],
                    '\x62\x79\x4b\x47\x57': function (_0x58788f, _0x3e2674) {
                        function _0x4b2f5a(_0x2118d7, _0x432670, _0x54d45e, _0x2489f6, _0x47dcef) {
                            return _0x5c4b(_0x2118d7 - -0x180, _0x54d45e);
                        }
                        return _0xd481df[_0x4b2f5a(0x85, 0x14, '\x33\x4b\x74\x58', 0x34b, 0x80)](_0x58788f, _0x3e2674);
                    },
                    '\x5a\x75\x68\x62\x49': _0xd481df[_0x13bcfe('\x2a\x30\x31\x74', 0x7cb, 0xa00, 0xa0d, 0x6cb)],
                    '\x4e\x4c\x73\x69\x75': function (_0x453132, _0x4e9a67) {
                        function _0x1adb16(_0x423b2e, _0x241568, _0x17538f, _0x2d3f72, _0x25659b) {
                            return _0x520e60(_0x423b2e - 0x1b6, _0x423b2e - 0x2ba, _0x25659b, _0x2d3f72 - 0xee, _0x25659b - 0x1b4);
                        }
                        return _0xd481df[_0x1adb16(0x517, 0x3f8, 0x4aa, 0x7b6, 0x2a6)](_0x453132, _0x4e9a67);
                    },
                    '\x58\x4a\x4f\x73\x54': _0xd481df[_0x520e60(0x80, 0x115, 0x113, -0x192, 0x361)],
                    '\x46\x51\x77\x4f\x42': function (_0xd64d2f, _0x2c5aca) {
                        function _0x5e7ba0(_0x5cabea, _0x376b10, _0x5ae6e5, _0x25119e, _0x15d17b) {
                            return _0x3848ec(_0x5cabea - 0xf9, _0x25119e, _0x5ae6e5 - 0x1b, _0x25119e - 0x1b, _0x376b10 - -0x1e3);
                        }
                        return _0xd481df[_0x5e7ba0(0x745, 0x563, 0x53d, 0x35c, 0x508)](_0xd64d2f, _0x2c5aca);
                    },
                    '\x68\x62\x44\x4a\x59': _0xd481df[_0x13bcfe('\x30\x30\x42\x42', 0x7a1, 0x93d, 0x628, 0x84e)],
                    '\x4f\x44\x77\x56\x64': function (_0x5c7f79, _0x4409f2) {
                        function _0x543773(_0xa9ba3a, _0x243bd3, _0x317039, _0x5cba24, _0xd7d28f) {
                            return _0x211aab(_0xa9ba3a - 0x30, _0x243bd3 - 0x16a, _0x5cba24 - 0x1ed, _0x5cba24 - 0x18b, _0xa9ba3a);
                        }
                        return _0xd481df[_0x543773('\x45\x45\x75\x6a', 0x7a, 0xbd, 0x87, 0x32)](_0x5c7f79, _0x4409f2);
                    },
                    '\x5a\x46\x73\x49\x75': function (_0x246452) {
                        function _0x1eeb12(_0xbd33a2, _0x37deed, _0x4b8984, _0x40ecee, _0x3b1960) {
                            return _0x520e60(_0xbd33a2 - 0x19f, _0x4b8984 - 0x287, _0x37deed, _0x40ecee - 0x4e, _0x3b1960 - 0x69);
                        }
                        return _0xd481df[_0x1eeb12(0x408, 0x439, 0x27c, 0xc1, 0x418)](_0x246452);
                    }
                };
                function _0x1f7e5a(_0x2fb8fd, _0x402da1, _0x583e14, _0x2301ed, _0x5aee38) {
                    return _0x1a3ddb(_0x5aee38, _0x402da1 - 0x148, _0x2fb8fd - 0x649, _0x2301ed - 0x1dc, _0x5aee38 - 0xfe);
                }
                function _0x211aab(_0x365428, _0x354deb, _0x1ece13, _0x179e60, _0x46614b) {
                    return _0x352d60(_0x365428 - 0x75, _0x354deb - 0xf9, _0x1ece13 - -0x633, _0x179e60 - 0x9a, _0x46614b);
                }
                function _0x3848ec(_0x15fbcb, _0x218057, _0x28b323, _0x2ed95e, _0xe22986) {
                    return _0x33e3ef(_0x15fbcb - 0x31, _0x218057, _0x28b323 - 0x186, _0x2ed95e - 0x1dd, _0xe22986 - -0x1d4);
                }
                function _0x584363(_0x2abb8a, _0x1d1aa1, _0x4aecf3, _0x29bf26, _0x524118) {
                    return _0x453b9(_0x29bf26, _0x1d1aa1 - 0x41, _0x4aecf3 - 0x1a2, _0x29bf26 - 0x1f1, _0x524118 - -0x41a);
                }
                function _0x5d3c84(_0x5a3c2a, _0x554069, _0xbd4178, _0x580bc4, _0x3493f7) {
                    return _0x1a3ddb(_0x5a3c2a, _0x554069 - 0xce, _0x554069 - 0x5b8, _0x580bc4 - 0x51, _0x3493f7 - 0xa7);
                }
                function _0x5de18a(_0x58b6bc, _0x332662, _0x15fad6, _0x4979ec, _0x317c3b) {
                    return _0x1a3ddb(_0x317c3b, _0x332662 - 0xea, _0x332662 - 0x5ce, _0x4979ec - 0x1be, _0x317c3b - 0x95);
                }
                if (_0xd481df[_0x5d3c84('\x5a\x78\x44\x25', 0x6ac, 0x6d3, 0x557, 0x6b5)](_0xd481df[_0x5d3c84('\x59\x40\x61\x51', 0x82f, 0x99a, 0x567, 0xad5)], _0xd481df[_0x74dcc9(0x92b, 0x8e3, 0xa98, 0x8ef, 0x808)])) {
                    let _0x48524e;
                    try {
                        _0x48524e = _0xd481df[_0x3848ec(0x722, 0x4df, 0x6ab, 0x661, 0x5c4)](Function, _0xd481df[_0x520e60(0x469, 0x25d, -0x58, 0x257, 0x298)](_0xd481df[_0x74dcc9(0x6d9, 0x9ee, 0x789, 0x968, 0xab3)](_0xd481df[_0x1dbb74(0x6da, 0x773, 0x648, 0x56c, 0x576)], _0xd481df[_0x5d3c84('\x33\x4b\x74\x58', 0x697, 0x6e5, 0x8d4, 0x73e)]), '\x29\x3b'))();
                    } catch (_0x21d69a) {
                        _0xd481df[_0x211aab(-0x247, -0x25a, -0x194, -0x13e, '\x71\x63\x52\x5a')](_0xd481df[_0x5d3c84('\x5a\x78\x44\x25', 0x64e, 0x70c, 0x8b8, 0x691)], _0xd481df[_0x520e60(0x2c8, 0x148, 0x2b2, -0x39, 0x204)]) ? _0xd481df[_0x520e60(0x2fc, 0x230, 0x454, 0x24d, 0x25d)](_0x598c20, this, function () {
                            function _0x524e32(_0x20d36b, _0x35e79a, _0x73cae0, _0x5eda83, _0x227c5f) {
                                return _0x211aab(_0x20d36b - 0x103, _0x35e79a - 0x9, _0x35e79a - 0x4b0, _0x5eda83 - 0xb6, _0x5eda83);
                            }
                            const _0x4a13ff = new _0x292f69(_0xc85eb3[_0x29d7f8(0x40a, 0x220, 0x3c1, 0x4ab, '\x77\x32\x25\x56')]);
                            function _0x2ab8b5(_0xd69dff, _0x344cc0, _0x2c3e83, _0x273815, _0x44ecf6) {
                                return _0x5d3c84(_0x44ecf6, _0x344cc0 - -0x447, _0x2c3e83 - 0x9b, _0x273815 - 0x105, _0x44ecf6 - 0xf8);
                            }
                            function _0x4c0508(_0x28c18c, _0x3f0c79, _0x2cc226, _0x94b9d5, _0x46234d) {
                                return _0x520e60(_0x28c18c - 0xb7, _0x2cc226 - 0x5d8, _0x28c18c, _0x94b9d5 - 0x1e0, _0x46234d - 0x5a);
                            }
                            function _0x4f0850(_0x4d981b, _0x215903, _0x503bd3, _0x300061, _0xca2d1f) {
                                return _0x3848ec(_0x4d981b - 0x9f, _0xca2d1f, _0x503bd3 - 0xc, _0x300061 - 0x109, _0x215903 - -0x13c);
                            }
                            const _0x264797 = new _0x82c548(_0xc85eb3[_0x524e32(0x409, 0x239, 0x25a, '\x78\x5a\x73\x58', 0x2bc)], '\x69'), _0x5cd90d = _0xc85eb3[_0x29d7f8(0x472, 0x3e1, 0x4b7, 0x1e6, '\x33\x47\x4c\x21')](_0x56b0f7, _0xc85eb3[_0x524e32(0x584, 0x603, 0x786, '\x32\x47\x67\x76', 0x478)]);
                            function _0x1a4ec8(_0x169538, _0x50d69d, _0x2f63ff, _0x5cdca4, _0x203e24) {
                                return _0x13bcfe(_0x5cdca4, _0x50d69d - -0x5b7, _0x2f63ff - 0x6c, _0x5cdca4 - 0x85, _0x203e24 - 0x52);
                            }
                            function _0x43ac3c(_0xc07daa, _0x11533b, _0x43a50a, _0x47b013, _0x312771) {
                                return _0x3848ec(_0xc07daa - 0x112, _0xc07daa, _0x43a50a - 0x125, _0x47b013 - 0x121, _0x43a50a - -0x266);
                            }
                            function _0x1c5f8b(_0x2675ef, _0x45b7b6, _0x160abb, _0x3b5636, _0x106a34) {
                                return _0x1dbb74(_0x3b5636, _0x45b7b6 - 0xf5, _0x160abb - 0x53, _0x106a34 - -0x343, _0x106a34 - 0x11a);
                            }
                            function _0x1e9f02(_0x4371bf, _0x2c8e45, _0x2c55d9, _0x139d66, _0x1208e3) {
                                return _0x13bcfe(_0x139d66, _0x1208e3 - -0x2e4, _0x2c55d9 - 0x60, _0x139d66 - 0x11f, _0x1208e3 - 0xe6);
                            }
                            function _0x29d7f8(_0x532b12, _0x362c7c, _0x2eb845, _0x11c200, _0x4b6028) {
                                return _0x1f7e5a(_0x2eb845 - -0x222, _0x362c7c - 0x16a, _0x2eb845 - 0xbc, _0x11c200 - 0x112, _0x4b6028);
                            }
                            function _0x5c70ce(_0x1e8533, _0x5c92c7, _0x388646, _0x5baab7, _0x1fed9e) {
                                return _0x584363(_0x1e8533 - 0x2b, _0x5c92c7 - 0x11e, _0x388646 - 0x163, _0x1e8533, _0x388646 - -0xe6);
                            }
                            !_0x4a13ff[_0x2ab8b5(0x19c, -0x107, 0x14, 0x47, '\x56\x53\x38\x53')](_0xc85eb3[_0x1a4ec8(0x98, 0x75, 0x2ab, '\x30\x30\x42\x42', -0x5a)](_0x5cd90d, _0xc85eb3[_0x4c0508(0x2a1, 0x7ef, 0x567, 0x57c, 0x5a4)])) || !_0x264797[_0x4f0850(0x3ea, 0x5d3, 0x52e, 0x548, 0x58c)](_0xc85eb3[_0x1e9f02(0x680, 0x2cb, 0x684, '\x30\x79\x54\x32', 0x587)](_0x5cd90d, _0xc85eb3[_0x4f0850(0x102, 0x228, 0x286, 0x14d, 0x133)])) ? _0xc85eb3[_0x4c0508(0x5ee, 0x7f0, 0x815, 0x895, 0x9e8)](_0x5cd90d, '\x30') : _0xc85eb3[_0x1c5f8b(0x2a, 0x14c, -0x9e, 0xe9, 0x106)](_0x2d6d2e);
                        })() : _0x48524e = window;
                    }
                    return _0x48524e;
                } else
                    _0x2b7235[_0x520e60(-0x433, -0x165, -0x30e, -0xd9, -0x31b) + _0x1dbb74(0x6ed, 0x555, 0x293, 0x47b, 0x6c4)][_0x5de18a(0x5f9, 0x80a, 0x719, 0x7c6, '\x63\x69\x61\x36') + '\x65'](_0xd481df[_0x1f7e5a(0x3ec, 0x5f1, 0x2f6, 0x23a, '\x78\x5a\x73\x58')]);
            };
        function _0x231c64(_0x14051e, _0x55f6e9, _0x332004, _0x33bdf9, _0x556d2a) {
            return _0x59f5(_0x332004 - 0x273, _0x14051e);
        }
        const _0x283a76 = _0xd481df[_0x352d60(0x1f1, 0x483, 0x3ad, 0x62b, '\x6e\x7a\x39\x6e')](_0x4bee4c);
        function _0x437fff(_0x2b5df2, _0x6244de, _0x4fa3a9, _0x205943, _0x282cbb) {
            return _0x5c4b(_0x6244de - -0x157, _0x2b5df2);
        }
        function _0x1ff2a6(_0x462267, _0x2c1bef, _0x1617c7, _0x435432, _0x406b78) {
            return _0x5c4b(_0x406b78 - 0x6, _0x1617c7);
        }
        function _0x33e3ef(_0x1f3fe3, _0x479066, _0x4fe44e, _0x10a0c0, _0xaf686e) {
            return _0x59f5(_0xaf686e - 0x354, _0x479066);
        }
        function _0x4a42ae(_0x498ae8, _0x4f20a1, _0x43b53, _0xa7bf6e, _0x30e9df) {
            return _0x59f5(_0x4f20a1 - 0x311, _0xa7bf6e);
        }
        const _0x225ab4 = _0x283a76[_0x29b203(0x5e0, 0x2f0, 0x346, 0x1f5, 0x401) + '\x6c\x65'] = _0x283a76[_0x14cfbb(0x340, 0x1a, '\x4a\x7a\x5d\x6d', 0x2b1, 0x213) + '\x6c\x65'] || {}, _0x53d500 = [
                _0xd481df[_0x1a3ddb('\x46\x39\x77\x64', -0x148, -0x1bc, -0x334, -0x35d)],
                _0xd481df[_0x14cfbb(0xa3, 0x3, '\x26\x5a\x4c\x5a', 0x15, -0x2b9)],
                _0xd481df[_0x1a3ddb('\x30\x4d\x30\x4b', 0x1d8, 0xb6, -0xd2, 0x311)],
                _0xd481df[_0x29b203(-0x1b, 0x69, 0xa0, -0x131, 0x10b)],
                _0xd481df[_0x29b203(0x319, 0x509, 0x27f, 0x9f, 0x218)],
                _0xd481df[_0x1ff2a6(0x622, 0x332, '\x5a\x79\x28\x69', 0x614, 0x3d5)],
                _0xd481df[_0x29b203(0x2e4, -0x19e, 0x70, 0x21e, -0x12c)]
            ];
        function _0x14cfbb(_0x18a8e1, _0x29e6b5, _0x2d0267, _0x9f4735, _0x17d795) {
            return _0x5c4b(_0x9f4735 - -0x152, _0x2d0267);
        }
        function _0x1a3ddb(_0x4492aa, _0x290e12, _0x22324d, _0x29a7cb, _0x366901) {
            return _0x5c4b(_0x22324d - -0x3e1, _0x4492aa);
        }
        function _0x453b9(_0x1f8b54, _0x4f7ee7, _0xccb34e, _0x85ed0d, _0x286f69) {
            return _0x59f5(_0x286f69 - 0x2b2, _0x1f8b54);
        }
        function _0x352d60(_0x2cc5a5, _0x13fd97, _0x43ec4a, _0x114a83, _0x2b7d52) {
            return _0x5c4b(_0x43ec4a - 0x26a, _0x2b7d52);
        }
        function _0x29b203(_0x515a97, _0x284f1d, _0x814786, _0x5a13d2, _0x3c569a) {
            return _0x59f5(_0x814786 - -0xb7, _0x284f1d);
        }
        for (let _0x2a2aea = -0x1e21 + -0x31 * 0xb5 + 0x40c6; _0xd481df[_0x14cfbb(0x44f, 0x500, '\x73\x4f\x32\x4f', 0x37e, 0x3ff)](_0x2a2aea, _0x53d500[_0x352d60(0x3ea, 0x5a5, 0x354, 0xbc, '\x5a\x78\x44\x25') + '\x68']); _0x2a2aea++) {
            const _0x576387 = _0x2d889a[_0x453b9(0x33f, 0x460, 0x4e1, 0x62e, 0x46e) + _0x33e3ef(0x4db, 0x855, 0x7b8, 0x804, 0x6e6) + '\x72'][_0x231c64(0x52e, 0x853, 0x622, 0x449, 0x766) + _0x437fff('\x67\x4f\x42\x23', 0x500, 0x3f8, 0x5b5, 0x6bc)][_0x33e3ef(0x667, 0xb30, 0x7fa, 0x9b3, 0x8ef)](_0x2d889a), _0x68b1f1 = _0x53d500[_0x2a2aea], _0x352bb2 = _0x225ab4[_0x68b1f1] || _0x576387;
            _0x576387[_0x437fff('\x78\x63\x78\x75', 0x446, 0x3d9, 0x548, 0x6d8) + _0x352d60(0x6bb, 0x7b6, 0x80f, 0x67b, '\x46\x39\x77\x64')] = _0x2d889a[_0x29b203(0x5cd, 0x34c, 0x4e4, 0x540, 0x267)](_0x2d889a), _0x576387[_0x231c64(0x80b, 0x4ab, 0x66d, 0x4d2, 0x70b) + _0x4a42ae(0xa13, 0x76d, 0x848, 0x840, 0x565)] = _0x352bb2[_0x352d60(0x5b6, 0x432, 0x5e9, 0x534, '\x23\x6f\x67\x75') + _0x352d60(0x704, 0x268, 0x470, 0x24a, '\x64\x71\x4d\x7a')][_0x453b9(0x5b6, 0x8b7, 0xa7b, 0x7a9, 0x84d)](_0x352bb2), _0x225ab4[_0x68b1f1] = _0x576387;
        }
    });
_0x209f9d();
let canvas, currentImage = null, hatObjects = [], hatImages = [], customHatImages = [], selectedHatIndex = -0x529 + -0x1 * 0x17e1 + 0x1d0a;
function _0x59f5(_0x32a892, _0x1475e7) {
    _0x32a892 = _0x32a892 - (-0x14 * -0xe4 + 0x5a5 + 0x78d * -0x3);
    const _0x32dcaf = _0x3322();
    let _0x592c33 = _0x32dcaf[_0x32a892];
    if (_0x59f5['\x51\x74\x4c\x51\x43\x4b'] === undefined) {
        var _0x584823 = function (_0x5217e0) {
            const _0x41cf35 = '\x61\x62\x63\x64\x65\x66\x67\x68\x69\x6a\x6b\x6c\x6d\x6e\x6f\x70\x71\x72\x73\x74\x75\x76\x77\x78\x79\x7a\x41\x42\x43\x44\x45\x46\x47\x48\x49\x4a\x4b\x4c\x4d\x4e\x4f\x50\x51\x52\x53\x54\x55\x56\x57\x58\x59\x5a\x30\x31\x32\x33\x34\x35\x36\x37\x38\x39\x2b\x2f\x3d';
            let _0x3e3bf2 = '', _0x407d3f = '';
            for (let _0x112265 = 0x61a + -0x1b49 + 0x152f * 0x1, _0x85d4e4, _0x1351d1, _0x4399be = -0xe33 + 0x11a3 + -0x370; _0x1351d1 = _0x5217e0['\x63\x68\x61\x72\x41\x74'](_0x4399be++); ~_0x1351d1 && (_0x85d4e4 = _0x112265 % (-0x12f * -0xc + 0x2aa * 0xd + -0x30d2) ? _0x85d4e4 * (0x106d + -0x18c5 + 0x898) + _0x1351d1 : _0x1351d1, _0x112265++ % (-0x1 * -0x1bd + 0x1b84 + 0x5d9 * -0x5)) ? _0x3e3bf2 += String['\x66\x72\x6f\x6d\x43\x68\x61\x72\x43\x6f\x64\x65'](0x132a + 0x4e * 0x30 + -0x20cb & _0x85d4e4 >> (-(-0x732 + -0x3 * -0x93b + -0x147d) * _0x112265 & -0x8 * 0x26b + -0x798 * 0x2 + 0x228e)) : 0x2 * -0x5e3 + -0x1bc1 + 0x3 * 0xd2d) {
                _0x1351d1 = _0x41cf35['\x69\x6e\x64\x65\x78\x4f\x66'](_0x1351d1);
            }
            for (let _0x5036fc = -0x35 * -0x83 + -0x9d + -0x1a82, _0x2e1b17 = _0x3e3bf2['\x6c\x65\x6e\x67\x74\x68']; _0x5036fc < _0x2e1b17; _0x5036fc++) {
                _0x407d3f += '\x25' + ('\x30\x30' + _0x3e3bf2['\x63\x68\x61\x72\x43\x6f\x64\x65\x41\x74'](_0x5036fc)['\x74\x6f\x53\x74\x72\x69\x6e\x67'](-0xe5 * 0xb + 0xeba * 0x2 + -0x7 * 0x2cb))['\x73\x6c\x69\x63\x65'](-(-0x2060 + 0x1ff5 + -0x6d * -0x1));
            }
            return decodeURIComponent(_0x407d3f);
        };
        _0x59f5['\x54\x65\x58\x69\x51\x4f'] = _0x584823, _0x59f5['\x72\x77\x6c\x48\x6b\x52'] = {}, _0x59f5['\x51\x74\x4c\x51\x43\x4b'] = !![];
    }
    const _0x19495f = _0x32dcaf[0x11ed + 0x9b * 0x3b + 0x1 * -0x35a6], _0x415a52 = _0x32a892 + _0x19495f, _0x46da05 = _0x59f5['\x72\x77\x6c\x48\x6b\x52'][_0x415a52];
    return !_0x46da05 ? (_0x592c33 = _0x59f5['\x54\x65\x58\x69\x51\x4f'](_0x592c33), _0x59f5['\x72\x77\x6c\x48\x6b\x52'][_0x415a52] = _0x592c33) : _0x592c33 = _0x46da05, _0x592c33;
}
function _0x5ff5bb(_0x19e0d5, _0x4dd773, _0xcc8c1a, _0x94781, _0x522c35) {
    return _0x5c4b(_0x94781 - -0x309, _0xcc8c1a);
}
const isMobile = /Android|webOS|iPhone|iPad|iPod|BlackBerry|IEMobile|Opera Mini/i[_0x171a52(0x275, '\x73\x4f\x32\x4f', 0x28a, 0x1f9, 0x2d3)](navigator[_0x501b6e(0x40, 0x283, '\x5d\x77\x72\x78', 0x2c3, 0x462) + _0x5a40d5(0x95, 0x2aa, 0x338, 0x575, 0x4fc)]), isIOS = /iPad|iPhone|iPod/[_0xfe7fa6(0x296, 0x73, 0x32f, 0x1ef, 0x215)](navigator[_0xfe7fa6(0x87, -0x195, -0xc8, -0x206, -0x1b1) + _0x28a984(0x21, 0x32d, 0x1e2, -0xc2, 0x24)]);
function getMaxCanvasSize() {
    const _0x51175b = {};
    _0x51175b[_0x5cf4fd(0x4f, 0x101, '\x30\x30\x42\x42', -0x18d, 0x30d)] = function (_0x3f819d, _0x4787d4) {
        return _0x3f819d - _0x4787d4;
    };
    function _0xc578d7(_0xdb7f6, _0x2c99bf, _0x34f0e1, _0x2952ae, _0x2cdfca) {
        return _0x501b6e(_0xdb7f6 - 0x109, _0xdb7f6 - 0x4e, _0x2cdfca, _0x2952ae - 0x1f4, _0x2cdfca - 0x75);
    }
    _0x51175b[_0x5cf4fd(0x182, 0x8e, '\x6e\x7a\x39\x6e', 0xdf, -0x76)] = function (_0x46fe47, _0x2ba71a) {
        return _0x46fe47 * _0x2ba71a;
    };
    const _0x3d59b8 = _0x51175b;
    function _0x579864(_0xa34bc3, _0x4955dc, _0x2627b9, _0x48bd71, _0x18066f) {
        return _0xfe7fa6(_0x4955dc - 0x639, _0x4955dc - 0x162, _0x2627b9 - 0x161, _0x48bd71, _0x18066f - 0x111);
    }
    function _0xa6d82f(_0x100ee3, _0x485246, _0x1a824f, _0x129906, _0x14dfba) {
        return _0xfe7fa6(_0x485246 - 0x88, _0x485246 - 0xb0, _0x1a824f - 0x10b, _0x100ee3, _0x14dfba - 0x84);
    }
    function _0x5d9725(_0x409121, _0x4957a7, _0x2f575a, _0x3926ac, _0x1fdfc5) {
        return _0x171a52(_0x409121 - 0x24, _0x2f575a, _0x2f575a - 0xb5, _0x4957a7 - -0xbf, _0x1fdfc5 - 0x1ea);
    }
    function _0x2c990b(_0x48c938, _0x57a3c6, _0x5b1e4f, _0x7029b3, _0x361d67) {
        return _0x28a984(_0x48c938, _0x57a3c6 - 0x5d, _0x5b1e4f - -0x13c, _0x7029b3 - 0x24, _0x361d67 - 0xe0);
    }
    if (isMobile) {
        const _0x2014b8 = _0x3d59b8[_0x41c378('\x35\x6b\x56\x43', 0x39c, 0x1e2, 0x287, 0x314)](window[_0x554f33(0x8bd, 0x70a, 0x524, 0x6ae, 0x6de) + _0x554f33(0x76f, 0xa0a, 0x7e7, 0x9b5, 0xbcd)], 0x23f + -0x989 + 0x772), _0x2d000b = _0x3d59b8[_0x5d9725(-0x160, -0x11a, '\x62\x23\x34\x51', 0x17d, -0xff)](window[_0x2c990b(-0x1dc, -0x2c, 0x24, -0x65, 0x1c0) + _0x5d9725(0xa9, 0xcd, '\x51\x23\x5e\x75', 0x1e1, 0x187) + '\x74'], -0x5d4 + 0x2 * -0x185 + 0x8de + 0.5);
        return {
            '\x6d\x61\x78\x57\x69\x64\x74\x68': Math[_0xa6d82f(0x25c, 0x3b3, 0x315, 0x356, 0x2a6)](_0x2014b8, -0x1 * -0x1991 + 0x1 * 0x15e2 + 0xf09 * -0x3),
            '\x6d\x61\x78\x48\x65\x69\x67\x68\x74': Math[_0x2c990b(0x38e, 0x1e4, 0x2df, 0x117, 0x1e4)](_0x2d000b, -0xa9f * 0x1 + 0x14e5 + -0x7ee)
        };
    }
    function _0x41c378(_0x44ed45, _0x4c53ce, _0x2fdfb8, _0x1c9dfc, _0x1ded06) {
        return _0x501b6e(_0x44ed45 - 0x65, _0x1ded06 - -0x2e4, _0x44ed45, _0x1c9dfc - 0x38, _0x1ded06 - 0x8f);
    }
    function _0x559936(_0x1cfc45, _0x3d532c, _0x2d6276, _0x3cb8a1, _0x4adb85) {
        return _0x28a984(_0x1cfc45, _0x3d532c - 0x1e8, _0x3d532c - 0x15d, _0x3cb8a1 - 0x1e9, _0x4adb85 - 0xc1);
    }
    const _0x6aafdb = {};
    _0x6aafdb[_0x559936(0x420, 0x21c, 0x45b, 0x38e, 0x325) + _0x579864(0x686, 0x841, 0x69c, 0x635, 0x6e4)] = 0x320;
    function _0x554f33(_0x3484d1, _0x50ffdd, _0x499f96, _0x27d9d0, _0x1cd043) {
        return _0x28a984(_0x50ffdd, _0x50ffdd - 0x131, _0x27d9d0 - 0x54e, _0x27d9d0 - 0x9f, _0x1cd043 - 0xe6);
    }
    function _0x5cf4fd(_0x4ba8e3, _0x29ac89, _0x129305, _0x1a5176, _0x4500ee) {
        return _0x171a52(_0x4ba8e3 - 0xa6, _0x129305, _0x129305 - 0xcb, _0x4ba8e3 - -0x9e, _0x4500ee - 0x3d);
    }
    function _0x537c0b(_0x41bc2d, _0x4cd46c, _0x25e0c0, _0x23bd25, _0x26b9a4) {
        return _0x171a52(_0x41bc2d - 0x145, _0x41bc2d, _0x25e0c0 - 0x25, _0x25e0c0 - -0x125, _0x26b9a4 - 0x66);
    }
    return _0x6aafdb[_0xa6d82f(0x3d9, 0x3bc, 0x35c, 0x3e5, 0x60a) + _0x559936(0x11c, 0x3bf, 0x3b2, 0x133, 0x472)] = 0x320, _0x6aafdb;
}
function _0x48aa3b(_0x5013ef, _0x2ff2bd, _0xf55505, _0x40308c, _0x55e50f) {
    return _0x5c4b(_0x55e50f - -0x174, _0x5013ef);
}
function _0x3322() {
    const _0x4b05e6 = [
        '\x43\x32\x48\x56\x44\x57',
        '\x57\x35\x43\x35\x6c\x78\x5a\x64\x49\x47',
        '\x79\x30\x39\x57\x7a\x68\x65',
        '\x44\x67\x31\x48\x43\x59\x30',
        '\x6b\x6d\x6b\x79\x6a\x47\x6d\x2f',
        '\x45\x66\x6a\x35\x44\x30\x47',
        '\x57\x50\x50\x4e\x44\x6d\x6f\x50\x79\x47',
        '\x74\x74\x34\x4f\x63\x57\x4f',
        '\x79\x78\x66\x4c\x43\x77\x43',
        '\x43\x4d\x50\x30\x73\x78\x69',
        '\x71\x76\x7a\x75\x75\x4c\x69',
        '\x6f\x53\x6f\x43\x61\x43\x6b\x69\x72\x61',
        '\x6f\x53\x6b\x37\x6e\x32\x79',
        '\x35\x34\x51\x77\x35\x41\x41\x56\x36\x6c\x45\x75\x37\x37\x32\x31\x36\x6b\x59\x74',
        '\x57\x4f\x64\x64\x49\x43\x6b\x6a\x69\x53\x6f\x6b',
        '\x71\x4c\x6a\x48\x72\x31\x65',
        '\x57\x36\x5a\x64\x47\x53\x6b\x34\x57\x4f\x66\x35',
        '\x57\x37\x70\x64\x47\x4e\x71\x2b\x71\x38\x6f\x74\x57\x37\x64\x63\x4a\x38\x6b\x44\x6a\x77\x5a\x63\x50\x57',
        '\x6e\x43\x6b\x59\x6e\x68\x6e\x46',
        '\x35\x79\x51\x2f\x36\x6c\x32\x6d\x35\x42\x55\x53\x35\x41\x32\x57\x35\x7a\x49\x63',
        '\x45\x64\x75\x5a\x57\x37\x74\x63\x4d\x57',
        '\x6d\x74\x35\x67\x61\x6d\x6f\x36',
        '\x7a\x68\x72\x4f',
        '\x44\x33\x50\x70\x42\x4b\x53',
        '\x57\x4f\x39\x6d\x57\x34\x53\x46\x61\x61',
        '\x57\x51\x47\x53\x57\x4f\x42\x63\x47\x43\x6b\x7a',
        '\x42\x4e\x72\x4c\x42\x4e\x71',
        '\x57\x35\x79\x58\x46\x38\x6f\x6b\x57\x50\x38',
        '\x57\x34\x6e\x69\x57\x50\x61\x68\x71\x71',
        '\x73\x74\x75\x31\x57\x34\x2f\x63\x4f\x57',
        '\x42\x4e\x6e\x30\x43\x4e\x75',
        '\x6c\x75\x70\x63\x51\x30\x47\x59',
        '\x72\x78\x6a\x34\x42\x66\x75',
        '\x6b\x53\x6b\x68\x57\x34\x44\x64\x57\x35\x43',
        '\x42\x33\x6a\x4b\x43\x57',
        '\x35\x6c\x2b\x44\x35\x41\x32\x79\x35\x7a\x55\x2b\x35\x34\x4d\x68\x35\x41\x73\x58',
        '\x62\x38\x6f\x2b\x67\x31\x47\x43',
        '\x73\x66\x44\x69\x41\x66\x6d',
        '\x6f\x74\x4b\x5a\x6d\x5a\x6d\x32\x75\x30\x4c\x57\x75\x67\x58\x65',
        '\x72\x4a\x57\x59\x57\x34\x56\x63\x56\x61',
        '\x42\x4d\x48\x48\x7a\x33\x4f',
        '\x72\x6d\x6f\x71\x57\x52\x30',
        '\x73\x30\x2f\x64\x49\x38\x6b\x6f\x46\x71',
        '\x74\x75\x31\x5a\x7a\x75\x53',
        '\x76\x59\x2f\x64\x50\x6d\x6f\x43\x62\x61',
        '\x68\x53\x6f\x67\x57\x34\x6e\x45\x77\x57',
        '\x57\x50\x52\x64\x4e\x43\x6b\x62\x61\x43\x6b\x39',
        '\x57\x51\x6c\x63\x4e\x59\x6e\x36\x68\x71',
        '\x43\x32\x76\x55\x7a\x66\x71',
        '\x57\x52\x4b\x57\x57\x4f\x74\x63\x4f\x53\x6b\x48',
        '\x7a\x30\x74\x63\x4b\x4d\x6a\x79',
        '\x35\x50\x59\x51\x35\x79\x51\x47\x36\x6c\x32\x39\x35\x41\x36\x6d\x35\x4f\x49\x71',
        '\x43\x78\x72\x79\x45\x4d\x30',
        '\x57\x50\x66\x48\x66\x32\x56\x64\x55\x38\x6f\x68\x57\x52\x78\x64\x55\x47',
        '\x42\x33\x66\x57\x44\x76\x65',
        '\x45\x49\x4e\x64\x4a\x38\x6f\x76\x68\x71',
        '\x76\x76\x7a\x31\x7a\x31\x4f',
        '\x43\x67\x35\x4e',
        '\x35\x51\x32\x55\x35\x7a\x32\x2b\x35\x79\x49\x37\x36\x6c\x59\x58\x35\x51\x4d\x43',
        '\x41\x38\x6b\x52\x57\x36\x30\x6c\x69\x61',
        '\x73\x66\x76\x48\x72\x68\x71',
        '\x6f\x62\x4e\x64\x4b\x6d\x6f\x4f',
        '\x43\x30\x64\x63\x4d\x4d\x76\x6f',
        '\x68\x43\x6f\x63\x64\x6d\x6b\x69\x7a\x61',
        '\x7a\x33\x69\x30\x57\x35\x75\x43',
        '\x72\x4c\x62\x59\x73\x68\x43',
        '\x79\x67\x75\x56',
        '\x79\x78\x69\x48\x57\x34\x34\x50',
        '\x46\x77\x71\x34\x57\x35\x6d\x51',
        '\x77\x75\x6a\x57\x74\x65\x4b',
        '\x57\x4f\x33\x63\x49\x43\x6f\x56\x6e\x6d\x6f\x66',
        '\x77\x75\x6a\x6f\x41\x31\x47',
        '\x57\x35\x61\x4a\x69\x38\x6b\x32\x57\x35\x69',
        '\x57\x4f\x69\x55\x62\x43\x6b\x6b\x57\x36\x57',
        '\x7a\x67\x39\x33\x42\x4d\x57',
        '\x57\x36\x7a\x75\x57\x51\x30\x49',
        '\x42\x68\x6e\x6a\x41\x77\x38',
        '\x44\x4d\x66\x53\x44\x77\x75',
        '\x44\x67\x44\x30\x74\x4e\x61',
        '\x72\x31\x6a\x67\x72\x4c\x75',
        '\x57\x52\x64\x64\x49\x5a\x53\x57\x65\x57',
        '\x46\x77\x71\x46\x57\x37\x79\x43',
        '\x6a\x6d\x6b\x44\x57\x36\x31\x7a\x57\x37\x4b',
        '\x73\x67\x76\x50\x7a\x32\x47',
        '\x57\x37\x61\x49\x6a\x53\x6b\x63\x57\x34\x38',
        '\x78\x67\x71\x70\x57\x37\x53\x52',
        '\x44\x78\x50\x4f\x73\x4c\x79',
        '\x57\x50\x50\x69\x57\x34\x71\x46\x6c\x57',
        '\x6e\x6d\x6b\x42\x66\x58\x4b\x71',
        '\x43\x30\x7a\x71\x74\x67\x53',
        '\x41\x67\x66\x30\x73\x78\x71',
        '\x79\x77\x58\x69\x7a\x77\x4b',
        '\x57\x36\x46\x64\x4d\x38\x6b\x65',
        '\x6f\x57\x4f\x47\x69\x63\x61',
        '\x57\x50\x65\x47\x57\x50\x4a\x63\x54\x43\x6b\x41',
        '\x45\x53\x6f\x37\x57\x37\x35\x6b\x46\x57',
        '\x45\x5a\x65\x4c\x68\x76\x75',
        '\x57\x34\x4a\x64\x4a\x38\x6b\x56\x44\x72\x75',
        '\x44\x77\x7a\x4e\x42\x31\x43',
        '\x57\x4f\x7a\x64\x57\x35\x57\x46\x69\x47',
        '\x42\x43\x6f\x4a\x57\x50\x4a\x63\x50\x38\x6b\x4e',
        '\x71\x59\x65\x36\x57\x51\x35\x4b',
        '\x6c\x4d\x48\x48\x44\x63\x30',
        '\x57\x35\x5a\x63\x55\x64\x64\x64\x4b\x6d\x6f\x2b',
        '\x72\x32\x39\x56\x75\x33\x43',
        '\x57\x50\x46\x64\x52\x6d\x6b\x38\x69\x43\x6b\x63',
        '\x57\x52\x79\x76\x57\x50\x56\x63\x49\x53\x6b\x61',
        '\x57\x51\x61\x6a\x57\x4f\x6c\x63\x4f\x43\x6b\x53',
        '\x57\x52\x70\x63\x4b\x61\x76\x52\x62\x47',
        '\x57\x50\x48\x48\x66\x43\x6b\x4f\x57\x35\x57',
        '\x42\x67\x39\x4a\x41\x31\x69',
        '\x57\x51\x4a\x64\x51\x43\x6b\x30\x66\x43\x6f\x75',
        '\x42\x67\x39\x59\x6f\x49\x61',
        '\x65\x4a\x70\x64\x51\x43\x6f\x79\x57\x37\x30',
        '\x6a\x38\x6f\x55\x57\x50\x54\x77\x74\x61',
        '\x73\x4b\x4c\x34\x77\x68\x47',
        '\x6e\x4a\x58\x76\x57\x35\x56\x64\x56\x71',
        '\x78\x4a\x79\x39\x6e\x4b\x47',
        '\x41\x77\x6e\x54\x72\x78\x71',
        '\x6c\x4c\x68\x63\x4b\x31\x6d\x64',
        '\x57\x35\x47\x77\x67\x38\x6f\x52\x57\x50\x6d',
        '\x77\x4d\x50\x4b\x73\x66\x71',
        '\x79\x32\x7a\x30\x44\x4e\x47',
        '\x57\x52\x75\x78\x67\x66\x34\x5a\x63\x4b\x78\x64\x52\x61\x38\x2f\x57\x36\x61\x6e',
        '\x62\x43\x6b\x59\x57\x37\x76\x2f\x57\x36\x38',
        '\x62\x62\x33\x64\x4c\x43\x6f\x2b\x57\x35\x30',
        '\x79\x74\x70\x64\x54\x73\x53\x6a',
        '\x69\x43\x6b\x50\x63\x71\x56\x63\x54\x71',
        '\x41\x77\x31\x4e',
        '\x72\x74\x38\x4e\x57\x52\x6a\x5a',
        '\x57\x35\x37\x63\x55\x49\x78\x64\x4e\x43\x6f\x5a',
        '\x44\x65\x66\x53\x42\x65\x79',
        '\x6d\x49\x33\x64\x4f\x53\x6f\x43\x57\x36\x75',
        '\x42\x32\x35\x5a',
        '\x7a\x67\x66\x50\x76\x65\x65',
        '\x45\x75\x6c\x63\x4e\x66\x6a\x79',
        '\x57\x4f\x48\x52\x57\x37\x65\x69\x69\x57',
        '\x75\x76\x4c\x34\x42\x32\x4b',
        '\x41\x67\x50\x76\x75\x75\x34',
        '\x57\x50\x44\x75\x57\x51\x35\x31\x65\x47',
        '\x6e\x68\x68\x63\x53\x75\x71\x36',
        '\x6d\x4a\x47\x35\x6e\x5a\x79\x33\x45\x4c\x4c\x79\x79\x76\x6a\x6c',
        '\x6e\x71\x42\x64\x47\x43\x6f\x71\x57\x36\x71',
        '\x76\x6d\x6f\x6a\x57\x52\x74\x63\x53\x43\x6f\x63',
        '\x57\x52\x71\x42\x69\x53\x6b\x50\x57\x35\x47',
        '\x72\x4b\x6e\x5a\x77\x76\x43',
        '\x43\x75\x66\x32\x44\x78\x61',
        '\x57\x51\x64\x64\x51\x38\x6b\x75\x63\x38\x6b\x44',
        '\x66\x38\x6b\x48\x41\x31\x6c\x64\x52\x47',
        '\x42\x4d\x44\x70\x44\x4d\x75',
        '\x57\x35\x5a\x63\x51\x59\x78\x64\x53\x6d\x6f\x4d',
        '\x6d\x4b\x44\x51\x75\x77\x66\x55\x76\x71',
        '\x41\x4e\x62\x6f\x42\x67\x57',
        '\x57\x4f\x4e\x63\x47\x38\x6f\x51\x64\x43\x6f\x45',
        '\x76\x4b\x4c\x51\x75\x4d\x79',
        '\x45\x43\x6f\x56\x73\x72\x4c\x61',
        '\x69\x63\x61\x47\x69\x68\x61',
        '\x73\x78\x7a\x5a\x41\x4d\x38',
        '\x57\x52\x6e\x43\x41\x43\x6f\x71\x42\x47',
        '\x57\x50\x2f\x63\x48\x43\x6f\x4b\x6c\x76\x68\x64\x48\x64\x44\x79\x79\x74\x57\x2f\x72\x57',
        '\x57\x36\x72\x59\x6c\x4d\x79',
        '\x7a\x78\x6a\x59\x42\x33\x69',
        '\x61\x53\x6f\x45\x57\x50\x4c\x34\x77\x61',
        '\x73\x4e\x68\x64\x50\x6d\x6b\x6f\x76\x71',
        '\x44\x67\x76\x5a\x44\x61',
        '\x57\x34\x62\x55\x57\x4f\x57\x56\x74\x47',
        '\x57\x51\x38\x68\x57\x50\x5a\x63\x49\x53\x6b\x44',
        '\x71\x74\x46\x64\x53\x53\x6f\x78\x65\x61',
        '\x76\x71\x37\x64\x4e\x73\x53\x43',
        '\x41\x67\x4c\x4b\x7a\x67\x75',
        '\x57\x4f\x35\x69\x57\x35\x57\x2f\x69\x61',
        '\x79\x32\x48\x48\x41\x77\x34',
        '\x57\x52\x6c\x63\x4b\x73\x48\x54\x65\x71',
        '\x35\x7a\x59\x56\x61\x38\x6f\x6b\x41\x61',
        '\x77\x4b\x39\x49\x74\x4c\x61',
        '\x44\x76\x72\x6b\x71\x78\x4f',
        '\x79\x4d\x4c\x55\x7a\x61',
        '\x43\x4e\x6a\x54\x71\x75\x75',
        '\x46\x58\x69\x4c\x57\x51\x39\x55',
        '\x57\x36\x68\x64\x4c\x67\x71\x4f\x75\x47',
        '\x71\x4c\x6e\x33\x44\x78\x6d',
        '\x35\x42\x55\x66\x35\x41\x32\x33\x35\x42\x73\x31\x36\x7a\x77\x44\x35\x79\x6b\x30',
        '\x57\x34\x2f\x63\x4c\x43\x6f\x65\x78\x6d\x6b\x32',
        '\x57\x50\x39\x56\x57\x4f\x66\x71\x64\x57',
        '\x67\x38\x6b\x58\x6e\x78\x6e\x62',
        '\x7a\x67\x4c\x5a\x79\x77\x69',
        '\x57\x37\x34\x61\x6d\x6d\x6b\x53',
        '\x74\x30\x72\x33\x76\x4d\x71',
        '\x41\x78\x7a\x54\x45\x66\x4f',
        '\x63\x65\x46\x63\x4b\x33\x34\x73',
        '\x57\x50\x76\x65\x57\x52\x74\x63\x4f\x38\x6f\x6e',
        '\x61\x49\x4a\x64\x51\x38\x6b\x4a\x57\x51\x61',
        '\x78\x68\x61\x79\x69\x53\x6f\x31',
        '\x76\x4e\x50\x6b\x76\x65\x79',
        '\x70\x38\x6b\x2b\x57\x4f\x4f\x72\x57\x52\x57',
        '\x57\x4f\x64\x63\x4f\x71\x35\x34\x67\x47',
        '\x42\x67\x76\x4b',
        '\x79\x32\x48\x59\x41\x78\x6d',
        '\x79\x77\x6e\x4c\x72\x67\x75',
        '\x68\x6d\x6b\x34\x69\x48\x70\x63\x55\x71',
        '\x78\x4d\x64\x64\x54\x43\x6b\x4c\x78\x61',
        '\x6a\x30\x4a\x63\x52\x78\x53\x54',
        '\x76\x77\x48\x66\x45\x77\x4f',
        '\x43\x30\x54\x62\x43\x77\x34',
        '\x57\x37\x44\x35\x41\x58\x50\x36',
        '\x35\x50\x32\x38\x35\x51\x63\x45\x35\x52\x73\x41\x35\x79\x49\x49\x35\x6c\x51\x78',
        '\x72\x4d\x58\x78\x76\x65\x6d',
        '\x65\x43\x6f\x73\x57\x50\x54\x79\x45\x57',
        '\x66\x38\x6f\x6f\x57\x4f\x35\x6a\x77\x57',
        '\x63\x74\x54\x74\x57\x34\x4e\x64\x4e\x57',
        '\x57\x4f\x42\x64\x49\x6d\x6b\x7a\x6a\x53\x6f\x46',
        '\x72\x4c\x52\x63\x55\x66\x46\x63\x4c\x71',
        '\x46\x4d\x74\x63\x47\x32\x57',
        '\x6c\x4e\x62\x55\x7a\x57',
        '\x6c\x32\x7a\x48\x79\x32\x75',
        '\x43\x32\x76\x30',
        '\x62\x76\x68\x63\x4d\x77\x38\x32',
        '\x43\x30\x58\x35\x72\x4b\x69',
        '\x57\x37\x37\x64\x55\x38\x6b\x71\x57\x4f\x7a\x55',
        '\x72\x65\x76\x69\x73\x75\x79',
        '\x6d\x74\x61\x57\x6d\x64\x69',
        '\x57\x4f\x57\x44\x57\x36\x43\x30\x73\x57',
        '\x61\x6d\x6b\x6b\x57\x51\x4b\x67\x57\x51\x43',
        '\x57\x35\x44\x7a\x57\x50\x30\x51\x72\x57',
        '\x46\x6d\x6b\x4c\x57\x36\x57\x61\x64\x47',
        '\x41\x78\x6e\x53\x74\x4e\x69',
        '\x79\x5a\x72\x7a\x45\x38\x6f\x41',
        '\x42\x4d\x66\x30\x44\x78\x69',
        '\x57\x36\x61\x35\x66\x53\x6b\x4b\x57\x35\x30',
        '\x73\x75\x50\x76\x7a\x32\x47',
        '\x43\x5a\x4f\x47\x6f\x68\x61',
        '\x43\x78\x76\x4c\x43\x4e\x4b',
        '\x45\x4b\x65\x54\x77\x4c\x38',
        '\x36\x6b\x36\x72\x35\x79\x77\x68\x35\x6c\x4d\x4e\x35\x6c\x36\x63\x35\x7a\x49\x33',
        '\x57\x36\x76\x37\x6f\x31\x46\x63\x4f\x57',
        '\x43\x31\x44\x50\x44\x67\x47',
        '\x6d\x43\x6b\x46\x6d\x64\x43\x52',
        '\x42\x68\x66\x76\x45\x76\x61',
        '\x57\x51\x4b\x46\x57\x4f\x2f\x63\x47\x38\x6b\x68',
        '\x64\x43\x6f\x41\x57\x50\x4c\x59\x76\x47',
        '\x79\x32\x66\x53\x41\x77\x34',
        '\x41\x4d\x76\x4a\x44\x61',
        '\x42\x77\x39\x31\x43\x57',
        '\x6d\x53\x6b\x79\x6b\x73\x52\x63\x4f\x57',
        '\x57\x37\x4f\x6f\x79\x66\x78\x64\x54\x61',
        '\x71\x77\x31\x62\x44\x4c\x4b',
        '\x57\x34\x74\x63\x4c\x53\x6f\x4e\x72\x38\x6b\x43',
        '\x36\x6c\x73\x4c\x37\x37\x59\x6d\x36\x6b\x2b\x33\x36\x79\x45\x6e\x36\x6b\x2b\x76',
        '\x57\x34\x43\x4f\x78\x43\x6f\x48\x57\x50\x61',
        '\x73\x4d\x4c\x36\x41\x68\x75',
        '\x6a\x32\x33\x63\x54\x66\x53\x64',
        '\x42\x49\x58\x6b\x7a\x38\x6f\x66',
        '\x6f\x6d\x6b\x2f\x67\x76\x57\x6f',
        '\x35\x42\x45\x59\x35\x79\x49\x47\x36\x7a\x4d\x4b\x35\x42\x49\x39\x35\x41\x32\x71',
        '\x57\x35\x68\x63\x49\x4a\x42\x64\x4e\x38\x6f\x55',
        '\x65\x38\x6b\x71\x6a\x59\x74\x63\x53\x71',
        '\x6e\x77\x37\x63\x4d\x75\x4f\x56',
        '\x6f\x53\x6b\x4f\x67\x62\x79',
        '\x42\x32\x34\x36\x69\x67\x79',
        '\x37\x37\x32\x30\x36\x6b\x59\x4d\x35\x79\x4d\x4d\x35\x50\x45\x63\x36\x41\x6b\x55',
        '\x75\x74\x4f\x54\x68\x65\x69',
        '\x79\x78\x62\x57\x42\x68\x4b',
        '\x63\x53\x6f\x35\x57\x4f\x58\x45\x78\x57',
        '\x77\x6d\x6f\x58\x43\x76\x6c\x64\x55\x57',
        '\x67\x43\x6b\x48\x69\x72\x46\x63\x54\x71',
        '\x6d\x38\x6b\x5a\x6e\x68\x58\x7a',
        '\x57\x37\x4b\x46\x61\x38\x6b\x41\x57\x36\x79',
        '\x6e\x59\x6c\x64\x50\x38\x6b\x46\x57\x50\x6d',
        '\x42\x32\x7a\x73\x44\x30\x53',
        '\x57\x4f\x61\x61\x57\x52\x4a\x63\x48\x38\x6b\x56',
        '\x41\x67\x54\x31\x45\x76\x71',
        '\x41\x66\x4e\x63\x4c\x4d\x68\x63\x52\x57',
        '\x43\x4b\x39\x57\x44\x67\x4b',
        '\x41\x33\x76\x57\x45\x4e\x75',
        '\x72\x4e\x66\x6b\x72\x75\x69',
        '\x6a\x38\x6f\x53\x62\x33\x47\x48',
        '\x71\x4d\x66\x4a\x41\x33\x6d',
        '\x7a\x77\x31\x4c\x42\x4e\x71',
        '\x41\x77\x35\x4d\x42\x57',
        '\x6b\x38\x6b\x52\x6b\x66\x4f\x75',
        '\x57\x52\x71\x77\x69\x47',
        '\x57\x50\x62\x72\x57\x35\x79',
        '\x45\x4d\x7a\x50\x74\x78\x71',
        '\x57\x52\x75\x76\x72\x57',
        '\x6a\x53\x6b\x34\x57\x37\x50\x69\x57\x35\x57',
        '\x7a\x4d\x58\x50\x43\x66\x47',
        '\x72\x68\x66\x72\x43\x76\x79',
        '\x42\x78\x76\x53\x44\x67\x4b',
        '\x57\x35\x78\x64\x4a\x43\x6b\x69\x77\x43\x6b\x4b',
        '\x72\x4c\x6c\x63\x54\x68\x74\x63\x52\x57',
        '\x57\x51\x74\x64\x4c\x63\x58\x50\x62\x47',
        '\x57\x52\x76\x50\x57\x4f\x35\x6f\x6d\x47',
        '\x57\x52\x76\x52\x79\x6d\x6f\x75\x44\x57',
        '\x41\x76\x4c\x6a\x41\x32\x57',
        '\x77\x67\x35\x75\x45\x4e\x4b',
        '\x69\x63\x61\x47\x69\x68\x71',
        '\x42\x4e\x72\x79',
        '\x57\x37\x6a\x33\x6f\x71',
        '\x79\x78\x6a\x52\x43\x57',
        '\x44\x48\x71\x4d\x57\x50\x54\x4f',
        '\x76\x6d\x6f\x56\x73\x47',
        '\x57\x34\x79\x39\x6c\x78\x4a\x64\x54\x57',
        '\x45\x4c\x2f\x63\x50\x77\x5a\x63\x4c\x71',
        '\x71\x4b\x48\x65\x43\x68\x4b',
        '\x57\x34\x76\x37\x57\x52\x61\x2b\x43\x61',
        '\x79\x31\x44\x31\x75\x4d\x30',
        '\x69\x53\x6b\x79\x67\x74\x4f\x65',
        '\x44\x68\x4c\x57\x7a\x71',
        '\x57\x51\x75\x76\x73\x38\x6b\x70\x57\x37\x43',
        '\x35\x79\x49\x64\x36\x6c\x59\x77\x35\x7a\x59\x77\x36\x6b\x32\x77\x35\x42\x55\x62',
        '\x43\x4d\x66\x4b\x41\x78\x75',
        '\x57\x50\x6c\x64\x4d\x43\x6b\x6d\x66\x43\x6f\x69',
        '\x75\x4e\x76\x41\x79\x78\x47',
        '\x42\x77\x4c\x55',
        '\x79\x38\x6f\x36\x75\x43\x6f\x2b\x57\x50\x6d',
        '\x6f\x53\x6f\x44\x63\x38\x6f\x6e\x66\x47',
        '\x79\x4d\x76\x65\x79\x4e\x69',
        '\x69\x4a\x35\x4a\x6a\x53\x6f\x34',
        '\x6d\x38\x6b\x72\x57\x36\x50\x54\x57\x37\x65',
        '\x6c\x4b\x69\x6c\x57\x34\x2f\x63\x4a\x61',
        '\x57\x50\x70\x64\x49\x6d\x6b\x45\x65\x53\x6f\x71',
        '\x77\x4b\x66\x57\x7a\x67\x69',
        '\x42\x77\x66\x34\x73\x67\x75',
        '\x7a\x75\x6a\x30\x42\x47',
        '\x57\x36\x53\x46\x68\x38\x6b\x77\x57\x36\x53',
        '\x73\x32\x64\x64\x52\x6d\x6b\x70\x72\x47',
        '\x57\x52\x6e\x59\x57\x4f\x57\x4e\x66\x57',
        '\x69\x72\x78\x64\x47\x6d\x6f\x56\x57\x37\x4f',
        '\x79\x64\x70\x64\x51\x64\x38\x43',
        '\x7a\x38\x6f\x57\x57\x37\x58\x62\x45\x57',
        '\x57\x50\x57\x61\x71\x53\x6b\x51\x57\x34\x57',
        '\x43\x67\x66\x4b\x7a\x67\x4b',
        '\x69\x5a\x50\x31\x57\x34\x62\x59',
        '\x79\x4d\x39\x4b\x45\x71',
        '\x68\x43\x6b\x2b\x6f\x65\x47\x32',
        '\x6d\x30\x64\x63\x53\x75\x43',
        '\x68\x6d\x6b\x75\x62\x59\x65',
        '\x57\x35\x56\x63\x50\x5a\x6c\x64\x55\x43\x6f\x4d',
        '\x79\x33\x70\x63\x55\x66\x38\x55',
        '\x57\x4f\x6c\x63\x52\x53\x6f\x6c\x65\x47',
        '\x57\x34\x57\x51\x6b\x6d\x6b\x34\x57\x36\x61',
        '\x7a\x4d\x4c\x53\x7a\x75\x4b',
        '\x6f\x43\x6b\x71\x66\x74\x69\x78',
        '\x79\x59\x50\x44\x41\x43\x6f\x44',
        '\x75\x59\x53\x36\x57\x51\x39\x53',
        '\x43\x4c\x76\x66\x74\x4b\x6d',
        '\x72\x77\x58\x6f\x44\x65\x43',
        '\x6d\x63\x57\x47\x6d\x63\x57',
        '\x42\x77\x66\x57',
        '\x35\x79\x49\x44\x36\x6c\x36\x31\x35\x7a\x51\x2b\x35\x34\x55\x37\x35\x41\x41\x32',
        '\x57\x34\x6d\x52\x57\x4f\x70\x63\x52\x53\x6b\x6e',
        '\x6c\x43\x6b\x42\x57\x36\x54\x6a',
        '\x78\x53\x6f\x2b\x7a\x38\x6f\x54\x57\x50\x47',
        '\x57\x4f\x4e\x64\x50\x38\x6b\x34\x6e\x53\x6b\x44',
        '\x76\x33\x7a\x66\x44\x78\x69',
        '\x57\x50\x75\x56\x69\x43\x6b\x4a\x57\x37\x79',
        '\x74\x4e\x62\x50\x7a\x76\x47',
        '\x6e\x78\x62\x34\x69\x64\x69',
        '\x64\x76\x56\x63\x55\x4c\x53\x34',
        '\x63\x38\x6b\x31\x57\x50\x79\x4c\x57\x52\x47',
        '\x44\x67\x39\x59',
        '\x6f\x5a\x39\x42',
        '\x6b\x6d\x6f\x56\x57\x51\x62\x4b\x71\x47',
        '\x57\x37\x56\x64\x47\x43\x6f\x39\x57\x50\x54\x4c',
        '\x74\x73\x4f\x35\x68\x71',
        '\x62\x64\x33\x64\x54\x6d\x6b\x37\x57\x51\x34',
        '\x74\x63\x47\x37\x57\x52\x50\x31',
        '\x57\x52\x6c\x64\x52\x38\x6b\x69\x75\x38\x6f\x79',
        '\x41\x53\x6b\x56\x57\x37\x79\x62\x66\x61',
        '\x6f\x4d\x72\x49\x42\x67\x6d',
        '\x79\x76\x76\x73\x74\x61',
        '\x72\x77\x58\x74\x74\x4c\x79',
        '\x75\x4b\x31\x72\x43\x32\x38',
        '\x43\x4d\x39\x54\x76\x78\x69',
        '\x43\x32\x50\x78\x74\x31\x4f',
        '\x57\x50\x75\x46\x70\x38\x6b\x61\x57\x35\x65',
        '\x7a\x4d\x6e\x4e\x71\x32\x4f',
        '\x42\x38\x6f\x37\x57\x36\x72\x56\x45\x71',
        '\x64\x61\x56\x64\x47\x43\x6b\x54\x57\x51\x61',
        '\x43\x75\x35\x6a\x75\x77\x79',
        '\x70\x49\x70\x64\x51\x43\x6b\x6b\x57\x50\x75',
        '\x42\x77\x66\x4e\x7a\x71',
        '\x79\x30\x6a\x51\x42\x78\x43',
        '\x78\x4a\x79\x39\x70\x75\x53',
        '\x62\x71\x42\x64\x4a\x53\x6b\x72\x57\x52\x4f',
        '\x68\x57\x52\x64\x49\x6d\x6b\x68\x57\x51\x61',
        '\x36\x69\x77\x34\x37\x37\x2b\x34\x36\x6b\x32\x50\x35\x6c\x32\x66\x35\x35\x41\x57',
        '\x42\x4d\x6e\x30\x41\x77\x38',
        '\x57\x34\x42\x64\x4d\x6d\x6b\x4b',
        '\x76\x32\x4c\x4b\x44\x67\x47',
        '\x70\x43\x6b\x36\x69\x71\x30\x42',
        '\x6d\x5a\x4e\x64\x49\x6d\x6f\x2b\x57\x37\x38',
        '\x6d\x58\x6c\x64\x4b\x6d\x6f\x78\x57\x37\x53',
        '\x6f\x43\x6b\x57\x6e\x67\x62\x46',
        '\x57\x50\x52\x64\x4f\x57\x4b\x77\x63\x71',
        '\x6c\x4a\x47\x50\x6f\x57\x4f',
        '\x35\x6c\x55\x51\x36\x69\x77\x49\x35\x51\x6f\x49\x35\x52\x73\x6f\x35\x41\x41\x39',
        '\x46\x66\x33\x63\x53\x66\x70\x63\x4a\x57',
        '\x75\x33\x72\x48\x44\x67\x75',
        '\x62\x32\x65\x63\x57\x34\x5a\x63\x53\x61',
        '\x43\x32\x76\x30\x71\x32\x38',
        '\x77\x76\x61\x64\x57\x36\x34\x34',
        '\x72\x58\x34\x6a\x57\x37\x74\x63\x4f\x71',
        '\x6c\x33\x62\x55\x7a\x57',
        '\x44\x66\x7a\x35\x44\x33\x65',
        '\x79\x32\x66\x53\x42\x61',
        '\x79\x59\x74\x64\x51\x43\x6f\x34\x6f\x61',
        '\x41\x65\x6a\x72\x44\x33\x6d',
        '\x71\x4b\x66\x6d\x7a\x76\x4f',
        '\x6f\x43\x6b\x4f\x6e\x68\x39\x69',
        '\x46\x76\x56\x63\x51\x4b\x35\x73',
        '\x70\x4a\x4c\x77\x6c\x6d\x6f\x4a',
        '\x57\x52\x79\x6d\x45\x38\x6b\x6a\x57\x34\x69',
        '\x57\x37\x74\x63\x50\x73\x68\x64\x4d\x38\x6f\x49',
        '\x57\x37\x43\x4a\x46\x6d\x6f\x66',
        '\x44\x4b\x6c\x64\x53\x57\x4e\x64\x4c\x61',
        '\x57\x35\x44\x7a\x57\x4f\x65\x4f\x72\x57',
        '\x43\x4c\x62\x59\x75\x76\x61',
        '\x45\x4c\x70\x63\x49\x65\x6c\x63\x4a\x57',
        '\x57\x35\x71\x30\x6e\x33\x57',
        '\x35\x42\x4d\x4b\x35\x41\x36\x46\x35\x7a\x51\x78\x35\x34\x4d\x2b\x35\x42\x41\x73',
        '\x7a\x32\x76\x30\x75\x4d\x4b',
        '\x6d\x43\x6b\x69\x69\x61\x52\x63\x47\x71',
        '\x77\x61\x6d\x56\x6e\x76\x38',
        '\x57\x34\x68\x64\x4d\x6d\x6b\x5a\x46\x72\x6d',
        '\x57\x51\x5a\x64\x4b\x32\x39\x70\x78\x57',
        '\x35\x4f\x4d\x6c\x35\x79\x51\x4f\x35\x52\x45\x37\x35\x79\x51\x47',
        '\x6a\x62\x4a\x64\x47\x43\x6f\x50\x57\x52\x38',
        '\x65\x53\x6b\x38\x70\x74\x52\x63\x4a\x61',
        '\x7a\x4d\x58\x50\x43\x65\x69',
        '\x79\x5a\x72\x72\x41\x38\x6f\x63',
        '\x79\x32\x58\x50\x79\x32\x53',
        '\x57\x4f\x39\x63\x57\x52\x75',
        '\x57\x50\x6e\x69\x57\x51\x2f\x63\x51\x43\x6f\x30',
        '\x57\x4f\x54\x62\x57\x51\x48\x5a\x66\x47',
        '\x57\x37\x65\x47\x70\x67\x74\x64\x4e\x61',
        '\x71\x4d\x6a\x53\x7a\x78\x69',
        '\x44\x32\x6d\x4b',
        '\x6e\x5a\x4b\x59\x6e\x64\x79\x31\x73\x75\x50\x41\x41\x4d\x7a\x79',
        '\x42\x75\x54\x4e\x76\x77\x57',
        '\x41\x6d\x6f\x6e\x72\x77\x58\x6c\x7a\x53\x6b\x36\x57\x34\x43\x30\x57\x4f\x4a\x64\x50\x38\x6f\x77',
        '\x6b\x53\x6b\x65\x57\x37\x78\x64\x4f\x53\x6f\x70',
        '\x7a\x4e\x6e\x6b\x7a\x4d\x47',
        '\x57\x51\x44\x68\x45\x6d\x6f\x7a\x78\x61',
        '\x57\x52\x72\x2f\x57\x4f\x34',
        '\x42\x33\x62\x48\x79\x32\x4b',
        '\x7a\x43\x6f\x67\x57\x51\x5a\x63\x47\x43\x6b\x61',
        '\x74\x74\x61\x70\x57\x34\x4e\x63\x48\x71',
        '\x61\x6d\x6f\x77\x57\x4f\x48\x74\x71\x61',
        '\x57\x34\x44\x6d\x57\x4f\x47\x56\x74\x61',
        '\x57\x34\x66\x62\x57\x52\x79\x78\x44\x47',
        '\x44\x53\x6b\x69\x57\x51\x39\x67\x57\x51\x30',
        '\x57\x37\x44\x7a\x64\x78\x68\x63\x4b\x47',
        '\x68\x38\x6b\x46\x68\x4a\x61\x72',
        '\x41\x4c\x75\x62\x57\x34\x34\x36',
        '\x7a\x75\x76\x53\x7a\x77\x30',
        '\x73\x4c\x48\x4d\x41\x33\x69',
        '\x35\x6c\x51\x36\x36\x69\x73\x34\x35\x51\x6f\x61\x35\x52\x77\x6c\x35\x41\x73\x58',
        '\x41\x32\x76\x35',
        '\x7a\x77\x35\x30\x43\x5a\x4f',
        '\x6f\x38\x6f\x48\x57\x34\x6e\x6f\x57\x51\x71',
        '\x7a\x77\x35\x30\x74\x67\x4b',
        '\x76\x4c\x78\x63\x4b\x33\x6c\x63\x4d\x61',
        '\x63\x5a\x66\x44\x57\x34\x78\x64\x56\x71',
        '\x70\x4a\x54\x77\x6d\x6d\x6f\x2b',
        '\x75\x66\x72\x35\x71\x32\x75',
        '\x46\x43\x6f\x51\x57\x37\x30\x70\x61\x61',
        '\x57\x37\x4e\x64\x4d\x53\x6b\x55\x57\x4f\x43',
        '\x57\x4f\x74\x64\x47\x6d\x6b\x69\x63\x43\x6f\x69',
        '\x72\x78\x44\x74\x41\x30\x75',
        '\x70\x43\x6f\x4a\x6c\x57',
        '\x6a\x66\x30\x51\x6b\x71',
        '\x70\x64\x7a\x76\x57\x34\x4a\x63\x50\x61',
        '\x41\x77\x39\x55\x69\x63\x4f',
        '\x57\x51\x70\x64\x54\x6d\x6b\x62\x6b\x53\x6b\x4a',
        '\x57\x34\x70\x64\x4e\x53\x6b\x50\x43\x57\x47',
        '\x74\x6d\x6f\x6c\x57\x52\x69',
        '\x6e\x64\x68\x64\x53\x53\x6f\x55\x57\x36\x79',
        '\x57\x51\x52\x64\x4a\x73\x30\x45\x77\x71',
        '\x57\x4f\x79\x33\x57\x50\x37\x63\x52\x38\x6b\x41',
        '\x45\x33\x30\x55\x79\x32\x38',
        '\x6e\x6d\x6b\x2f\x61\x64\x53',
        '\x7a\x73\x62\x4d\x79\x77\x69',
        '\x7a\x67\x76\x34\x6f\x49\x61',
        '\x57\x35\x52\x63\x4d\x61\x6c\x64\x56\x38\x6f\x2f',
        '\x75\x4d\x76\x56\x43\x66\x4b',
        '\x42\x67\x76\x55\x7a\x33\x71',
        '\x76\x65\x48\x34\x77\x4e\x79',
        '\x57\x51\x50\x52\x57\x37\x30\x58\x70\x57',
        '\x76\x53\x6b\x53\x57\x35\x69\x66\x66\x71',
        '\x69\x43\x6b\x41\x57\x37\x66\x75\x57\x36\x65',
        '\x74\x68\x76\x62\x44\x76\x79',
        '\x57\x51\x4e\x64\x52\x38\x6b\x69\x6c\x53\x6b\x6a',
        '\x67\x53\x6b\x37\x6d\x38\x6f\x51\x57\x50\x71',
        '\x45\x4e\x2f\x63\x4f\x4c\x62\x36',
        '\x43\x33\x76\x64\x7a\x78\x4f',
        '\x43\x77\x39\x75\x74\x33\x65',
        '\x43\x4c\x66\x41\x42\x31\x69',
        '\x57\x4f\x6e\x6c\x79\x6d\x6f\x75\x45\x71',
        '\x57\x4f\x46\x64\x47\x43\x6b\x65\x66\x38\x6f\x4b',
        '\x67\x38\x6b\x39\x6d\x61\x68\x63\x51\x61',
        '\x57\x34\x65\x6e\x57\x36\x6c\x64\x50\x53\x6b\x49',
        '\x44\x4e\x72\x34\x77\x65\x69',
        '\x57\x51\x78\x64\x53\x38\x6b\x71\x63\x53\x6f\x6a',
        '\x57\x52\x33\x64\x53\x43\x6b\x71\x68\x43\x6b\x6e',
        '\x35\x79\x51\x41\x36\x6c\x2b\x4d\x35\x7a\x55\x54\x35\x34\x55\x70\x35\x41\x45\x6b',
        '\x71\x6d\x6b\x73\x57\x35\x30\x6a\x61\x57',
        '\x63\x62\x46\x64\x48\x53\x6b\x6e\x57\x51\x79',
        '\x6d\x4a\x47\x34\x6e\x4a\x61\x34\x74\x65\x66\x54\x7a\x30\x72\x53',
        '\x57\x51\x38\x64\x57\x4f\x52\x63\x52\x43\x6b\x7a',
        '\x79\x77\x44\x4c\x73\x77\x34',
        '\x71\x30\x54\x50\x75\x4b\x34',
        '\x57\x34\x34\x61\x6d\x4d\x33\x64\x51\x47',
        '\x69\x4c\x42\x63\x4c\x33\x34\x76',
        '\x57\x52\x2f\x64\x4a\x73\x4f\x6e',
        '\x72\x71\x48\x2f\x43\x43\x6f\x51',
        '\x57\x37\x34\x43\x71\x61',
        '\x35\x50\x59\x49\x35\x51\x67\x45\x35\x52\x45\x42\x35\x79\x49\x45\x35\x6c\x51\x47',
        '\x43\x32\x6e\x48\x42\x67\x75',
        '\x41\x30\x54\x6f\x45\x65\x79',
        '\x74\x4d\x66\x54\x7a\x71',
        '\x69\x64\x76\x6c\x6b\x38\x6f\x34',
        '\x72\x77\x58\x64\x76\x31\x79',
        '\x75\x77\x52\x63\x50\x43\x6f\x75\x63\x47',
        '\x79\x4c\x6e\x33\x79\x31\x6d',
        '\x42\x67\x39\x4a\x41\x30\x30',
        '\x79\x4d\x66\x4a\x41\x32\x43',
        '\x57\x52\x79\x6d\x6a\x6d\x6b\x64\x57\x34\x79',
        '\x57\x37\x6d\x67\x61\x30\x33\x64\x4d\x71',
        '\x57\x4f\x74\x64\x51\x6d\x6b\x47\x6e\x6d\x6f\x36',
        '\x44\x57\x79\x74\x70\x4b\x47',
        '\x72\x75\x54\x54\x72\x78\x65',
        '\x72\x68\x44\x62\x75\x68\x47',
        '\x74\x65\x50\x48\x43\x31\x4b',
        '\x35\x52\x77\x59\x35\x79\x49\x70\x35\x42\x55\x47\x35\x41\x36\x2f\x35\x41\x73\x38',
        '\x79\x4d\x39\x70\x7a\x78\x6d',
        '\x57\x35\x78\x63\x48\x6d\x6b\x62\x57\x34\x71\x54',
        '\x6a\x53\x6b\x4c\x6a\x74\x79\x6b',
        '\x57\x36\x31\x6b\x71\x58\x57',
        '\x45\x65\x39\x52\x73\x65\x6d',
        '\x45\x59\x4f\x61\x68\x61',
        '\x57\x4f\x50\x64\x57\x4f\x7a\x49\x64\x57',
        '\x7a\x63\x47\x35\x57\x52\x48\x31',
        '\x57\x52\x6c\x63\x48\x63\x48\x48\x65\x71',
        '\x57\x50\x78\x64\x48\x6d\x6b\x63\x63\x71',
        '\x6d\x6d\x6f\x51\x68\x68\x47\x46',
        '\x76\x75\x48\x56\x75\x67\x6d',
        '\x6a\x48\x35\x5a\x6a\x6d\x6f\x4a',
        '\x46\x49\x74\x64\x55\x61',
        '\x57\x50\x72\x46\x57\x4f\x48\x7a\x63\x61',
        '\x70\x4a\x58\x6d\x57\x35\x74\x64\x50\x47',
        '\x74\x53\x6f\x2b\x79\x6d\x6f\x38',
        '\x57\x35\x61\x34\x44\x6d\x6f\x59\x57\x4f\x34',
        '\x57\x52\x42\x63\x4e\x73\x62\x38\x67\x47',
        '\x75\x4c\x72\x5a\x79\x75\x69',
        '\x36\x6b\x2b\x6f\x35\x79\x73\x42\x36\x79\x67\x61\x35\x6c\x4d\x76\x35\x6c\x49\x4e',
        '\x6d\x53\x6f\x30\x6c\x4e\x61\x70',
        '\x77\x76\x6a\x68\x75\x32\x34',
        '\x57\x35\x61\x42\x77\x43\x6f\x48\x57\x50\x38',
        '\x57\x36\x66\x70\x57\x50\x30\x66\x74\x71',
        '\x75\x4d\x6a\x31\x71\x4b\x71',
        '\x72\x66\x6e\x4a\x77\x76\x4b',
        '\x57\x52\x2f\x64\x4a\x5a\x53\x2b\x65\x47',
        '\x45\x43\x6f\x52\x57\x52\x61\x76\x57\x4f\x64\x63\x4b\x53\x6b\x4a\x57\x4f\x61',
        '\x57\x50\x78\x64\x48\x57\x57\x6b\x62\x47',
        '\x57\x4f\x50\x63\x57\x34\x79\x6a\x6f\x61',
        '\x57\x4f\x6c\x63\x51\x38\x6f\x48\x70\x6d\x6f\x2b',
        '\x43\x33\x6a\x4a',
        '\x73\x74\x47\x57\x57\x34\x61',
        '\x63\x68\x38\x79\x57\x35\x79',
        '\x57\x52\x42\x63\x54\x57\x76\x48\x6e\x71',
        '\x35\x79\x51\x47\x36\x6c\x32\x39\x35\x7a\x55\x2b\x35\x34\x4d\x68\x35\x41\x73\x58',
        '\x74\x63\x44\x73\x57\x50\x4a\x63\x4b\x47',
        '\x68\x43\x6b\x2f\x6a\x74\x37\x63\x53\x47',
        '\x77\x76\x52\x63\x4c\x32\x58\x74',
        '\x43\x4d\x76\x55\x7a\x67\x75',
        '\x75\x4b\x66\x7a\x43\x68\x71',
        '\x45\x38\x6f\x53\x57\x37\x6d',
        '\x57\x36\x38\x7a\x61\x78\x52\x64\x51\x71',
        '\x57\x34\x58\x36\x42\x62\x66\x33',
        '\x75\x38\x6b\x46\x57\x35\x43\x78\x66\x47',
        '\x63\x38\x6f\x6c\x65\x76\x38\x54',
        '\x35\x6c\x49\x51\x35\x42\x49\x39\x35\x41\x32\x71',
        '\x41\x67\x66\x30\x6c\x71',
        '\x76\x67\x4c\x55\x45\x75\x79',
        '\x57\x4f\x72\x46\x76\x53\x6f\x45\x77\x57',
        '\x57\x4f\x30\x51\x57\x50\x53',
        '\x44\x32\x66\x59\x42\x47',
        '\x45\x64\x53\x6b\x69\x63\x61',
        '\x57\x4f\x37\x64\x47\x38\x6b\x69\x66\x43\x6f\x6f',
        '\x72\x4d\x58\x48\x74\x78\x43',
        '\x43\x4d\x72\x4c\x43\x49\x30',
        '\x36\x69\x73\x57\x57\x52\x64\x63\x56\x47\x61',
        '\x75\x32\x76\x53\x7a\x77\x6d',
        '\x6d\x43\x6f\x71\x57\x4f\x66\x33\x75\x47',
        '\x41\x64\x4a\x64\x52\x57',
        '\x43\x4d\x4c\x4a\x69\x67\x4b',
        '\x57\x50\x6e\x6a\x57\x51\x46\x63\x54\x6d\x6f\x58',
        '\x57\x50\x66\x4e\x46\x64\x2f\x63\x4e\x43\x6b\x4c\x57\x36\x64\x64\x4b\x38\x6b\x71\x57\x52\x42\x63\x4d\x32\x2f\x64\x4f\x57',
        '\x44\x4e\x7a\x5a\x45\x77\x6d',
        '\x68\x6d\x6b\x78\x6b\x75\x50\x76',
        '\x43\x4b\x66\x53\x42\x61',
        '\x44\x76\x74\x63\x4a\x57',
        '\x57\x50\x4b\x5a\x57\x51\x4e\x63\x49\x43\x6b\x79',
        '\x6d\x6d\x6f\x4c\x62\x53\x6b\x2f\x43\x71',
        '\x79\x33\x6e\x5a\x76\x67\x75',
        '\x42\x32\x35\x4c\x43\x4e\x69',
        '\x74\x4b\x76\x6d\x72\x30\x79',
        '\x6b\x38\x6b\x30\x70\x72\x46\x63\x55\x61',
        '\x77\x76\x72\x62\x41\x77\x53',
        '\x35\x79\x49\x44\x35\x41\x45\x6c\x35\x79\x59\x77\x35\x41\x36\x6d\x35\x4f\x49\x71',
        '\x43\x33\x72\x4c\x42\x4d\x75',
        '\x75\x67\x48\x62\x73\x78\x71',
        '\x57\x36\x37\x64\x49\x53\x6b\x50\x57\x52\x58\x55',
        '\x57\x52\x42\x64\x55\x38\x6b\x66\x6d\x43\x6b\x62',
        '\x57\x35\x69\x4b\x6a\x33\x5a\x64\x47\x61',
        '\x35\x7a\x59\x4a\x36\x6b\x2b\x45\x35\x42\x49\x39\x36\x6c\x77\x65\x35\x52\x51\x71',
        '\x57\x51\x52\x64\x4a\x5a\x53\x6b\x61\x57',
        '\x69\x63\x61\x47\x69\x63\x61',
        '\x46\x63\x70\x64\x55\x49\x61\x75',
        '\x43\x33\x62\x31\x74\x31\x65',
        '\x42\x4e\x72\x59\x42\x32\x57',
        '\x73\x73\x4f\x56\x57\x37\x4a\x63\x52\x71',
        '\x71\x5a\x43\x37\x57\x4f\x68\x63\x56\x61',
        '\x69\x68\x72\x59\x79\x77\x34',
        '\x57\x4f\x53\x4b\x57\x50\x2f\x63\x47\x53\x6b\x68',
        '\x44\x6d\x6b\x4c\x57\x36\x4c\x75\x71\x47',
        '\x57\x36\x30\x4f\x78\x6d\x6f\x73\x57\x4f\x53',
        '\x79\x77\x6e\x4c\x43\x57',
        '\x73\x77\x48\x6c\x44\x65\x4f',
        '\x43\x4b\x4c\x6f\x41\x32\x53',
        '\x42\x30\x66\x74\x44\x4b\x79',
        '\x6f\x38\x6f\x74\x65\x43\x6b\x49\x78\x47',
        '\x57\x52\x33\x64\x55\x38\x6b\x76',
        '\x79\x32\x39\x55\x43\x33\x71',
        '\x7a\x67\x4c\x5a\x79\x32\x65',
        '\x57\x34\x6d\x4c\x6b\x33\x52\x63\x48\x57',
        '\x57\x34\x6d\x39\x6c\x77\x56\x64\x48\x61',
        '\x42\x64\x31\x45\x46\x61',
        '\x74\x67\x39\x48\x7a\x67\x75',
        '\x72\x32\x4c\x6a\x77\x75\x47',
        '\x45\x74\x2f\x64\x52\x73\x4b\x59',
        '\x57\x34\x74\x64\x4b\x38\x6b\x36\x6e\x58\x6d',
        '\x57\x36\x6e\x6f\x73\x74\x58\x63',
        '\x44\x67\x54\x73\x75\x78\x4b',
        '\x77\x75\x35\x57\x41\x32\x30',
        '\x6a\x32\x33\x63\x53\x4b\x4f\x56',
        '\x57\x52\x4b\x4f\x6c\x38\x6b\x37\x57\x36\x57',
        '\x6e\x53\x6b\x48\x64\x65\x53\x73',
        '\x6d\x38\x6f\x2f\x64\x68\x75\x36',
        '\x77\x67\x68\x64\x50\x71',
        '\x61\x43\x6f\x4e\x70\x30\x53\x38',
        '\x57\x35\x44\x69\x57\x50\x61\x72\x73\x57',
        '\x57\x50\x6e\x4c\x57\x36\x57\x51\x70\x57',
        '\x41\x77\x35\x57\x44\x78\x71',
        '\x69\x43\x6f\x30\x79\x58\x4c\x61',
        '\x44\x4c\x48\x72\x79\x33\x47',
        '\x72\x68\x76\x50\x72\x4e\x79',
        '\x69\x63\x74\x64\x4b\x38\x6b\x4d\x57\x50\x47',
        '\x6d\x74\x79\x34\x6e\x5a\x69\x58\x6d\x4c\x66\x72\x75\x4e\x7a\x67\x71\x47',
        '\x62\x38\x6f\x72\x57\x4f\x48\x45\x71\x61',
        '\x6c\x43\x6b\x62\x57\x37\x6a\x6f\x57\x37\x65',
        '\x57\x37\x35\x37\x6a\x4e\x4a\x63\x52\x47',
        '\x57\x35\x47\x68\x57\x51\x54\x4b\x68\x71',
        '\x44\x31\x76\x59\x73\x30\x69',
        '\x42\x30\x6e\x75\x45\x76\x69',
        '\x41\x4d\x31\x53\x73\x66\x43',
        '\x7a\x33\x50\x68\x74\x30\x57',
        '\x57\x36\x37\x64\x4e\x6d\x6b\x5a\x42\x61\x79',
        '\x57\x37\x6d\x6d\x61\x6d\x6b\x39\x57\x35\x61',
        '\x6a\x38\x6f\x44\x66\x57',
        '\x71\x74\x57\x4c\x57\x34\x4a\x63\x50\x57',
        '\x79\x32\x54\x4e\x43\x4d\x38',
        '\x36\x6b\x59\x75\x35\x79\x73\x6e\x35\x6c\x55\x4d\x35\x6c\x2b\x47\x35\x7a\x49\x77',
        '\x41\x67\x6a\x65\x73\x4c\x4b',
        '\x57\x52\x56\x64\x55\x38\x6b\x73\x64\x71',
        '\x6a\x38\x6b\x72\x57\x36\x50\x37\x57\x37\x53',
        '\x75\x30\x7a\x34\x75\x75\x30',
        '\x44\x68\x6a\x48\x42\x4e\x6d',
        '\x78\x67\x4a\x64\x50\x6d\x6b\x6f\x72\x61',
        '\x76\x32\x31\x33\x43\x67\x6d',
        '\x57\x35\x65\x6f\x77\x38\x6f\x53\x57\x50\x4b',
        '\x70\x43\x6f\x54\x57\x4f\x66\x32\x45\x61',
        '\x74\x4d\x50\x6b\x45\x4d\x4f',
        '\x57\x4f\x48\x44\x57\x35\x47\x77\x6e\x71',
        '\x6b\x43\x6b\x46\x57\x4f\x4b\x33\x57\x52\x61',
        '\x43\x4d\x76\x54\x42\x33\x79',
        '\x57\x4f\x44\x65\x57\x50\x6c\x63\x4e\x53\x6f\x72',
        '\x41\x4b\x6e\x73\x79\x4b\x30',
        '\x41\x4e\x7a\x33\x72\x66\x47',
        '\x75\x33\x6e\x70\x75\x65\x47',
        '\x7a\x78\x48\x30',
        '\x71\x77\x35\x59\x75\x76\x43',
        '\x7a\x4e\x76\x55\x79\x33\x71',
        '\x57\x34\x4e\x64\x52\x53\x6b\x6b\x75\x47\x75',
        '\x43\x4d\x76\x5a\x44\x77\x57',
        '\x57\x52\x46\x64\x50\x71\x57\x67\x6e\x71',
        '\x43\x32\x76\x30\x73\x67\x75',
        '\x44\x4b\x64\x63\x4b\x4d\x7a\x4c',
        '\x79\x4e\x44\x4a\x75\x67\x65',
        '\x74\x64\x79\x59\x57\x35\x4a\x64\x50\x71',
        '\x72\x4a\x79\x39\x57\x34\x4a\x64\x51\x61',
        '\x7a\x76\x6a\x6a\x7a\x77\x79',
        '\x57\x50\x62\x67\x57\x51\x72\x51\x63\x61',
        '\x61\x33\x4a\x63\x4c\x65\x38',
        '\x71\x30\x58\x55\x79\x75\x71',
        '\x79\x32\x58\x48\x43\x33\x6d',
        '\x71\x62\x65\x31\x57\x36\x70\x63\x50\x47',
        '\x45\x4e\x4b\x52',
        '\x46\x43\x6f\x45\x63\x53\x6b\x6d\x77\x61',
        '\x77\x75\x30\x56\x57\x36\x69\x57',
        '\x6d\x38\x6b\x6f\x69\x58\x79\x5a',
        '\x79\x5a\x71\x39\x57\x34\x56\x63\x52\x71',
        '\x57\x35\x65\x6a\x43\x43\x6f\x70\x57\x4f\x75',
        '\x42\x76\x74\x63\x4f\x4c\x78\x63\x4b\x61',
        '\x7a\x77\x35\x30',
        '\x35\x35\x73\x37\x35\x42\x49\x64\x35\x6c\x49\x6b\x35\x52\x6b\x48\x35\x50\x59\x6a',
        '\x57\x37\x50\x37\x69\x78\x4a\x63\x53\x47',
        '\x57\x51\x44\x70\x46\x53\x6f\x46',
        '\x35\x79\x4d\x58\x36\x6c\x2b\x4a\x35\x42\x55\x6d\x35\x41\x59\x50\x35\x7a\x49\x41',
        '\x35\x51\x32\x4a\x35\x7a\x59\x4f\x35\x41\x73\x65\x35\x35\x63\x67\x35\x7a\x55\x2b',
        '\x75\x4e\x50\x65\x74\x4d\x47',
        '\x63\x38\x6b\x4c\x6b\x62\x37\x63\x56\x47',
        '\x57\x4f\x69\x50\x57\x4f\x4e\x63\x50\x6d\x6b\x2f',
        '\x78\x5a\x79\x39\x67\x30\x38',
        '\x57\x34\x65\x44\x57\x36\x37\x64\x50\x53\x6b\x59',
        '\x35\x34\x4d\x68\x35\x41\x73\x58\x36\x6c\x73\x4c\x6f\x47',
        '\x65\x53\x6b\x79\x57\x35\x76\x2b\x57\x35\x38',
        '\x36\x6b\x2b\x45\x35\x42\x49\x39\x35\x37\x73\x47\x35\x50\x32\x71\x6c\x47',
        '\x42\x65\x54\x35\x77\x65\x71',
        '\x44\x53\x6f\x2b\x43\x74\x6a\x44',
        '\x6f\x49\x62\x30\x43\x4d\x65',
        '\x57\x4f\x48\x64\x57\x34\x43\x75\x6e\x71',
        '\x75\x78\x48\x30\x41\x32\x69',
        '\x7a\x30\x74\x63\x4b\x4e\x50\x79',
        '\x76\x5a\x57\x2b',
        '\x7a\x4b\x44\x55\x45\x66\x79',
        '\x44\x4a\x52\x64\x4a\x6d\x6f\x6c',
        '\x41\x67\x66\x5a\x71\x4d\x38',
        '\x57\x37\x34\x35\x6a\x43\x6b\x64\x57\x34\x47',
        '\x45\x77\x66\x36\x45\x75\x6d',
        '\x66\x43\x6f\x78\x67\x32\x61\x75',
        '\x75\x75\x31\x76\x73\x77\x6d',
        '\x67\x53\x6f\x31\x46\x6d\x6f\x4d\x57\x50\x34',
        '\x6e\x38\x6b\x36\x6e\x76\x44\x42',
        '\x42\x67\x39\x4a\x41\x31\x6d',
        '\x57\x50\x58\x68\x46\x38\x6f\x66',
        '\x76\x30\x6a\x66\x71\x75\x57',
        '\x6d\x6d\x6f\x31\x67\x76\x6d\x4f',
        '\x65\x6d\x6f\x71\x57\x50\x76\x54\x44\x71',
        '\x73\x33\x72\x68\x73\x76\x61',
        '\x79\x75\x7a\x31\x72\x67\x53',
        '\x6b\x43\x6b\x2f\x57\x4f\x43',
        '\x57\x50\x71\x53\x57\x4f\x4a\x63\x54\x6d\x6b\x61',
        '\x75\x32\x72\x58\x74\x76\x47',
        '\x57\x34\x66\x32\x74\x59\x44\x6c',
        '\x43\x4b\x50\x6b\x42\x4b\x30',
        '\x57\x51\x6d\x72\x70\x38\x6b\x63\x57\x34\x61',
        '\x57\x50\x65\x47\x57\x4f\x68\x63\x52\x38\x6b\x45',
        '\x57\x52\x64\x64\x56\x43\x6b\x66\x65\x6d\x6b\x73',
        '\x44\x77\x58\x31\x79\x33\x6d',
        '\x77\x75\x54\x77\x76\x67\x34',
        '\x57\x51\x30\x63\x78\x71',
        '\x74\x75\x54\x32\x74\x4b\x34',
        '\x57\x37\x6a\x33\x70\x68\x37\x63\x50\x61',
        '\x57\x50\x78\x64\x49\x6d\x6b\x6f\x65\x38\x6f\x2b',
        '\x69\x72\x2f\x64\x56\x43\x6f\x35\x57\x35\x65',
        '\x41\x74\x70\x64\x55\x74\x4b',
        '\x43\x30\x72\x48\x44\x67\x65',
        '\x44\x53\x6f\x2b\x43\x74\x69\x6e',
        '\x42\x4b\x39\x51\x43\x4d\x38',
        '\x72\x43\x6f\x6b\x57\x51\x65',
        '\x57\x34\x5a\x64\x4a\x6d\x6b\x44\x64\x53\x6b\x73',
        '\x71\x30\x6e\x4c\x77\x75\x79',
        '\x57\x36\x48\x45\x57\x52\x6d\x6a\x77\x61',
        '\x57\x52\x6c\x63\x4e\x63\x54\x2f',
        '\x44\x65\x4c\x54\x79\x77\x43',
        '\x6e\x78\x62\x34\x6f\x57\x4f',
        '\x35\x35\x45\x41\x35\x42\x49\x55\x35\x6c\x55\x69\x35\x52\x67\x4e\x35\x50\x36\x6c',
        '\x73\x4c\x48\x32\x44\x4d\x57',
        '\x41\x4d\x4e\x63\x55\x77\x46\x63\x4d\x61',
        '\x7a\x78\x50\x56\x75\x4e\x47',
        '\x7a\x73\x47\x54\x6e\x74\x61',
        '\x64\x6d\x6f\x76\x57\x4f\x4c\x79\x74\x61',
        '\x42\x4b\x58\x6a\x74\x4c\x79',
        '\x6e\x62\x42\x64\x47\x43\x6f\x34\x57\x36\x79',
        '\x71\x4b\x4c\x67\x41\x78\x47',
        '\x45\x4b\x72\x72\x42\x66\x6d',
        '\x42\x33\x61\x36\x69\x64\x75',
        '\x57\x52\x4c\x61\x7a\x43\x6f\x66',
        '\x57\x52\x6a\x38\x77\x38\x6f\x42\x76\x57',
        '\x57\x51\x34\x74\x75\x6d\x6b\x6d\x57\x37\x43',
        '\x6a\x62\x33\x64\x47\x6d\x6f\x59\x57\x36\x43',
        '\x65\x4d\x4e\x63\x55\x4e\x30\x6b',
        '\x72\x43\x6b\x42\x57\x4f\x66\x79\x75\x47',
        '\x67\x48\x6e\x41\x68\x43\x6f\x30',
        '\x57\x52\x6c\x64\x54\x53\x6b\x71\x66\x38\x6b\x64',
        '\x6b\x38\x6f\x64\x6c\x68\x79\x39',
        '\x35\x42\x45\x59\x35\x36\x45\x37\x36\x7a\x4d\x4b\x35\x4f\x4d\x61\x35\x50\x59\x6a',
        '\x44\x58\x69\x6c\x64\x4d\x75',
        '\x36\x6c\x77\x31\x37\x37\x32\x77\x36\x6b\x2b\x76\x35\x6c\x59\x36\x35\x35\x41\x4b',
        '\x6c\x58\x37\x64\x54\x38\x6f\x62\x57\x37\x79',
        '\x76\x77\x44\x63\x77\x76\x61',
        '\x57\x4f\x70\x63\x50\x53\x6f\x70\x68\x6d\x6b\x2b',
        '\x57\x35\x6d\x62\x44\x38\x6f\x4c\x57\x4f\x71',
        '\x62\x6d\x6f\x59\x57\x51\x44\x43\x44\x47',
        '\x74\x75\x54\x66\x7a\x4b\x6d',
        '\x57\x50\x31\x4d\x57\x51\x54\x54\x6f\x71',
        '\x7a\x32\x76\x6f\x75\x4d\x43',
        '\x35\x51\x36\x6e\x35\x7a\x2b\x56\x35\x51\x67\x4f\x35\x52\x73\x59\x35\x6c\x49\x2b',
        '\x64\x67\x4f\x6f\x57\x35\x79',
        '\x57\x34\x54\x67\x75\x58\x57',
        '\x43\x4c\x72\x78\x7a\x75\x6d',
        '\x57\x36\x57\x34\x6e\x33\x57',
        '\x57\x37\x5a\x64\x52\x43\x6b\x6f\x46\x64\x38',
        '\x7a\x4d\x39\x59\x42\x77\x65',
        '\x79\x77\x6e\x30\x41\x77\x38',
        '\x79\x73\x52\x64\x53\x6d\x6f\x6d\x57\x35\x56\x64\x4d\x53\x6b\x57',
        '\x72\x68\x76\x5a\x71\x76\x61',
        '\x79\x77\x58\x30',
        '\x36\x69\x41\x76\x37\x37\x36\x58\x36\x6b\x59\x51\x35\x6c\x32\x4c\x35\x35\x77\x70',
        '\x6d\x32\x75\x55\x57\x36\x74\x63\x55\x61',
        '\x7a\x4d\x4c\x53\x7a\x78\x6d',
        '\x6a\x48\x33\x64\x47\x6d\x6f\x2f\x57\x37\x53',
        '\x65\x57\x2f\x64\x4b\x6d\x6f\x72\x57\x37\x43',
        '\x57\x37\x33\x64\x48\x53\x6b\x59\x57\x4f\x65',
        '\x57\x52\x44\x72\x57\x51\x6a\x5a\x66\x57',
        '\x74\x33\x7a\x36\x77\x78\x6d',
        '\x57\x36\x79\x64\x6a\x53\x6b\x32\x57\x37\x38',
        '\x57\x51\x70\x64\x55\x38\x6b\x71\x68\x43\x6b\x4c',
        '\x77\x65\x39\x71\x44\x33\x4b',
        '\x6a\x43\x6b\x37\x70\x78\x44\x6f',
        '\x69\x64\x61\x53\x69\x64\x61',
        '\x57\x51\x34\x67\x75\x6d\x6b\x5a\x57\x36\x79',
        '\x57\x52\x33\x64\x48\x64\x53\x5a\x67\x61',
        '\x7a\x32\x44\x4c\x43\x47',
        '\x6d\x32\x74\x63\x51\x76\x34\x50',
        '\x44\x73\x66\x6f\x77\x43\x6f\x52',
        '\x71\x73\x34\x48\x57\x52\x72\x55',
        '\x42\x33\x72\x48\x44\x67\x4b',
        '\x79\x4d\x50\x4c\x79\x33\x71',
        '\x76\x77\x39\x4a\x79\x4c\x69',
        '\x57\x35\x4e\x64\x4e\x6d\x6b\x56\x46\x71\x69',
        '\x57\x51\x52\x64\x4a\x59\x65\x42\x66\x61',
        '\x63\x38\x6f\x48\x6b\x6d\x6b\x46\x75\x71',
        '\x43\x67\x66\x4a\x7a\x71',
        '\x77\x76\x74\x63\x4c\x66\x50\x78',
        '\x6a\x63\x56\x64\x56\x6d\x6b\x41\x57\x52\x34',
        '\x57\x36\x72\x57\x42\x32\x56\x63\x52\x47',
        '\x42\x30\x44\x6f\x73\x33\x79',
        '\x45\x75\x48\x4b\x75\x32\x34',
        '\x42\x77\x39\x4b\x79\x77\x57',
        '\x61\x67\x31\x31\x57\x37\x30\x48',
        '\x77\x68\x48\x68\x41\x31\x75',
        '\x42\x32\x35\x30\x7a\x77\x34',
        '\x76\x33\x42\x64\x54\x43\x6b\x73\x72\x71',
        '\x42\x66\x76\x75\x41\x67\x71',
        '\x57\x34\x79\x58\x78\x53\x6f\x4d\x57\x50\x69',
        '\x57\x34\x38\x4a\x76\x6d\x6f\x38\x57\x52\x34',
        '\x57\x50\x6e\x69\x57\x52\x68\x63\x52\x38\x6f\x34',
        '\x70\x6d\x6b\x33\x6f\x4c\x50\x33',
        '\x79\x78\x4c\x50\x79\x33\x4f',
        '\x71\x77\x58\x74\x7a\x68\x4f',
        '\x64\x32\x65\x6a\x57\x34\x46\x63\x53\x71',
        '\x57\x36\x30\x68\x67\x38\x6b\x32\x57\x37\x57',
        '\x72\x66\x4c\x71\x45\x65\x4b',
        '\x79\x53\x6f\x37\x57\x37\x6e\x41',
        '\x43\x4d\x72\x4c\x43\x4e\x6d',
        '\x57\x52\x66\x61\x79\x38\x6f\x46\x79\x57',
        '\x71\x32\x35\x31\x75\x32\x57',
        '\x69\x63\x61\x47\x79\x4d\x65',
        '\x57\x4f\x46\x63\x56\x38\x6f\x6e\x68\x43\x6b\x2f',
        '\x41\x68\x6a\x4c\x7a\x47',
        '\x57\x35\x31\x42\x44\x47\x72\x77',
        '\x35\x6c\x32\x35\x35\x41\x32\x31\x35\x7a\x49\x41\x35\x34\x49\x62\x35\x41\x73\x74',
        '\x77\x76\x72\x32\x45\x4b\x65',
        '\x76\x6d\x6b\x4a\x57\x36\x47\x41',
        '\x57\x50\x31\x6b\x57\x51\x6a\x56\x64\x57',
        '\x72\x65\x48\x76\x45\x68\x69',
        '\x57\x52\x74\x64\x48\x73\x34\x42\x6e\x57',
        '\x43\x67\x58\x50\x7a\x78\x69',
        '\x57\x51\x52\x64\x55\x72\x47\x38\x66\x71',
        '\x44\x67\x4c\x55\x45\x75\x79',
        '\x57\x52\x6d\x75\x71\x43\x6b\x6f\x57\x34\x75',
        '\x71\x75\x72\x55\x7a\x68\x4f',
        '\x6a\x53\x6b\x30\x70\x68\x76\x70',
        '\x42\x67\x66\x55\x7a\x67\x30',
        '\x57\x50\x4a\x63\x54\x47\x39\x66\x66\x57',
        '\x43\x4d\x76\x48\x7a\x65\x65',
        '\x45\x78\x66\x6a\x43\x4b\x4b',
        '\x57\x34\x52\x63\x4f\x73\x74\x64\x49\x6d\x6f\x56',
        '\x71\x5a\x4b\x36\x57\x51\x38\x50',
        '\x6f\x38\x6b\x2b\x57\x50\x43',
        '\x73\x31\x50\x35\x73\x4d\x34',
        '\x7a\x30\x6e\x66\x71\x4b\x75',
        '\x57\x34\x71\x49\x72\x43\x6f\x4c\x57\x50\x4f',
        '\x77\x67\x56\x64\x52\x53\x6b\x6f\x73\x71',
        '\x72\x30\x66\x50\x71\x4b\x47',
        '\x57\x37\x31\x74\x6a\x31\x68\x63\x51\x57',
        '\x41\x53\x6b\x2f\x57\x37\x47\x41\x64\x71',
        '\x57\x37\x69\x34\x6d\x4d\x68\x64\x54\x47',
        '\x73\x77\x31\x48\x7a\x32\x75',
        '\x42\x77\x66\x34\x76\x32\x4b',
        '\x71\x4c\x66\x79\x44\x77\x57',
        '\x79\x6d\x6f\x2f\x57\x36\x71\x64\x43\x57',
        '\x71\x6d\x6b\x78\x57\x34\x30\x71\x61\x71',
        '\x57\x51\x44\x36\x71\x43\x6f\x79\x45\x71',
        '\x6a\x43\x6b\x51\x6d\x68\x7a\x79',
        '\x67\x53\x6b\x4b\x62\x47\x69\x6b',
        '\x77\x63\x33\x64\x53\x53\x6f\x6e\x66\x71',
        '\x57\x36\x56\x63\x53\x47\x37\x64\x55\x53\x6f\x6d',
        '\x75\x74\x47\x57\x57\x51\x39\x34',
        '\x76\x77\x44\x64\x43\x65\x65',
        '\x72\x30\x6a\x5a\x41\x4c\x79',
        '\x57\x52\x6a\x65\x41\x43\x6f\x73\x42\x47',
        '\x6e\x38\x6f\x42\x66\x53\x6b\x6d\x78\x47',
        '\x77\x53\x6b\x4a\x6e\x61\x42\x63\x52\x47',
        '\x41\x67\x66\x5a\x71\x32\x38',
        '\x57\x50\x72\x69\x57\x51\x72\x51\x6e\x47',
        '\x73\x66\x66\x6b\x43\x68\x6d',
        '\x57\x34\x44\x62\x57\x4f\x75\x31\x75\x71',
        '\x69\x32\x37\x63\x55\x76\x69',
        '\x75\x65\x72\x74\x44\x4e\x71',
        '\x6d\x43\x6b\x32\x6a\x71',
        '\x57\x51\x58\x74\x57\x52\x76\x73\x6e\x47',
        '\x75\x4b\x42\x63\x4c\x32\x7a\x51',
        '\x67\x6d\x6b\x71\x66\x66\x31\x49',
        '\x42\x4c\x48\x65\x72\x66\x75',
        '\x42\x77\x66\x55\x44\x77\x65',
        '\x57\x36\x69\x39\x79\x43\x6f\x41\x57\x51\x34',
        '\x69\x63\x61\x47\x79\x32\x38',
        '\x79\x31\x37\x63\x4d\x61',
        '\x66\x38\x6b\x74\x57\x34\x39\x39\x57\x37\x75',
        '\x79\x32\x39\x31\x42\x4e\x71',
        '\x41\x76\x56\x63\x4e\x75\x4e\x63\x50\x47',
        '\x74\x65\x7a\x4d\x42\x78\x65',
        '\x35\x52\x45\x37\x35\x79\x51\x47\x35\x42\x49\x39\x35\x41\x32\x71\x35\x41\x73\x58',
        '\x64\x64\x68\x64\x50\x53\x6f\x53\x57\x35\x43',
        '\x77\x64\x57\x59\x57\x34\x4a\x63\x52\x71',
        '\x57\x34\x4b\x6e\x57\x4f\x48\x41\x42\x61',
        '\x79\x4d\x39\x34',
        '\x75\x4e\x66\x72\x7a\x4d\x43',
        '\x42\x77\x76\x5a\x43\x32\x65',
        '\x44\x67\x4c\x32\x7a\x75\x38',
        '\x42\x33\x7a\x4c\x42\x77\x75',
        '\x42\x4d\x43\x36\x69\x64\x65',
        '\x42\x67\x39\x48\x7a\x65\x79',
        '\x73\x58\x69\x4c\x66\x61',
        '\x42\x49\x61\x4f\x7a\x4e\x75',
        '\x57\x50\x75\x63\x73\x6d\x6b\x7a\x57\x36\x43',
        '\x77\x65\x50\x70\x43\x31\x71',
        '\x44\x67\x54\x68\x41\x77\x30',
        '\x75\x68\x70\x64\x52\x6d\x6b\x79\x41\x47',
        '\x72\x4a\x79\x37',
        '\x72\x65\x66\x4f\x72\x4b\x57',
        '\x6b\x53\x6b\x6d\x62\x66\x61\x4c',
        '\x46\x68\x4b\x50\x57\x35\x6d\x54',
        '\x57\x51\x79\x77\x57\x52\x74\x63\x4b\x53\x6b\x6f',
        '\x63\x73\x31\x78\x64\x6d\x6f\x51',
        '\x43\x32\x76\x53\x7a\x77\x6d',
        '\x79\x33\x6a\x56\x43\x33\x6d',
        '\x6d\x63\x30\x35\x79\x73\x30',
        '\x7a\x32\x76\x30\x72\x77\x57',
        '\x44\x67\x39\x65\x79\x78\x71',
        '\x65\x47\x4e\x64\x4a\x43\x6f\x44\x57\x36\x71',
        '\x74\x71\x56\x64\x4b\x43\x6f\x76\x6e\x47',
        '\x79\x32\x58\x4c\x79\x78\x69',
        '\x77\x77\x48\x65\x76\x4e\x71',
        '\x6e\x53\x6f\x33\x63\x43\x6b\x69\x75\x71',
        '\x57\x34\x37\x64\x52\x38\x6f\x43\x63\x38\x6f\x58',
        '\x74\x67\x72\x56\x74\x68\x6d',
        '\x76\x5a\x43\x4b\x67\x76\x75',
        '\x76\x49\x6e\x6e\x57\x50\x6c\x64\x50\x71',
        '\x69\x48\x78\x64\x49\x38\x6f\x31\x57\x51\x47',
        '\x6e\x64\x50\x70\x57\x35\x78\x64\x50\x47',
        '\x63\x61\x33\x64\x4b\x38\x6b\x49\x57\x50\x57',
        '\x57\x35\x6a\x56\x68\x4d\x37\x63\x4b\x61',
        '\x7a\x4b\x68\x63\x50\x4b\x42\x63\x53\x47',
        '\x57\x35\x71\x57\x6e\x4d\x2f\x64\x49\x47',
        '\x6e\x6d\x6b\x32\x57\x37\x7a\x55\x57\x36\x38',
        '\x43\x4e\x6e\x67\x75\x4c\x65',
        '\x57\x51\x78\x63\x4b\x73\x7a\x39',
        '\x35\x7a\x36\x45\x36\x6b\x59\x77\x35\x42\x4d\x39\x36\x6c\x45\x34\x35\x52\x49\x78',
        '\x36\x6c\x73\x4f\x37\x37\x32\x41\x36\x6b\x32\x53\x36\x79\x41\x62\x36\x6b\x36\x4f',
        '\x41\x77\x35\x50\x44\x61',
        '\x41\x67\x66\x30\x73\x77\x30',
        '\x35\x34\x4d\x2b\x6b\x38\x6b\x56\x57\x34\x34',
        '\x45\x4b\x70\x63\x4f\x30\x2f\x63\x4a\x47',
        '\x44\x75\x72\x4b\x7a\x66\x79',
        '\x57\x34\x6d\x63\x64\x53\x6b\x75\x57\x36\x61',
        '\x7a\x68\x4c\x58\x77\x4c\x61',
        '\x6f\x64\x61\x58\x6f\x74\x4b\x32\x44\x4e\x48\x71\x41\x75\x58\x67',
        '\x57\x34\x66\x38\x70\x4b\x4e\x63\x47\x47',
        '\x42\x4c\x62\x64\x43\x4d\x75',
        '\x77\x38\x6b\x4d\x41\x5a\x66\x42',
        '\x74\x4d\x48\x30\x75\x4e\x65',
        '\x77\x4c\x4c\x6a\x77\x67\x71',
        '\x35\x41\x73\x55\x36\x6c\x73\x75\x57\x36\x53\x61',
        '\x43\x68\x76\x5a\x41\x61',
        '\x75\x66\x4c\x36\x72\x4c\x47',
        '\x7a\x4d\x58\x56\x79\x78\x71',
        '\x70\x66\x79\x4b\x57\x37\x52\x63\x52\x71',
        '\x74\x68\x62\x36\x73\x75\x4f',
        '\x57\x36\x37\x64\x51\x38\x6b\x6f\x57\x51\x48\x66',
        '\x57\x37\x76\x2b\x57\x50\x30\x4f\x42\x47',
        '\x35\x7a\x2b\x59\x36\x6b\x32\x61\x35\x42\x55\x6d\x77\x71',
        '\x42\x49\x35\x51\x43\x32\x71',
        '\x75\x77\x44\x4b\x45\x4d\x4b',
        '\x61\x6d\x6f\x6a\x57\x50\x39\x73\x72\x47',
        '\x57\x50\x5a\x64\x52\x47\x79\x6d\x69\x47',
        '\x7a\x32\x76\x30\x71\x77\x6d',
        '\x57\x34\x34\x49\x6b\x67\x4e\x64\x4d\x57',
        '\x79\x4b\x54\x41\x44\x33\x79',
        '\x43\x75\x4a\x63\x4e\x57',
        '\x57\x37\x76\x2f\x69\x33\x42\x63\x51\x61',
        '\x57\x50\x76\x6f\x57\x51\x4b',
        '\x57\x35\x4a\x63\x50\x4a\x74\x64\x53\x6d\x6f\x55',
        '\x6d\x43\x6b\x37\x6a\x76\x44\x62',
        '\x79\x77\x72\x4b\x72\x78\x79',
        '\x57\x36\x4b\x49\x74\x43\x6f\x71\x57\x4f\x71',
        '\x44\x67\x39\x59\x71\x77\x57',
        '\x57\x4f\x78\x64\x48\x53\x6b\x6f\x62\x6d\x6f\x56',
        '\x7a\x63\x62\x30\x42\x59\x61',
        '\x75\x31\x44\x52\x43\x66\x4f',
        '\x76\x63\x43\x35\x57\x52\x6e\x64',
        '\x41\x4c\x50\x71\x74\x32\x38',
        '\x45\x77\x6e\x56\x74\x4c\x75',
        '\x57\x4f\x42\x64\x47\x4d\x64\x63\x4e\x6d\x6b\x4e',
        '\x44\x67\x76\x4a\x44\x67\x38',
        '\x57\x52\x52\x64\x48\x73\x53\x67',
        '\x7a\x75\x66\x68\x43\x76\x4f',
        '\x57\x51\x6c\x64\x51\x53\x6b\x75\x63\x38\x6f\x6c',
        '\x69\x67\x4c\x54\x79\x77\x43',
        '\x57\x36\x68\x64\x49\x53\x6b\x30\x57\x4f\x48\x4c',
        '\x76\x65\x4e\x63\x4c\x33\x6e\x6a',
        '\x74\x75\x66\x64\x76\x30\x30',
        '\x57\x51\x42\x63\x52\x73\x48\x52\x63\x57',
        '\x35\x79\x51\x47\x36\x6c\x32\x39\x35\x7a\x59\x4a\x36\x6b\x2b\x45\x35\x42\x49\x39',
        '\x42\x65\x70\x63\x53\x47',
        '\x63\x43\x6b\x70\x57\x50\x4b\x35\x57\x51\x57',
        '\x70\x43\x6b\x53\x57\x51\x4b\x41\x57\x50\x4f',
        '\x6d\x57\x37\x64\x4c\x53\x6f\x30\x57\x36\x61',
        '\x64\x53\x6f\x6a\x57\x50\x72\x41\x46\x57',
        '\x43\x33\x72\x59\x41\x77\x34',
        '\x42\x31\x62\x6f\x45\x66\x47',
        '\x57\x52\x66\x33\x57\x50\x44\x79\x67\x71',
        '\x75\x4e\x76\x58\x45\x67\x65',
        '\x75\x63\x43\x53\x66\x71',
        '\x6e\x31\x7a\x75\x76\x30\x4c\x52\x73\x57',
        '\x41\x62\x35\x72\x57\x36\x33\x64\x51\x65\x38\x63',
        '\x7a\x75\x6e\x4f\x41\x77\x57',
        '\x79\x32\x4a\x63\x4d\x4d\x6a\x43',
        '\x79\x31\x44\x6b\x76\x75\x34',
        '\x44\x64\x4f\x47\x6e\x74\x61',
        '\x44\x77\x35\x4b\x6f\x49\x61',
        '\x41\x76\x42\x63\x47\x4b\x72\x52',
        '\x44\x67\x66\x49\x42\x67\x75',
        '\x79\x58\x74\x64\x53\x43\x6f\x36\x69\x61',
        '\x72\x66\x76\x74\x76\x65\x75',
        '\x79\x75\x54\x64\x41\x68\x4b',
        '\x44\x67\x58\x31\x77\x68\x4f',
        '\x67\x66\x70\x63\x49\x4b\x43\x34',
        '\x6d\x38\x6f\x54\x6b\x68\x43\x34',
        '\x41\x77\x35\x55\x7a\x78\x69',
        '\x36\x6b\x59\x70\x35\x79\x77\x56\x35\x6c\x55\x6e\x35\x6c\x59\x48\x35\x7a\x51\x66',
        '\x57\x51\x56\x64\x4e\x4a\x79\x74\x66\x61',
        '\x79\x4d\x54\x4b\x44\x77\x38',
        '\x45\x76\x4a\x63\x47\x4b\x7a\x50',
        '\x78\x76\x64\x63\x53\x4b\x56\x63\x4a\x57',
        '\x6a\x48\x33\x64\x48\x38\x6f\x2b',
        '\x57\x51\x57\x63\x72\x38\x6b\x69',
        '\x76\x65\x54\x71\x75\x68\x6d',
        '\x41\x77\x35\x4e\x72\x67\x75',
        '\x78\x4a\x79\x39\x6e\x65\x69',
        '\x41\x78\x44\x73\x7a\x4b\x53',
        '\x42\x49\x47\x50\x69\x61',
        '\x71\x38\x6f\x6c\x57\x52\x56\x63\x53\x43\x6b\x42',
        '\x43\x65\x39\x50\x41\x65\x30',
        '\x57\x4f\x52\x64\x4b\x61\x75\x5a\x66\x47',
        '\x44\x67\x39\x57',
        '\x74\x30\x48\x4f\x41\x76\x4f',
        '\x7a\x47\x46\x64\x55\x74\x34\x52',
        '\x57\x37\x76\x32\x6c\x4e\x42\x63\x51\x61',
        '\x76\x4c\x7a\x36\x75\x65\x34',
        '\x57\x4f\x33\x63\x4e\x43\x6f\x39\x6f\x4b\x43',
        '\x70\x6d\x6b\x30\x57\x52\x61\x63\x57\x51\x79',
        '\x44\x78\x6e\x4c\x43\x4b\x65',
        '\x45\x38\x6f\x37\x57\x36\x71',
        '\x42\x32\x66\x4b',
        '\x6c\x38\x6b\x2b\x57\x50\x43\x5a\x57\x52\x47',
        '\x6d\x65\x6c\x63\x54\x65\x4b\x6c',
        '\x43\x32\x76\x30\x76\x32\x4b',
        '\x57\x50\x48\x7a\x57\x37\x61\x61\x69\x71',
        '\x57\x36\x31\x41\x57\x4f\x4f\x62\x7a\x61',
        '\x77\x65\x6e\x57\x41\x68\x71',
        '\x45\x53\x6f\x46\x57\x37\x58\x63',
        '\x57\x36\x2f\x64\x4a\x38\x6b\x69\x73\x5a\x69',
        '\x79\x31\x6d\x41\x57\x34\x38\x70',
        '\x43\x4d\x39\x31\x42\x4d\x71',
        '\x61\x59\x44\x61\x57\x50\x46\x64\x55\x71',
        '\x79\x77\x58\x53',
        '\x66\x43\x6f\x78\x57\x4f\x72\x79\x72\x47',
        '\x6a\x38\x6b\x45\x57\x4f\x61\x62\x57\x50\x30',
        '\x73\x67\x58\x78\x76\x4e\x79',
        '\x43\x4e\x76\x4a\x44\x67\x38',
        '\x7a\x74\x4f\x47',
        '\x57\x36\x4b\x68\x68\x43\x6b\x41\x57\x37\x79',
        '\x57\x52\x4e\x64\x4a\x49\x53\x36\x62\x57',
        '\x57\x51\x42\x63\x49\x53\x6f\x6f\x66\x6d\x6f\x62',
        '\x57\x35\x7a\x69\x57\x4f\x4b\x50\x76\x61',
        '\x43\x4b\x6a\x73\x73\x33\x43',
        '\x57\x51\x79\x68\x69\x6d\x6b\x39\x57\x37\x79',
        '\x57\x52\x69\x55\x73\x43\x6b\x44\x57\x36\x6d',
        '\x62\x43\x6f\x54\x6a\x31\x53\x44',
        '\x7a\x78\x69\x54\x7a\x78\x79',
        '\x61\x49\x38\x7a\x57\x34\x33\x64\x51\x71',
        '\x41\x78\x72\x50\x42\x32\x34',
        '\x77\x4b\x7a\x5a\x73\x78\x75',
        '\x42\x47\x62\x38\x74\x6d\x6f\x38',
        '\x57\x36\x75\x62\x61\x38\x6b\x43\x57\x36\x71',
        '\x42\x4d\x58\x63\x42\x75\x6d',
        '\x73\x4e\x46\x64\x4f\x47',
        '\x6c\x57\x4e\x64\x48\x43\x6f\x45\x57\x36\x43',
        '\x73\x31\x50\x4f\x44\x78\x4f',
        '\x70\x58\x56\x64\x4a\x6d\x6f\x56',
        '\x44\x4b\x72\x72\x79\x77\x38',
        '\x6d\x4d\x74\x63\x51\x77\x4f\x34',
        '\x74\x77\x74\x64\x53\x38\x6b\x68\x76\x71',
        '\x35\x79\x51\x47\x36\x6c\x32\x39\x35\x6c\x49\x54\x6c\x49\x34',
        '\x69\x64\x66\x59\x7a\x77\x30',
        '\x79\x59\x64\x64\x49\x38\x6f\x38\x62\x57',
        '\x71\x4d\x7a\x55\x75\x31\x47',
        '\x57\x34\x76\x77\x41\x71\x57',
        '\x43\x68\x6a\x56\x44\x67\x38',
        '\x63\x49\x61\x47\x69\x63\x61',
        '\x57\x36\x34\x53\x62\x38\x6b\x41\x57\x36\x4b',
        '\x43\x4c\x72\x35\x43\x66\x79',
        '\x79\x78\x62\x57\x7a\x77\x34',
        '\x41\x67\x76\x50\x7a\x32\x47',
        '\x77\x4d\x44\x4d\x76\x4b\x47',
        '\x78\x66\x37\x63\x56\x75\x2f\x63\x4a\x47',
        '\x6e\x61\x4c\x34\x57\x34\x37\x64\x52\x61',
        '\x57\x4f\x4b\x76\x74\x43\x6b\x42\x57\x36\x30',
        '\x57\x37\x44\x56\x6b\x4d\x37\x63\x4f\x71',
        '\x75\x4b\x50\x76\x71\x78\x75',
        '\x77\x78\x44\x31\x73\x77\x79',
        '\x72\x68\x4c\x36\x73\x66\x71',
        '\x6a\x6d\x6b\x43\x66\x4a\x4b\x78',
        '\x57\x34\x57\x66\x75\x6d\x6f\x36\x57\x4f\x34',
        '\x7a\x4b\x54\x33\x44\x67\x38',
        '\x7a\x32\x54\x6c\x72\x33\x4b',
        '\x57\x4f\x72\x78\x57\x34\x4b\x56\x74\x61',
        '\x69\x59\x6e\x63\x57\x36\x37\x64\x4e\x57',
        '\x77\x75\x66\x34\x77\x66\x71',
        '\x57\x50\x5a\x64\x4b\x38\x6b\x63\x68\x6d\x6b\x56',
        '\x75\x6d\x6b\x41\x57\x36\x4b\x67\x6e\x61',
        '\x76\x68\x66\x41\x42\x30\x65',
        '\x43\x33\x72\x48\x44\x67\x75',
        '\x57\x52\x4e\x64\x4d\x4a\x38\x74\x63\x61',
        '\x7a\x4e\x72\x66\x45\x77\x75',
        '\x71\x30\x76\x78\x74\x33\x71',
        '\x70\x38\x6b\x57\x6e\x78\x44\x76',
        '\x57\x4f\x57\x52\x57\x4f\x64\x63\x52\x38\x6b\x6a',
        '\x57\x36\x38\x62\x67\x38\x6b\x2f\x57\x36\x57',
        '\x70\x4b\x64\x63\x4c\x68\x44\x7a',
        '\x57\x4f\x72\x6b\x57\x37\x34\x46\x63\x57',
        '\x57\x50\x65\x75\x6a\x6d\x6b\x54\x57\x34\x69',
        '\x74\x67\x4c\x5a\x44\x61',
        '\x43\x30\x66\x48\x74\x77\x57',
        '\x69\x53\x6b\x33\x70\x4e\x57\x78',
        '\x79\x77\x72\x4b',
        '\x57\x50\x69\x4d\x57\x51\x2f\x63\x49\x38\x6b\x54',
        '\x7a\x72\x31\x75\x42\x43\x6f\x65',
        '\x45\x6d\x6f\x52\x57\x36\x71',
        '\x57\x4f\x38\x47\x57\x4f\x47',
        '\x57\x35\x70\x63\x52\x74\x74\x64\x4a\x57',
        '\x7a\x31\x62\x63\x71\x33\x47',
        '\x57\x34\x31\x42\x57\x4f\x65\x6a\x71\x61',
        '\x7a\x78\x4c\x6b\x45\x4b\x30',
        '\x41\x77\x31\x48\x7a\x32\x75',
        '\x6e\x38\x6b\x67\x63\x33\x75\x68',
        '\x57\x4f\x4a\x63\x4d\x73\x76\x56\x66\x57',
        '\x73\x43\x6f\x6b\x57\x52\x56\x63\x50\x38\x6b\x44',
        '\x62\x67\x61\x6a\x57\x35\x53',
        '\x57\x34\x69\x36\x6c\x76\x4a\x64\x50\x61',
        '\x72\x49\x39\x6e\x57\x34\x68\x63\x50\x47',
        '\x77\x77\x31\x72\x7a\x4c\x79',
        '\x41\x38\x6b\x56\x57\x36\x38\x4d\x62\x57',
        '\x64\x38\x6f\x77\x57\x4f\x66\x31\x79\x57',
        '\x62\x53\x6f\x56\x6c\x32\x75\x74',
        '\x42\x53\x6f\x44\x57\x36\x48\x4c\x43\x71',
        '\x57\x50\x64\x64\x56\x47\x69\x5a',
        '\x79\x78\x66\x30\x7a\x33\x69',
        '\x7a\x32\x76\x55\x44\x61',
        '\x57\x50\x56\x63\x47\x62\x6a\x4b\x6a\x57',
        '\x57\x35\x68\x63\x49\x6d\x6f\x77\x42\x43\x6b\x43',
        '\x57\x36\x71\x69\x76\x43\x6f\x74\x57\x52\x71',
        '\x42\x32\x35\x53\x42\x32\x65',
        '\x76\x53\x6f\x2b\x44\x57',
        '\x45\x48\x70\x64\x4a\x4a\x79\x70',
        '\x79\x38\x6b\x78\x74\x6d\x6f\x77\x6e\x47',
        '\x57\x51\x75\x69\x73\x53\x6b\x70\x57\x37\x61',
        '\x46\x43\x6b\x70\x57\x37\x43\x6c\x64\x57',
        '\x70\x53\x6b\x53\x6e\x68\x71',
        '\x57\x34\x68\x64\x47\x43\x6b\x41\x57\x50\x54\x30',
        '\x57\x50\x66\x64\x57\x51\x75',
        '\x71\x4e\x76\x72\x7a\x4b\x79',
        '\x73\x30\x31\x51\x77\x66\x75',
        '\x44\x67\x39\x74\x44\x68\x69',
        '\x75\x53\x6f\x36\x79\x6d\x6f\x6c\x57\x50\x71',
        '\x43\x4d\x34\x47\x44\x67\x47',
        '\x79\x32\x39\x55\x43\x32\x38',
        '\x6f\x59\x4c\x6c\x57\x35\x64\x64\x53\x61',
        '\x57\x34\x65\x31\x69\x65\x64\x64\x4a\x47',
        '\x41\x4b\x35\x31\x43\x75\x47',
        '\x7a\x4d\x39\x59\x72\x77\x65',
        '\x43\x31\x66\x56\x75\x4e\x61',
        '\x45\x38\x6b\x4c\x57\x37\x75\x44\x64\x71',
        '\x35\x51\x32\x4a\x35\x7a\x59\x4f\x35\x79\x51\x47\x36\x6c\x32\x39\x35\x7a\x59\x4a',
        '\x57\x50\x6d\x31\x41\x61',
        '\x57\x4f\x50\x66\x57\x4f\x75\x59\x64\x57',
        '\x57\x51\x62\x70\x46\x53\x6f\x75\x44\x61',
        '\x41\x74\x58\x6d\x79\x61',
        '\x57\x36\x78\x64\x49\x53\x6b\x5a\x57\x4f\x48\x35',
        '\x41\x78\x48\x4c\x7a\x64\x53',
        '\x57\x34\x69\x37\x69\x77\x56\x64\x4d\x57',
        '\x42\x77\x66\x4e\x7a\x74\x4f',
        '\x57\x50\x79\x68\x57\x36\x39\x4e\x64\x47',
        '\x43\x4d\x6a\x65\x72\x33\x4b',
        '\x57\x51\x64\x63\x49\x38\x6f\x42\x65\x6d\x6f\x58',
        '\x57\x4f\x31\x65\x57\x35\x53\x42\x6c\x47',
        '\x57\x37\x75\x63\x6c\x6d\x6b\x43\x6c\x57',
        '\x64\x32\x2f\x63\x4c\x4d\x47\x48',
        '\x44\x43\x6f\x67\x46\x4e\x76\x73',
        '\x6b\x49\x47\x2f\x6f\x4c\x53',
        '\x7a\x4b\x6e\x34\x73\x32\x53',
        '\x42\x4d\x39\x33',
        '\x6f\x38\x6b\x50\x57\x4f\x61',
        '\x57\x50\x53\x51\x67\x38\x6b\x47',
        '\x57\x4f\x50\x5a\x57\x52\x35\x58\x6c\x71',
        '\x74\x4b\x6e\x55\x44\x66\x79',
        '\x61\x53\x6b\x41\x57\x35\x66\x78\x57\x34\x61',
        '\x77\x76\x34\x30\x57\x37\x4b\x4e',
        '\x71\x77\x6a\x36\x74\x75\x65',
        '\x66\x53\x6f\x6a\x57\x4f\x34',
        '\x62\x53\x6f\x56\x67\x4e\x4f\x44',
        '\x71\x43\x6f\x6f\x57\x34\x62\x33\x45\x61',
        '\x78\x74\x79\x39\x68\x75\x71',
        '\x35\x42\x49\x39\x35\x41\x32\x71\x35\x42\x45\x59\x36\x7a\x77\x43\x35\x79\x6f\x70',
        '\x6d\x4a\x79\x57\x6e\x4a\x65\x5a\x74\x4e\x48\x6b\x41\x4d\x31\x53',
        '\x41\x78\x72\x4c\x42\x71',
        '\x7a\x67\x4c\x32',
        '\x41\x67\x66\x30\x74\x32\x69',
        '\x57\x4f\x4c\x65\x57\x51\x4e\x63\x56\x38\x6f\x55',
        '\x6f\x53\x6b\x4a\x61\x66\x4f\x6c',
        '\x43\x4d\x76\x30\x44\x78\x69',
        '\x6e\x32\x42\x63\x4a\x4e\x69\x70',
        '\x43\x4d\x44\x49\x79\x73\x47',
        '\x57\x52\x7a\x62\x46\x53\x6f\x30\x45\x57',
        '\x43\x43\x6b\x4b\x57\x36\x53\x42\x66\x47',
        '\x57\x51\x31\x35\x57\x36\x75\x74\x6b\x61',
        '\x43\x33\x72\x35\x42\x67\x75',
        '\x43\x32\x76\x30\x73\x77\x34',
        '\x7a\x4d\x35\x4f\x77\x4c\x4f',
        '\x44\x64\x31\x76',
        '\x6d\x53\x6b\x44\x6f\x78\x54\x62',
        '\x46\x43\x6f\x75\x45\x43\x6f\x66\x57\x4f\x34',
        '\x57\x34\x68\x64\x49\x53\x6b\x30\x57\x4f\x48\x4c',
        '\x57\x52\x58\x4c\x57\x51\x4c\x71\x69\x57',
        '\x57\x4f\x48\x64\x57\x34\x57\x78\x6c\x71',
        '\x7a\x65\x6e\x4f\x41\x77\x57',
        '\x57\x35\x56\x64\x4a\x53\x6b\x79\x74\x49\x57',
        '\x43\x33\x62\x53\x41\x78\x71',
        '\x41\x38\x6f\x53\x57\x37\x76\x70\x42\x47',
        '\x71\x38\x6f\x77\x57\x52\x52\x63\x53\x43\x6b\x43',
        '\x67\x53\x6b\x2b\x6e\x71\x53',
        '\x35\x41\x73\x58\x36\x6c\x73\x4c\x6f\x49\x61',
        '\x7a\x75\x7a\x65\x77\x4b\x75',
        '\x66\x38\x6f\x74\x61\x66\x34\x52',
        '\x70\x43\x6f\x74\x65\x43\x6b\x79\x74\x47',
        '\x57\x50\x52\x63\x50\x53\x6f\x41\x68\x53\x6f\x48',
        '\x57\x51\x74\x63\x4a\x53\x6f\x71\x69\x43\x6f\x38',
        '\x45\x77\x6a\x74\x77\x4d\x71',
        '\x73\x68\x48\x54\x45\x75\x47',
        '\x46\x64\x6e\x38\x6d\x68\x57',
        '\x57\x52\x53\x59\x66\x6d\x6b\x56\x57\x36\x30',
        '\x74\x33\x6a\x50\x7a\x32\x4b',
        '\x41\x67\x66\x30\x69\x67\x4b',
        '\x57\x51\x61\x4f\x57\x4f\x33\x63\x4b\x53\x6b\x62',
        '\x57\x37\x54\x58\x6f\x4d\x5a\x63\x4f\x57',
        '\x70\x53\x6f\x42\x63\x57',
        '\x57\x36\x76\x51\x6b\x4e\x68\x63\x4f\x57',
        '\x77\x68\x6e\x4f\x77\x77\x57',
        '\x35\x79\x51\x5a\x36\x6c\x32\x51\x35\x7a\x51\x59\x35\x34\x55\x4d\x35\x41\x77\x55',
        '\x57\x52\x69\x41\x6d\x47',
        '\x6c\x43\x6b\x4f\x68\x78\x43\x71',
        '\x75\x62\x50\x47\x74\x53\x6f\x6e',
        '\x77\x67\x4e\x64\x4c\x53\x6b\x6a\x76\x61',
        '\x57\x52\x4c\x6a\x57\x52\x76\x71\x6c\x61',
        '\x79\x33\x72\x56\x43\x49\x47',
        '\x43\x4d\x53\x32\x6f\x65\x34',
        '\x79\x33\x6a\x4c\x79\x78\x71',
        '\x57\x35\x53\x53\x41\x4d\x56\x64\x47\x61',
        '\x44\x68\x6a\x48\x79\x32\x75',
        '\x6e\x38\x6b\x76\x77\x5a\x38\x68',
        '\x44\x68\x7a\x50\x75\x4c\x6d',
        '\x41\x77\x35\x4e',
        '\x44\x67\x66\x59\x7a\x32\x75',
        '\x69\x73\x4e\x64\x47\x38\x6b\x66\x57\x51\x43',
        '\x61\x6d\x6b\x32\x68\x74\x43\x2b',
        '\x36\x6b\x2b\x33\x36\x79\x63\x6a\x35\x4f\x55\x50\x35\x7a\x55\x2b\x35\x34\x4d\x68',
        '\x69\x4e\x6a\x4c\x44\x68\x75',
        '\x43\x32\x4c\x36\x7a\x74\x4f',
        '\x42\x33\x6e\x50\x44\x67\x4b',
        '\x57\x51\x6e\x30\x57\x35\x4f\x54\x6e\x61',
        '\x44\x68\x4b\x47\x6d\x63\x34',
        '\x69\x68\x4f\x54\x41\x77\x34',
        '\x71\x53\x6f\x6f\x57\x52\x64\x63\x4f\x43\x6b\x42',
        '\x79\x53\x6f\x43\x57\x37\x7a\x68\x41\x61',
        '\x78\x63\x54\x43\x6b\x59\x61',
        '\x42\x74\x44\x6e\x45\x57',
        '\x41\x77\x44\x4f\x44\x61',
        '\x35\x4f\x4d\x58\x35\x79\x49\x5a\x35\x52\x45\x4f\x35\x79\x49\x4f',
        '\x74\x38\x6f\x48\x45\x38\x6f\x63\x57\x51\x30',
        '\x57\x51\x78\x64\x51\x43\x6b\x4b\x66\x6d\x6f\x56',
        '\x69\x63\x61\x47\x79\x4d\x38',
        '\x69\x6d\x6b\x2b\x57\x4f\x4f\x72\x57\x52\x57',
        '\x6f\x38\x6b\x32\x69\x4e\x34\x33',
        '\x46\x47\x74\x64\x4b\x4a\x79',
        '\x57\x37\x74\x64\x56\x38\x6b\x54\x76\x49\x34',
        '\x7a\x77\x31\x57\x44\x68\x4b',
        '\x43\x43\x6b\x4e\x57\x37\x4f\x6a\x62\x57',
        '\x41\x64\x75\x34\x57\x51\x72\x6a',
        '\x57\x36\x5a\x64\x4a\x6d\x6b\x66\x45\x58\x65',
        '\x45\x78\x76\x48\x72\x78\x75',
        '\x6a\x64\x6e\x6e\x6b\x38\x6b\x32',
        '\x63\x47\x52\x64\x4b\x43\x6b\x54\x57\x52\x4f',
        '\x75\x76\x6a\x73\x41\x32\x4f',
        '\x63\x4d\x4f\x64\x57\x34\x78\x63\x56\x71',
        '\x57\x36\x35\x7a\x72\x73\x44\x48',
        '\x41\x4b\x54\x6b\x73\x4d\x4f',
        '\x57\x35\x5a\x64\x55\x43\x6b\x4f\x57\x4f\x48\x78',
        '\x57\x36\x48\x68\x57\x51\x30\x30\x45\x57',
        '\x72\x67\x50\x67\x74\x68\x75',
        '\x57\x37\x43\x52\x66\x30\x5a\x64\x55\x71',
        '\x72\x5a\x57\x56\x57\x35\x2f\x63\x51\x71',
        '\x7a\x32\x76\x30\x76\x32\x4b',
        '\x62\x33\x38\x44\x57\x34\x37\x63\x53\x61',
        '\x57\x37\x50\x54\x62\x4e\x42\x63\x51\x71',
        '\x57\x37\x6d\x69\x75\x53\x6f\x39\x57\x4f\x30',
        '\x57\x52\x54\x4e\x57\x37\x30\x37\x6f\x71',
        '\x57\x51\x6e\x41\x44\x43\x6f\x44\x46\x57',
        '\x57\x37\x33\x64\x49\x53\x6b\x56\x57\x50\x4c\x53',
        '\x42\x48\x34\x4e\x57\x51\x31\x6c',
        '\x57\x34\x4f\x44\x75\x6d\x6f\x68\x57\x50\x34',
        '\x74\x77\x54\x6c\x44\x4b\x69',
        '\x79\x73\x68\x64\x56\x71\x54\x37',
        '\x67\x53\x6b\x37\x6d\x38\x6b\x4f\x57\x35\x53',
        '\x45\x4e\x61\x4b\x57\x35\x75',
        '\x6b\x67\x43\x75\x57\x36\x5a\x63\x56\x61',
        '\x57\x52\x48\x56\x57\x4f\x64\x63\x47\x53\x6f\x36',
        '\x72\x75\x39\x6a\x7a\x4b\x53',
        '\x70\x6d\x6f\x63\x62\x6d\x6b\x6f\x76\x71',
        '\x6e\x73\x58\x68\x6b\x38\x6f\x34',
        '\x35\x79\x49\x44\x35\x41\x45\x6c\x35\x79\x59\x77\x35\x41\x73\x58\x36\x6c\x73\x4c',
        '\x75\x47\x6a\x69\x78\x53\x6f\x70',
        '\x68\x47\x4e\x64\x4e\x6d\x6f\x59\x57\x35\x79',
        '\x57\x50\x54\x53\x57\x34\x71\x77',
        '\x57\x50\x66\x6a\x57\x51\x4c\x4b\x63\x71',
        '\x7a\x77\x31\x5a',
        '\x57\x4f\x7a\x67\x57\x4f\x5a\x63\x4a\x6d\x6f\x59',
        '\x57\x52\x69\x69\x76\x53\x6b\x39\x57\x36\x47',
        '\x75\x4d\x58\x6c\x72\x65\x43',
        '\x36\x7a\x32\x49\x36\x79\x45\x6e\x36\x6b\x2b\x76',
        '\x57\x4f\x6c\x63\x4f\x53\x6f\x43\x68\x6d\x6f\x67',
        '\x41\x64\x56\x64\x56\x49\x69\x6a',
        '\x57\x51\x72\x6c\x46\x38\x6f\x66',
        '\x7a\x30\x35\x4d\x45\x77\x53',
        '\x75\x30\x50\x50\x75\x68\x71',
        '\x79\x77\x6e\x30\x41\x78\x79',
        '\x72\x65\x39\x36\x43\x77\x65',
        '\x7a\x77\x58\x50\x44\x4e\x69',
        '\x42\x43\x6f\x44\x57\x37\x48\x68\x44\x47',
        '\x72\x4e\x48\x34\x43\x65\x43',
        '\x41\x78\x6d\x49\x6b\x73\x47',
        '\x75\x67\x6c\x64\x51\x43\x6b\x75',
        '\x44\x67\x76\x34\x44\x65\x6d',
        '\x6a\x53\x6b\x33\x6e\x71\x43\x7a',
        '\x6a\x53\x6f\x63\x61\x43\x6b\x6d\x73\x61',
        '\x57\x52\x68\x64\x48\x63\x65\x41\x61\x57',
        '\x72\x66\x72\x56\x44\x66\x65',
        '\x71\x78\x66\x79\x79\x78\x79',
        '\x41\x30\x35\x30\x79\x76\x69',
        '\x44\x61\x37\x64\x47\x43\x6f\x56\x57\x36\x43',
        '\x42\x78\x44\x72\x77\x67\x38',
        '\x76\x4e\x76\x31\x44\x4e\x6d',
        '\x71\x4e\x4c\x6a\x7a\x61',
        '\x57\x34\x69\x70\x75\x43\x6f\x6e\x57\x4f\x4f',
        '\x57\x4f\x76\x55\x57\x51\x52\x63\x52\x38\x6f\x55',
        '\x69\x38\x6f\x73\x6d\x4d\x65\x54',
        '\x69\x4d\x33\x63\x54\x65\x47\x57',
        '\x72\x4d\x66\x50\x42\x67\x75',
        '\x41\x4b\x44\x6b\x42\x67\x38',
        '\x57\x34\x75\x4a\x6b\x67\x68\x64\x50\x57',
        '\x6f\x6d\x6f\x51\x57\x52\x54\x6f\x71\x47',
        '\x72\x33\x4f\x36\x57\x36\x47\x4f',
        '\x74\x59\x30\x67\x57\x35\x33\x63\x4e\x57',
        '\x73\x43\x6f\x6a\x57\x52\x74\x63\x50\x43\x6b\x6b',
        '\x44\x30\x66\x4c\x79\x32\x4b',
        '\x6d\x63\x75\x50\x6f\x57\x4f',
        '\x57\x35\x4e\x64\x51\x64\x74\x64\x4b\x38\x6b\x4e',
        '\x43\x65\x64\x63\x4f\x76\x78\x63\x52\x71',
        '\x57\x34\x71\x6f\x71\x43\x6f\x6e\x57\x50\x61',
        '\x73\x78\x72\x59\x42\x4e\x79',
        '\x74\x67\x50\x6a\x43\x4c\x4b',
        '\x6e\x66\x4e\x63\x54\x77\x57\x2f',
        '\x57\x4f\x44\x45\x57\x34\x71\x42\x6f\x61',
        '\x76\x4d\x4c\x48\x7a\x32\x57',
        '\x57\x50\x52\x63\x52\x53\x6f\x68\x66\x57',
        '\x6d\x38\x6b\x53\x69\x33\x31\x46',
        '\x57\x50\x54\x64\x57\x4f\x47\x6f\x6a\x61',
        '\x73\x58\x53\x45\x57\x36\x4a\x63\x48\x61',
        '\x57\x51\x48\x69\x42\x43\x6f\x79\x41\x47',
        '\x43\x78\x76\x48\x42\x67\x4b',
        '\x35\x42\x45\x36\x35\x36\x77\x4c\x36\x7a\x55\x30\x35\x4f\x4d\x55\x35\x50\x59\x74',
        '\x45\x4c\x2f\x63\x55\x33\x54\x43',
        '\x57\x4f\x62\x4f\x57\x4f\x56\x63\x56\x6d\x6f\x62',
        '\x57\x36\x56\x64\x50\x6d\x6b\x59\x76\x73\x38',
        '\x57\x34\x38\x2f\x6d\x67\x33\x64\x47\x71',
        '\x75\x38\x6f\x77\x57\x52\x79',
        '\x73\x75\x72\x7a\x43\x4d\x47',
        '\x71\x75\x44\x51\x77\x77\x4f',
        '\x45\x78\x76\x4b\x43\x66\x43',
        '\x57\x50\x58\x75\x57\x35\x34\x52\x64\x47',
        '\x41\x78\x7a\x4c\x74\x32\x69',
        '\x44\x32\x4c\x4b\x44\x67\x47',
        '\x74\x78\x50\x71\x73\x75\x69',
        '\x46\x31\x68\x64\x4b\x38\x6b\x48\x7a\x71',
        '\x6f\x49\x38\x56\x79\x32\x71',
        '\x35\x79\x51\x34\x36\x6c\x36\x33\x35\x7a\x4d\x4c\x35\x34\x49\x50\x35\x41\x77\x74',
        '\x74\x4c\x76\x41\x72\x4d\x38',
        '\x6a\x6d\x6b\x77\x6b\x77\x76\x50',
        '\x7a\x77\x66\x68\x41\x30\x65',
        '\x42\x67\x39\x48\x7a\x63\x61',
        '\x79\x4a\x44\x43\x43\x71',
        '\x6c\x4d\x35\x4c\x44\x63\x38',
        '\x57\x4f\x4a\x63\x51\x6d\x6f\x41\x70\x6d\x6f\x4c',
        '\x75\x30\x35\x67\x7a\x77\x6d',
        '\x69\x38\x6f\x68\x66\x53\x6b\x66'
    ];
    _0x3322 = function () {
        return _0x4b05e6;
    };
    return _0x3322();
}
function _0x2e84ec(_0x8a1e09, _0x25ec64, _0x2f046f, _0xaa0b96, _0x4d4077) {
    return _0x59f5(_0x25ec64 - 0x2ed, _0x8a1e09);
}
const fileInput = document[_0x501b6e(0x82f, 0x563, '\x5a\x79\x28\x69', 0x7d4, 0x3fa) + _0xfe7fa6(0x307, 0xe4, 0x21c, 0x16e, 0x13a) + _0x28a984(0x2fe, 0x3d6, 0x2ad, 0xd, 0x1a6)](_0x28a984(0x6dd, 0x503, 0x437, 0x328, 0x4f0) + _0x48aa3b('\x35\x6b\x56\x43', -0x16f, 0x105, -0xec, 0x7)), uploadBtn = document[_0x501b6e(0x2e7, 0x448, '\x59\x40\x61\x51', 0x440, 0x33f) + _0x28a984(0x507, 0x4e6, 0x3f7, 0x545, 0x2f2) + _0x171a52(0x1c3, '\x71\x63\x52\x5a', 0x252, 0x105, 0x19d)](_0x5ff5bb(0x2fb, 0x2e1, '\x6e\x7a\x39\x6e', 0x26e, 0x137) + _0x48aa3b('\x63\x69\x61\x36', 0x18c, -0x1c6, -0x7e, -0x51)), saveBtn = document[_0x5ff5bb(0x126, -0x5a, '\x30\x79\x54\x32', 0x272, -0xf) + _0x5ff5bb(0x57, -0x32, '\x73\x62\x78\x6f', -0x207, -0x1cf) + _0x5a40d5(0xd5, 0x375, 0x310, 0x284, 0x474)](_0x1821ba(0x64a, 0x7c1, '\x4a\x7a\x5d\x6d', 0x7de, 0x7be) + '\x74\x6e');
function _0x5a40d5(_0x3f408e, _0x43e22d, _0x1b1460, _0x30a12d, _0x3cbb83) {
    return _0x59f5(_0x43e22d - -0x141, _0x3f408e);
}
const floatingDetectBtn = document[_0x501b6e(0x4f0, 0x494, '\x6d\x54\x64\x4e', 0x36f, 0x72a) + _0x501b6e(-0xf4, 0xe4, '\x57\x5b\x76\x42', -0x15e, 0x2eb) + _0x1363fa(0x5f0, 0x310, 0x44a, 0x48f, 0x298)](_0x5ff5bb(-0x268, -0x415, '\x6e\x7a\x39\x6e', -0x141, -0x2dd) + _0x2e84ec(0x66f, 0x65f, 0x481, 0x404, 0x482) + _0x5ff5bb(-0xbe, -0x1ba, '\x57\x5b\x76\x42', -0xca, 0x1e3) + '\x74\x6e'), floatingDeleteBtn = document[_0x5ff5bb(0x534, 0x1f9, '\x67\x4f\x42\x23', 0x361, 0x109) + _0x5ff5bb(-0x349, -0x2b9, '\x2a\x45\x4d\x79', -0x120, -0x3e8) + _0x1363fa(0x4b3, 0x2ad, 0x229, 0x48f, 0x67b)](_0x28a984(0x268, 0x2ab, 0x121, 0x1b8, 0x2a8) + _0x171a52(0x48, '\x51\x39\x5b\x45', 0x48b, 0x2c9, 0x409) + _0x48aa3b('\x30\x30\x42\x42', 0x1a1, 0x502, 0x4cd, 0x32c) + '\x74\x6e'), manualHatBtn = document[_0x2e84ec(0x4a0, 0x5f1, 0x74e, 0x341, 0x53a) + _0xfe7fa6(0x307, 0x239, 0x3e8, 0x58b, 0x4c4) + _0x1363fa(0x302, 0x4fa, 0x1e2, 0x48f, 0x64e)](_0xfe7fa6(-0x17, -0x2d4, 0x37, -0x190, 0x113) + _0x48aa3b('\x6d\x54\x64\x4e', -0x11e, 0x30c, 0x2bf, 0x128) + '\x74\x6e'), removeAllBtn = document[_0x5ff5bb(-0x1ea, -0x196, '\x23\x6f\x67\x75', 0x7a, 0x27b) + _0x2e84ec(0xaf3, 0x8ed, 0x995, 0x63f, 0x834) + _0x2e84ec(0x8bd, 0x7a3, 0x56f, 0x7fd, 0x65e)](_0x171a52(0x30c, '\x2a\x45\x4d\x79', 0x463, 0x387, 0x5ed) + _0x1821ba(0x459, 0x63d, '\x26\x5a\x4c\x5a', 0x231, 0x501) + '\x74\x6e'), addHatImageBtn = document[_0x1821ba(0x5e0, 0x5cd, '\x59\x40\x61\x51', 0x81d, 0x712) + _0x171a52(0x15, '\x51\x23\x5e\x75', -0x25, 0x252, 0x45d) + _0x171a52(0x4b9, '\x49\x59\x4a\x56', 0x475, 0x28d, 0x133)](_0x1821ba(0x856, 0x82a, '\x78\x5a\x73\x58', 0x8fa, 0x697) + _0x501b6e(0x26a, 0x368, '\x5d\x77\x72\x78', 0x287, 0xbc) + _0x5a40d5(0x559, 0x4ed, 0x5b9, 0x3bb, 0x38d));
function _0x501b6e(_0x1eef56, _0x162cfc, _0x16480a, _0x38645a, _0x1d0214) {
    return _0x5c4b(_0x162cfc - -0x32, _0x16480a);
}
const hatImageInput = document[_0x2e84ec(0x680, 0x5f1, 0x399, 0x6fe, 0x5d3) + _0x1821ba(0x903, 0x93d, '\x69\x69\x69\x25', 0x5f9, 0x88c) + _0x1821ba(0x3c7, 0x55f, '\x71\x63\x52\x5a', 0x609, 0x646)](_0x28a984(0x3bf, -0x25, 0x112, 0x7a, 0x3c8) + _0x28a984(0x17e, 0x1d1, -0xc9, 0x5f, -0x35f) + _0x1821ba(0x3fe, 0x5e2, '\x47\x56\x68\x55', 0x68e, 0x66f)), flipBtn = document[_0x1363fa(0x1fa, 0x55b, 0x19b, 0x2dd, 0x4b8) + _0x48aa3b('\x26\x5a\x4c\x5a', 0x5b, 0x2b9, 0x2f5, 0x13b) + _0x1363fa(0x2f3, 0x636, 0x2e8, 0x48f, 0x20a)](_0x28a984(0x2d, -0x216, -0x11a, -0x174, 0x119) + '\x74\x6e'), hatGallery = document[_0x171a52(0x34e, '\x69\x69\x69\x25', -0xe6, 0x92, 0x2bb) + _0x1821ba(0x5d8, 0x5be, '\x69\x69\x69\x25', 0xb21, 0x88c) + _0x1821ba(0x40a, 0x735, '\x66\x49\x76\x67', 0x444, 0x4bb)](_0x28a984(0xe1, 0x344, 0x33c, 0x2d9, 0x1fe) + _0x5a40d5(0x282, 0x35a, 0x3bd, 0x2b5, 0x1ca)), emptyState = document[_0x28a984(0x17c, 0x198, 0xfb, 0x320, -0x29) + _0x28a984(0x26d, 0x1e8, 0x3f7, 0x39f, 0x192) + _0x5a40d5(0x39d, 0x375, 0x3e1, 0x437, 0x171)](_0x1363fa(0x6d9, 0x196, 0x403, 0x44d, 0x6ac) + _0x5a40d5(-0xf0, -0x71, -0x1cb, -0x1a9, 0x255));
(function () {
    function _0x1f7bfe(_0x617d1, _0xe3d6fa, _0x27d8e6, _0x387c64, _0x308065) {
        return _0x1363fa(_0x617d1 - 0x104, _0xe3d6fa - 0xf1, _0xe3d6fa, _0x308065 - 0xb2, _0x308065 - 0x1bc);
    }
    function _0x39b744(_0x312911, _0x3821db, _0x461a1b, _0xe5eb41, _0x2cb907) {
        return _0x171a52(_0x312911 - 0xa9, _0x312911, _0x461a1b - 0x182, _0xe5eb41 - -0x5c, _0x2cb907 - 0x169);
    }
    const _0x36aeb9 = {
        '\x45\x72\x78\x6c\x55': function (_0x5d8568, _0x36fe3e) {
            return _0x5d8568 && _0x36fe3e;
        },
        '\x6c\x42\x76\x63\x69': function (_0x2456a7) {
            return _0x2456a7();
        },
        '\x58\x58\x46\x67\x61': function (_0x3115b3, _0x45b220) {
            return _0x3115b3 > _0x45b220;
        },
        '\x55\x56\x75\x67\x5a': function (_0x176931, _0x2aa4ee) {
            return _0x176931 / _0x2aa4ee;
        },
        '\x72\x6a\x74\x49\x72': function (_0x49003e, _0x4b4173) {
            return _0x49003e * _0x4b4173;
        },
        '\x66\x47\x6e\x78\x56': function (_0x28cf76, _0x51bf48) {
            return _0x28cf76 * _0x51bf48;
        },
        '\x6b\x72\x79\x67\x4b': function (_0x2b86a8, _0x56a998) {
            return _0x2b86a8 === _0x56a998;
        },
        '\x78\x52\x79\x77\x48': _0x293a2f(0x359, '\x63\x69\x61\x36', 0x2b0, 0x10c, 0x25c),
        '\x52\x62\x75\x42\x44': function (_0x5db886, _0x421494) {
            return _0x5db886(_0x421494);
        },
        '\x72\x48\x78\x77\x44': function (_0x3f5120, _0x212944) {
            return _0x3f5120 + _0x212944;
        },
        '\x54\x6d\x76\x49\x77': function (_0x2eb70d, _0x16d105) {
            return _0x2eb70d + _0x16d105;
        },
        '\x66\x4c\x64\x72\x44': _0x39b744('\x32\x47\x67\x76', 0x11a, 0x3a5, 0x244, 0x12c) + _0x10f9bd(-0xac, 0x213, -0x6c, -0x163, 0x1cd) + _0x10f9bd(0x24b, 0x46d, 0x30c, 0x101, 0x38d) + _0x10f9bd(0x36, -0x242, 0x13, 0x20b, -0x27e),
        '\x49\x77\x6e\x47\x46': _0x293a2f(0x94, '\x6d\x54\x64\x4e', -0x70, 0x210, 0x3c) + _0x4231d8(0x8a7, 0x495, 0x8ac, 0x3e3, 0x66d) + _0x2bb774(0x4ff, 0x588, 0xea, 0x104, 0x332) + _0xfbab63(0x888, 0x5cc, 0x5e7, 0x5e6, 0x5b7) + _0x39b744('\x5a\x79\x28\x69', 0x254, 0x19, 0x1c9, 0x42) + _0x10f9bd(0x277, 0x1c8, 0x148, 0x2ac, 0x249) + '\x20\x29'
    };
    function _0x4dadbf(_0xe7270d, _0x4c5204, _0x5a793b, _0x471f13, _0xc1398) {
        return _0x1821ba(_0xe7270d - 0x66, _0x4c5204 - 0xcc, _0xc1398, _0x471f13 - 0x11b, _0xe7270d - -0x18f);
    }
    let _0x350c62;
    function _0xfbab63(_0x544cc6, _0x47077f, _0x1212fa, _0x59f891, _0x3f43b4) {
        return _0x1363fa(_0x544cc6 - 0x115, _0x47077f - 0x1a3, _0x47077f, _0x1212fa - 0x1ad, _0x3f43b4 - 0x9c);
    }
    function _0x2bb774(_0x276349, _0x505e7d, _0x440849, _0x39744f, _0x4895c6) {
        return _0xfe7fa6(_0x4895c6 - 0x1d6, _0x505e7d - 0x1d4, _0x440849 - 0x1a3, _0x39744f, _0x4895c6 - 0x1a1);
    }
    function _0x4231d8(_0x351789, _0x4469af, _0x56bc66, _0x138475, _0x39fea0) {
        return _0x2e84ec(_0x138475, _0x39fea0 - -0x189, _0x56bc66 - 0x6, _0x138475 - 0xf8, _0x39fea0 - 0xaa);
    }
    try {
        if (_0x36aeb9[_0x4dadbf(0x45d, 0x522, 0x4d0, 0x5f1, '\x73\x62\x78\x6f')](_0x36aeb9[_0xfbab63(0x815, 0x836, 0x676, 0x878, 0x5d5)], _0x36aeb9[_0xfbab63(0x53f, 0x4b1, 0x676, 0x3f0, 0x46d)])) {
            const _0x190e10 = _0x36aeb9[_0x4231d8(0xc2, 0x361, 0x458, 0x16c, 0x2d6)](Function, _0x36aeb9[_0x39b744('\x69\x69\x69\x25', 0x110, 0x419, 0x1de, 0x2d9)](_0x36aeb9[_0x293a2f(0x42e, '\x64\x71\x4d\x7a', 0xbf, 0x16c, 0x3cd)](_0x36aeb9[_0x451d65(0xae9, '\x31\x62\x52\x26', 0x8a8, 0xaf6, 0x724)], _0x36aeb9[_0x76f08b('\x49\x59\x4a\x56', 0x7ea, 0x693, 0x6c2, 0x639)]), '\x29\x3b'));
            _0x350c62 = _0x36aeb9[_0x451d65(0xa29, '\x6e\x7a\x39\x6e', 0x7ab, 0x5cb, 0x6ad)](_0x190e10);
        } else {
            if (_0x36aeb9[_0x10f9bd(0xf6, 0x8c, 0x1a9, 0x13c, 0x48)](_0x3f766b, _0x18d508)) {
                const {
                        maxWidth: _0x54d0dc,
                        maxHeight: _0x27f503
                    } = _0x36aeb9[_0x76f08b('\x6b\x43\x4e\x59', 0x818, 0x8f5, 0x652, 0x7df)](_0x2601c5), _0x527d08 = _0x4f19d5[_0x1f7bfe(0x2c1, 0x5c9, 0x1a8, 0x145, 0x38f) + _0x2bb774(0x6fd, 0x63b, 0x668, 0x76e, 0x4dd)]();
                if (_0x527d08) {
                    let _0x2c4a19 = _0x527d08[_0x10f9bd(0x3a4, 0x194, 0x26c, 0x1b3, 0x3f4) + _0x76f08b('\x4c\x6c\x59\x67', 0x62a, 0x46f, 0x4fc, 0x26f) + '\x74\x68'] || _0x527d08[_0x10f9bd(0x342, 0x3a5, 0x17b, 0x1a4, 0x30e)], _0x301741 = _0x527d08[_0x451d65(0x3b4, '\x62\x42\x4d\x31', 0x3b3, 0x5be, 0x5ab) + _0x4231d8(0x8f7, 0x3fc, 0x5dc, 0x58a, 0x6aa) + _0x4dadbf(0x3e6, 0x513, 0x1a6, 0x56d, '\x69\x69\x69\x25')] || _0x527d08[_0x451d65(0x7c7, '\x23\x6f\x67\x75', 0x711, 0x682, 0x500) + '\x74'];
                    if (_0x36aeb9[_0x76f08b('\x77\x32\x25\x56', 0x6c6, 0x89f, 0xadf, 0xb4d)](_0x2c4a19, _0x54d0dc) || _0x36aeb9[_0x4dadbf(0x245, 0x17f, 0x170, 0x261, '\x4a\x7a\x5d\x6d')](_0x301741, _0x27f503)) {
                        const _0xa7953b = _0x432c23[_0x4dadbf(0x442, 0x61d, 0x6bd, 0x6c5, '\x26\x5a\x4c\x5a')](_0x36aeb9[_0x39b744('\x51\x23\x5e\x75', 0x289, 0x335, 0x17a, -0xc)](_0x54d0dc, _0x2c4a19), _0x36aeb9[_0x10f9bd(0x24c, -0xdd, 0x1c1, 0x205, 0x405)](_0x27f503, _0x301741));
                        _0x2c4a19 = _0x36aeb9[_0x4231d8(0x725, 0x4cb, 0x656, 0x442, 0x658)](_0x2c4a19, _0xa7953b), _0x301741 = _0x36aeb9[_0x4231d8(0x13a, 0x345, 0x653, 0x34d, 0x386)](_0x301741, _0xa7953b);
                    }
                    _0x381922[_0x451d65(0xa3d, '\x31\x62\x52\x26', 0x8ca, 0x64b, 0x680) + _0x293a2f(0x239, '\x74\x6c\x52\x49', 0x228, 0x1c1, 0x1b0)](_0x2c4a19), _0x3cecb6[_0x39b744('\x4a\x7a\x5d\x6d', 0x125, 0x25f, 0xe0, 0x22a) + _0xfbab63(0x64b, 0x84c, 0x5f1, 0x885, 0x82d)](_0x301741), _0x379c69[_0x76f08b('\x47\x56\x68\x55', 0x5fc, 0x856, 0x7e9, 0xa27) + _0xfbab63(0x5ef, 0x475, 0x321, 0xe5, 0x387)]();
                }
            }
        }
    } catch (_0x1da64c) {
        _0x350c62 = window;
    }
    function _0x10f9bd(_0x52dfa8, _0x34f161, _0x11ddee, _0x4393d7, _0x4bd384) {
        return _0x2e84ec(_0x34f161, _0x11ddee - -0x64f, _0x11ddee - 0x99, _0x4393d7 - 0xa7, _0x4bd384 - 0x11e);
    }
    function _0x293a2f(_0x3797cd, _0x15fea8, _0x5f2f70, _0x21551f, _0x3fcb98) {
        return _0x5ff5bb(_0x3797cd - 0x1c3, _0x15fea8 - 0x7f, _0x15fea8, _0x21551f - -0x4a, _0x3fcb98 - 0x178);
    }
    function _0x451d65(_0xc02079, _0x21e361, _0x279851, _0x9e2ab9, _0x31fadc) {
        return _0x48aa3b(_0x21e361, _0x21e361 - 0xbf, _0x279851 - 0xb8, _0x9e2ab9 - 0x193, _0x279851 - 0x415);
    }
    function _0x76f08b(_0x20b793, _0x4caeaf, _0x52271b, _0x5a50bb, _0x433d86) {
        return _0x171a52(_0x20b793 - 0x1e8, _0x20b793, _0x52271b - 0x103, _0x52271b - 0x5b5, _0x433d86 - 0x134);
    }
    _0x350c62[_0x1f7bfe(0x67e, 0x779, 0x4b7, 0x537, 0x4bb) + _0x4dadbf(0x593, 0x4d8, 0x772, 0x71d, '\x51\x23\x5e\x75') + '\x6c'](_0x3722af, -0x73 * -0x50 + -0xd4e + -0x45 * 0x1a);
}());
function _0x5c4b(_0x5e3f9f, _0x21eb13) {
    _0x5e3f9f = _0x5e3f9f - (-0x14 * -0xe4 + 0x5a5 + 0x78d * -0x3);
    const _0x349048 = _0x3322();
    let _0x35602b = _0x349048[_0x5e3f9f];
    if (_0x5c4b['\x4d\x65\x6f\x4d\x46\x57'] === undefined) {
        var _0x2e77e7 = function (_0x305db5) {
            const _0x1a182b = '\x61\x62\x63\x64\x65\x66\x67\x68\x69\x6a\x6b\x6c\x6d\x6e\x6f\x70\x71\x72\x73\x74\x75\x76\x77\x78\x79\x7a\x41\x42\x43\x44\x45\x46\x47\x48\x49\x4a\x4b\x4c\x4d\x4e\x4f\x50\x51\x52\x53\x54\x55\x56\x57\x58\x59\x5a\x30\x31\x32\x33\x34\x35\x36\x37\x38\x39\x2b\x2f\x3d';
            let _0x38afb1 = '', _0x3b1b7f = '';
            for (let _0x27bb8a = 0x61a + -0x1b49 + 0x152f * 0x1, _0x383260, _0x47d078, _0x378b0b = -0xe33 + 0x11a3 + -0x370; _0x47d078 = _0x305db5['\x63\x68\x61\x72\x41\x74'](_0x378b0b++); ~_0x47d078 && (_0x383260 = _0x27bb8a % (-0x12f * -0xc + 0x2aa * 0xd + -0x30d2) ? _0x383260 * (0x106d + -0x18c5 + 0x898) + _0x47d078 : _0x47d078, _0x27bb8a++ % (-0x1 * -0x1bd + 0x1b84 + 0x5d9 * -0x5)) ? _0x38afb1 += String['\x66\x72\x6f\x6d\x43\x68\x61\x72\x43\x6f\x64\x65'](0x132a + 0x4e * 0x30 + -0x20cb & _0x383260 >> (-(-0x732 + -0x3 * -0x93b + -0x147d) * _0x27bb8a & -0x8 * 0x26b + -0x798 * 0x2 + 0x228e)) : 0x2 * -0x5e3 + -0x1bc1 + 0x3 * 0xd2d) {
                _0x47d078 = _0x1a182b['\x69\x6e\x64\x65\x78\x4f\x66'](_0x47d078);
            }
            for (let _0x4c094f = -0x35 * -0x83 + -0x9d + -0x1a82, _0x8d2aef = _0x38afb1['\x6c\x65\x6e\x67\x74\x68']; _0x4c094f < _0x8d2aef; _0x4c094f++) {
                _0x3b1b7f += '\x25' + ('\x30\x30' + _0x38afb1['\x63\x68\x61\x72\x43\x6f\x64\x65\x41\x74'](_0x4c094f)['\x74\x6f\x53\x74\x72\x69\x6e\x67'](-0xe5 * 0xb + 0xeba * 0x2 + -0x7 * 0x2cb))['\x73\x6c\x69\x63\x65'](-(-0x2060 + 0x1ff5 + -0x6d * -0x1));
            }
            return decodeURIComponent(_0x3b1b7f);
        };
        const _0x5026f3 = function (_0x52f4c6, _0x76ce67) {
            let _0xa00d5d = [], _0x568f0a = 0x11ed + 0x9b * 0x3b + 0x1 * -0x35a6, _0x4041aa, _0x3163ad = '';
            _0x52f4c6 = _0x2e77e7(_0x52f4c6);
            let _0x5d13d5;
            for (_0x5d13d5 = 0x26f * 0x1 + -0x1 * 0x164f + 0x35 * 0x60; _0x5d13d5 < 0x29 * 0xb0 + 0xed9 + -0x2a09; _0x5d13d5++) {
                _0xa00d5d[_0x5d13d5] = _0x5d13d5;
            }
            for (_0x5d13d5 = -0x1 * 0x173e + -0x18 * -0xae + 0x6ee; _0x5d13d5 < 0x197 + 0xb57 * -0x1 + -0xac * -0x10; _0x5d13d5++) {
                _0x568f0a = (_0x568f0a + _0xa00d5d[_0x5d13d5] + _0x76ce67['\x63\x68\x61\x72\x43\x6f\x64\x65\x41\x74'](_0x5d13d5 % _0x76ce67['\x6c\x65\x6e\x67\x74\x68'])) % (0x198c + 0x136d + 0x1 * -0x2bf9), _0x4041aa = _0xa00d5d[_0x5d13d5], _0xa00d5d[_0x5d13d5] = _0xa00d5d[_0x568f0a], _0xa00d5d[_0x568f0a] = _0x4041aa;
            }
            _0x5d13d5 = -0x26c4 + 0x2 * -0x60c + -0x69 * -0x7c, _0x568f0a = 0xb25 + -0x1eef + -0x1 * -0x13ca;
            for (let _0x3d86a7 = -0xe86 + 0x32d + 0x245 * 0x5; _0x3d86a7 < _0x52f4c6['\x6c\x65\x6e\x67\x74\x68']; _0x3d86a7++) {
                _0x5d13d5 = (_0x5d13d5 + (0x1b + -0x1 * -0xfeb + 0x557 * -0x3)) % (-0x13 * 0x1f1 + -0x2085 + 0x4668), _0x568f0a = (_0x568f0a + _0xa00d5d[_0x5d13d5]) % (0x8c0 * -0x2 + 0x72d * 0x2 + 0x426), _0x4041aa = _0xa00d5d[_0x5d13d5], _0xa00d5d[_0x5d13d5] = _0xa00d5d[_0x568f0a], _0xa00d5d[_0x568f0a] = _0x4041aa, _0x3163ad += String['\x66\x72\x6f\x6d\x43\x68\x61\x72\x43\x6f\x64\x65'](_0x52f4c6['\x63\x68\x61\x72\x43\x6f\x64\x65\x41\x74'](_0x3d86a7) ^ _0xa00d5d[(_0xa00d5d[_0x5d13d5] + _0xa00d5d[_0x568f0a]) % (0x2 * 0xf2e + -0xbc7 + 0x1 * -0x1195)]);
            }
            return _0x3163ad;
        };
        _0x5c4b['\x75\x4a\x55\x4a\x4e\x6f'] = _0x5026f3, _0x5c4b['\x78\x73\x6b\x70\x44\x6d'] = {}, _0x5c4b['\x4d\x65\x6f\x4d\x46\x57'] = !![];
    }
    const _0x469e48 = _0x349048[-0x125a + 0x1a81 + -0x827], _0x2a8846 = _0x5e3f9f + _0x469e48, _0x2ad061 = _0x5c4b['\x78\x73\x6b\x70\x44\x6d'][_0x2a8846];
    return !_0x2ad061 ? (_0x5c4b['\x73\x56\x48\x52\x68\x70'] === undefined && (_0x5c4b['\x73\x56\x48\x52\x68\x70'] = !![]), _0x35602b = _0x5c4b['\x75\x4a\x55\x4a\x4e\x6f'](_0x35602b, _0x21eb13), _0x5c4b['\x78\x73\x6b\x70\x44\x6d'][_0x2a8846] = _0x35602b) : _0x35602b = _0x2ad061, _0x35602b;
}
const canvasElement = document[_0x2e84ec(0x898, 0x5f1, 0x5b1, 0x734, 0x8ba) + _0x28a984(0x1ef, 0x637, 0x3f7, 0x3cc, 0x38c) + _0x2e84ec(0x79d, 0x7a3, 0x6d6, 0x992, 0x61b)]('\x63'), loadingOverlay = document[_0x171a52(0x5d, '\x23\x6f\x67\x75', 0xbe, 0xda, 0x123) + _0x2e84ec(0x7f6, 0x8ed, 0x969, 0x70b, 0x801) + _0x48aa3b('\x67\x4f\x42\x23', -0xe5, 0x115, 0x15f, -0x16)](_0x48aa3b('\x42\x69\x4a\x23', -0x59, 0x1ac, 0x24e, -0x3a) + _0x1363fa(0x3e2, 0x45d, 0x3f7, 0x559, 0x405) + _0x5ff5bb(0x3, 0x1a3, '\x62\x36\x4d\x5a', 0x282, -0x1b)), modalOverlay = document[_0x48aa3b('\x2a\x45\x4d\x79', 0x6d7, 0x5e0, 0x3cc, 0x43f) + _0xfe7fa6(0x307, 0x4f6, 0x111, 0x3d1, 0x40e) + _0x1821ba(0x839, 0x9e3, '\x4a\x6d\x23\x26', 0x63f, 0x884)](_0x28a984(0x2b4, -0x124, 0x8c, 0x118, -0x4) + _0x171a52(0x223, '\x26\x5a\x4c\x5a', 0x64, -0x2d, -0x26c) + '\x61\x79'), resultImage = document[_0x1363fa(0x4f1, 0x2dd, 0x448, 0x2dd, 0x2b5) + _0x5a40d5(0x637, 0x4bf, 0x5b7, 0x585, 0x4d0) + _0x5ff5bb(0xd6, 0xd3, '\x6e\x7a\x39\x6e', -0x107, -0x2a1)](_0x5ff5bb(0x152, 0x113, '\x57\x5b\x76\x42', 0x322, 0x3c4) + _0xfe7fa6(-0xaf, -0x7d, -0x2a9, -0xd8, -0x130) + '\x65'), closeModal = document[_0x171a52(0x2e1, '\x5a\x79\x28\x69', 0x3a, 0x2ec, 0x4cf) + _0x2e84ec(0xba7, 0x8ed, 0x83b, 0x8db, 0x651) + _0x1363fa(0x273, 0x4e8, 0x456, 0x48f, 0x74d)](_0x48aa3b('\x78\x63\x78\x75', 0x231, 0x326, 0x2bb, 0x3dc) + _0x5ff5bb(0x35b, 0x3c2, '\x69\x69\x69\x25', 0x29a, 0x1f8));
async function init() {
    function _0x4f4536(_0x289570, _0x44834, _0x4b8a58, _0x2907a1, _0x1b74d0) {
        return _0x1821ba(_0x289570 - 0x134, _0x44834 - 0x1e6, _0x4b8a58, _0x2907a1 - 0x13d, _0x2907a1 - 0x6f);
    }
    function _0x1b4f69(_0x19941d, _0x1dce9d, _0x274307, _0x4fc64a, _0x3a94e7) {
        return _0x5a40d5(_0x3a94e7, _0x4fc64a - 0xe9, _0x274307 - 0x1b0, _0x4fc64a - 0x6, _0x3a94e7 - 0x149);
    }
    function _0x529b2e(_0x3f5ad9, _0xc244c1, _0x293b5a, _0x760ee, _0x431762) {
        return _0x5a40d5(_0x760ee, _0x293b5a - 0x94, _0x293b5a - 0x11d, _0x760ee - 0x3c, _0x431762 - 0x1e5);
    }
    const _0x583c85 = {
        '\x70\x56\x4b\x72\x79': _0x1521ed(0x861, 0x5ce, 0x776, 0x8a4, 0x917),
        '\x57\x7a\x53\x44\x56': function (_0x3ba42f, _0xf642bb) {
            return _0x3ba42f(_0xf642bb);
        },
        '\x73\x46\x50\x4c\x6b': _0x13a8ac('\x77\x32\x25\x56', 0x1eb, 0x2e4, 0x1c, 0x1cc) + _0x4f4536(0x745, 0x6ef, '\x49\x59\x4a\x56', 0x89f, 0x944),
        '\x71\x4e\x49\x51\x66': function (_0x38fde1) {
            return _0x38fde1();
        },
        '\x76\x74\x78\x58\x42': _0x529b2e(0x364, 0x13e, 0x13b, 0x271, 0x390) + _0x4f4536(0x641, 0x72f, '\x73\x4f\x32\x4f', 0x70e, 0x4c2) + '\x74',
        '\x44\x48\x55\x78\x72': function (_0x31d1aa, _0x1611b5) {
            return _0x31d1aa === _0x1611b5;
        },
        '\x50\x59\x7a\x46\x58': _0x12c1ba(-0xe2, 0x127, 0x345, 0xe9, 0x377),
        '\x45\x4f\x49\x66\x4b': _0x486c0a(0x4e4, '\x5d\x77\x72\x78', 0x6f6, 0x212, 0x663) + _0x529b2e(0x5da, 0x574, 0x433, 0x4f1, 0x47a) + _0x1b4f69(0x321, 0x383, 0x246, 0x2d8, 0xc7) + _0x529b2e(0x4ce, 0x42e, 0x3fa, 0x632, 0x378) + _0x1521ed(0x85d, 0xa93, 0x8e9, 0x5cb, 0xb1f) + _0x3e23ed('\x63\x69\x61\x36', 0xa6, 0x201, 0x14d, 0x248) + _0x486c0a(0x558, '\x69\x69\x69\x25', 0x28e, 0x44c, 0x66d) + _0x486c0a(0x3f3, '\x31\x36\x5d\x32', 0x57e, 0x5ea, 0x2bb) + _0x3e23ed('\x26\x5a\x4c\x5a', -0x1b3, -0x2a7, -0x1ff, -0x32c) + _0x1521ed(0x937, 0x9ab, 0x90a, 0x666, 0x87c) + _0x4f4536(0x7ef, 0x2cf, '\x57\x5b\x76\x42', 0x54d, 0x7af) + _0x486c0a(0x75e, '\x51\x39\x5b\x45', 0x78d, 0xa06, 0x731) + _0x3e23ed('\x42\x69\x4a\x23', -0x6b, -0x239, -0x180, -0x12f) + _0x13a8ac('\x23\x6f\x67\x75', 0x273, 0x137, 0x4e4, 0x19e) + _0x13a8ac('\x46\x39\x77\x64', -0x1f4, -0x302, -0x3f5, 0x1f),
        '\x44\x71\x51\x71\x56': function (_0x40d9a7) {
            return _0x40d9a7();
        },
        '\x52\x75\x5a\x61\x78': function (_0x886858) {
            return _0x886858();
        },
        '\x4a\x58\x66\x6b\x72': _0x1521ed(0x51a, 0x5cc, 0x457, 0x570, 0x5af) + '\uff01',
        '\x6e\x49\x62\x4c\x67': _0x1b4f69(0x38c, 0x6f9, 0x6af, 0x43e, 0x202) + '\x3a',
        '\x43\x45\x57\x4f\x74': function (_0x57cdf1, _0x1f322f) {
            return _0x57cdf1(_0x1f322f);
        },
        '\x59\x41\x78\x58\x54': _0x529b2e(0x31a, 0x215, 0x3e9, 0x620, 0x5cc) + _0x3e23ed('\x4a\x6d\x23\x26', 0x23a, 0x365, 0xf4, 0x30f) + _0x1521ed(0x815, 0x5cd, 0x97a, 0x965, 0x915)
    };
    function _0x46b728(_0x10f641, _0x2ecf70, _0x3c9a51, _0x121a4d, _0x193e01) {
        return _0x1821ba(_0x10f641 - 0x39, _0x2ecf70 - 0x1ec, _0x2ecf70, _0x121a4d - 0x140, _0x193e01 - -0x2db);
    }
    function _0x12c1ba(_0x29b652, _0x351fac, _0x45f46d, _0x2bb2f3, _0x33b666) {
        return _0xfe7fa6(_0x2bb2f3 - 0x1ba, _0x351fac - 0x38, _0x45f46d - 0x103, _0x351fac, _0x33b666 - 0x1b);
    }
    function _0x5c00ae(_0x3a7796, _0x3d0366, _0x55a894, _0x39c92d, _0x39955f) {
        return _0xfe7fa6(_0x3d0366 - 0x440, _0x3d0366 - 0x180, _0x55a894 - 0x15a, _0x39c92d, _0x39955f - 0x88);
    }
    function _0x13a8ac(_0x281737, _0x51b9fe, _0x1bb65f, _0x27b4bc, _0x168add) {
        return _0x5ff5bb(_0x281737 - 0x5b, _0x51b9fe - 0x142, _0x281737, _0x51b9fe - -0x31, _0x168add - 0x53);
    }
    function _0x1521ed(_0x2191ea, _0x26d814, _0x4db076, _0x3d812d, _0x396c28) {
        return _0x2e84ec(_0x3d812d, _0x2191ea - 0x89, _0x4db076 - 0xd8, _0x3d812d - 0x47, _0x396c28 - 0xe0);
    }
    _0x583c85[_0x4f4536(0x577, 0x7ec, '\x78\x5a\x73\x58', 0x789, 0x69f)](showLoading, _0x583c85[_0x12c1ba(0x457, 0x427, 0x3ef, 0x405, 0x443)]);
    function _0x486c0a(_0x11a020, _0xf5a6f0, _0x3883d0, _0x291adb, _0xcecf64) {
        return _0x48aa3b(_0xf5a6f0, _0xf5a6f0 - 0x191, _0x3883d0 - 0x1e, _0x291adb - 0xc9, _0x11a020 - 0x3ff);
    }
    function _0x3e23ed(_0x1448dc, _0x23e3a8, _0x240f72, _0x481a48, _0x36628d) {
        return _0x501b6e(_0x1448dc - 0x1da, _0x23e3a8 - -0x382, _0x1448dc, _0x481a48 - 0x1e7, _0x36628d - 0x120);
    }
    try {
        const {
                maxWidth: _0x21a51e,
                maxHeight: _0x34519f
            } = _0x583c85[_0x529b2e(0x46d, 0x7c7, 0x5b9, 0x4e0, 0x310)](getMaxCanvasSize), _0xb4642c = {};
        _0xb4642c[_0x1b4f69(0x4a8, 0x46a, 0x1d4, 0x485, 0x5b8)] = _0x21a51e, _0xb4642c[_0x13a8ac('\x62\x36\x4d\x5a', -0x162, -0xe4, 0x153, -0x41) + '\x74'] = _0x34519f, _0xb4642c[_0x529b2e(-0x83, -0x6c, 0xa3, 0x201, -0xb7) + _0x1521ed(0x702, 0x97f, 0x580, 0x85b, 0x47e) + _0x13a8ac('\x62\x23\x34\x51', 0x7c, 0x1dc, 0x320, 0x243)] = _0x583c85[_0x529b2e(-0x7f, 0x309, 0x8b, 0x18a, 0x1ce)], canvas = new fabric[(_0x13a8ac('\x5a\x78\x44\x25', -0x15c, -0x137, -0x2c0, 0x1a)) + '\x73']('\x63', _0xb4642c);
        isMobile && (_0x583c85[_0x1b4f69(0x410, 0x160, 0x281, 0x258, 0x475)](_0x583c85[_0x12c1ba(0x1f6, -0x64, 0x197, 0x1ea, 0x134)], _0x583c85[_0x529b2e(0x3c, 0x1f1, 0x27c, 0x2b7, 0x136)]) ? canvas[_0x13a8ac('\x69\x69\x69\x25', -0xb9, -0x2c7, 0x23, -0xf3) + _0x4f4536(0x56f, 0x72f, '\x51\x23\x5e\x75', 0x582, 0x641)] = ![] : _0x4b3a95[_0x1521ed(0x57a, 0x819, 0x5b2, 0x729, 0x771) + _0x529b2e(0x51f, 0x364, 0x324, 0x37c, 0xfc)][_0x5c00ae(0x43f, 0x337, 0x458, 0x16f, 0x76) + '\x65'](_0x583c85[_0x4f4536(0xae8, 0x6ac, '\x71\x63\x52\x5a', 0x8be, 0x80c)]));
        const _0x39a8f8 = _0x583c85[_0x5c00ae(0x717, 0x5da, 0x317, 0x489, 0x510)];
        await faceapi[_0x4f4536(0x9ac, 0x7a7, '\x45\x45\x75\x6a', 0x82f, 0x7eb)][_0x12c1ba(0x238, 0x385, -0xd7, 0x175, 0x2b7) + _0x1b4f69(0x7f3, 0x406, 0x4ec, 0x559, 0x414) + _0x1521ed(0x6bc, 0x67e, 0x52d, 0x840, 0x4fd) + '\x72'][_0x4f4536(0x66f, 0x47d, '\x23\x4a\x43\x36', 0x5b8, 0x79b) + _0x1521ed(0x9d6, 0xbd0, 0x9bb, 0xa06, 0xb07) + '\x69'](_0x39a8f8), await faceapi[_0x4f4536(0x615, 0x7fe, '\x6b\x43\x4e\x59', 0x6e0, 0x5b8)][_0x486c0a(0x78e, '\x5a\x79\x28\x69', 0xa0b, 0x681, 0x772) + _0x13a8ac('\x5a\x79\x28\x69', 0xfd, 0x2c7, 0x1bf, 0x31b) + _0x12c1ba(0x143, 0x54e, 0x115, 0x317, 0x40a) + '\x65\x74'][_0x12c1ba(0x161, 0x2c4, 0x3f2, 0x1b5, 0x395) + _0x1521ed(0x9d6, 0xc2b, 0x71b, 0x913, 0x7bd) + '\x69'](_0x39a8f8), await _0x583c85[_0x13a8ac('\x62\x36\x4d\x5a', -0x28, -0x18c, -0x88, -0xad)](loadHatResources), _0x583c85[_0x12c1ba(0x36d, 0x6a4, 0x5d4, 0x4ca, 0x28b)](initEventListeners), _0x583c85[_0x529b2e(0x756, 0x67a, 0x576, 0x7ae, 0x34d)](hideLoading), console[_0x46b728(-0x161, '\x74\x6c\x52\x49', 0x243, 0x34b, 0xdb)](_0x583c85[_0x12c1ba(0x219, 0x23f, 0x1bb, -0x35, 0x8f)]);
    } catch (_0x59a2e2) {
        console[_0x3e23ed('\x5a\x78\x44\x25', 0x198, 0x20e, 0x1e6, 0x1ca)](_0x583c85[_0x3e23ed('\x33\x47\x4c\x21', 0x2a, 0x68, 0x0, 0x1bd)], _0x59a2e2), _0x583c85[_0x486c0a(0x8c4, '\x33\x47\x4c\x21', 0xac4, 0x6a1, 0x8b7)](hideLoading), _0x583c85[_0x12c1ba(0x47c, 0x440, 0xcf, 0x28b, 0x240)](alert, _0x583c85[_0x1b4f69(0x274, 0x62b, 0x5c5, 0x36b, 0x240)]);
    }
}
async function loadHatResources() {
    function _0x465d62(_0x857594, _0x4c610b, _0x43e630, _0x5b0697, _0x37952f) {
        return _0x28a984(_0x43e630, _0x4c610b - 0xd3, _0x857594 - 0x25d, _0x5b0697 - 0x149, _0x37952f - 0x189);
    }
    function _0x259059(_0x3edc7f, _0x4baebe, _0x507f96, _0x34b59e, _0x485205) {
        return _0xfe7fa6(_0x485205 - -0x2a, _0x4baebe - 0x1aa, _0x507f96 - 0x6d, _0x34b59e, _0x485205 - 0x1da);
    }
    function _0xd4f918(_0x1bbb11, _0x194b39, _0x158421, _0x205d2d, _0x1d29be) {
        return _0xfe7fa6(_0x1d29be - 0x28f, _0x194b39 - 0x188, _0x158421 - 0x1b1, _0x194b39, _0x1d29be - 0x116);
    }
    const _0x2b8b95 = {
        '\x72\x4a\x4a\x6e\x4d': function (_0x3a4637) {
            return _0x3a4637();
        },
        '\x46\x43\x73\x59\x57': _0x433bab(0x202, '\x5a\x79\x28\x69', 0x3bf, 0x204, 0x32f) + _0x495d79(-0x1a5, '\x30\x4d\x30\x4b', 0xe5, 0x326, 0xf3),
        '\x56\x69\x61\x67\x6c': function (_0x23c726, _0x2dfb0f) {
            return _0x23c726 - _0x2dfb0f;
        },
        '\x66\x6e\x68\x5a\x5a': function (_0x387f86, _0x170d9a) {
            return _0x387f86 * _0x170d9a;
        },
        '\x52\x54\x73\x61\x42': function (_0x42b727, _0x2c1c96) {
            return _0x42b727 !== _0x2c1c96;
        },
        '\x51\x68\x66\x79\x74': _0x3f3b2a(0x1ae, 0x430, 0x347, 0x547, 0x1b8),
        '\x76\x67\x53\x59\x54': function (_0x782443, _0x3cc205) {
            return _0x782443(_0x3cc205);
        },
        '\x44\x54\x4d\x69\x64': _0x20960c(0x4c5, 0x60c, 0x52d, 0x3ab, 0x5ce) + _0x259059(-0x341, 0xe3, -0x315, 0xd9, -0x109) + '\x2e\x2e',
        '\x69\x63\x6d\x45\x74': function (_0xf7b341) {
            return _0xf7b341();
        }
    };
    function _0x3f3b2a(_0x2604b7, _0x5dd7c1, _0x3431cd, _0x525589, _0x5bba6e) {
        return _0x2e84ec(_0x5bba6e, _0x3431cd - -0x180, _0x3431cd - 0x64, _0x525589 - 0x3c, _0x5bba6e - 0x5c);
    }
    function _0x548e45(_0x160e37, _0x3fa839, _0x56a0de, _0x58828c, _0x244a3b) {
        return _0x501b6e(_0x160e37 - 0x16f, _0x244a3b - -0x356, _0x56a0de, _0x58828c - 0x1d0, _0x244a3b - 0x6b);
    }
    _0x2b8b95[_0x548e45(-0x6b, 0x1ba, '\x6e\x7a\x39\x6e', -0xb0, 0xa2)](showLoading, _0x2b8b95[_0x433bab(0x702, '\x5a\x79\x28\x69', 0x7fd, 0x5b6, 0x53f)]);
    function _0x495d79(_0x2abc08, _0x5d00c7, _0x3e8053, _0x80e417, _0xadc104) {
        return _0x1821ba(_0x2abc08 - 0x8a, _0x5d00c7 - 0xd4, _0x5d00c7, _0x80e417 - 0x131, _0x3e8053 - -0x61d);
    }
    function _0x433bab(_0x207dca, _0x57dce9, _0x4348b9, _0x4ac51a, _0x9c84bf) {
        return _0x171a52(_0x207dca - 0xcb, _0x57dce9, _0x4348b9 - 0xf4, _0x9c84bf - 0x3ba, _0x9c84bf - 0x13);
    }
    const _0x541cfb = HAT_RESOURCES[_0x259059(0x5e9, 0x1fb, 0x4bf, 0x28d, 0x324)]((_0x20601d, _0x5a9188) => {
        function _0x140eb9(_0xd84b05, _0x2dc5dc, _0x5d569f, _0x68e2bf, _0x4b1020) {
            return _0x55f821(_0xd84b05 - 0x8d, _0x2dc5dc - 0x111, _0x5d569f - 0xde, _0x4b1020, _0x5d569f - -0x599);
        }
        const _0x52c87c = {
            '\x69\x59\x49\x6b\x6c': function (_0x1501d0, _0x3f7eda) {
                function _0x16137f(_0x2f801c, _0x387591, _0x13f502, _0x80e774, _0x5c4999) {
                    return _0x59f5(_0x387591 - -0xc3, _0x2f801c);
                }
                return _0x2b8b95[_0x16137f(0x278, 0x408, 0x201, 0x569, 0x42f)](_0x1501d0, _0x3f7eda);
            },
            '\x59\x78\x58\x79\x6e': function (_0x4ba2b3, _0x44dd54) {
                function _0x35fa76(_0x417f36, _0x480a3c, _0x92bf54, _0x4c1cec, _0x58072e) {
                    return _0x59f5(_0x480a3c - 0x378, _0x4c1cec);
                }
                return _0x2b8b95[_0x35fa76(0x868, 0x7a9, 0x7f6, 0xa58, 0x85c)](_0x4ba2b3, _0x44dd54);
            },
            '\x47\x69\x49\x59\x48': function (_0x36cbcc, _0x4908c1) {
                function _0x250032(_0x281941, _0x22649c, _0x7fd9f3, _0x4446ae, _0x53ea4d) {
                    return _0x59f5(_0x53ea4d - -0x392, _0x7fd9f3);
                }
                return _0x2b8b95[_0x250032(0xa, -0xf0, -0x104, 0x30, -0x226)](_0x36cbcc, _0x4908c1);
            },
            '\x44\x44\x49\x73\x53': _0x2b8b95[_0x140eb9(-0x3e5, -0x1dc, -0x126, -0x111, '\x31\x36\x5d\x32')],
            '\x50\x54\x79\x43\x65': function (_0x2e8c0f) {
                function _0x33b518(_0x40b9c7, _0x3a9278, _0x294172, _0x54fdb5, _0x1ca7a1) {
                    return _0x59f5(_0x1ca7a1 - 0x193, _0x54fdb5);
                }
                return _0x2b8b95[_0x33b518(0x642, 0x4af, 0x342, 0x2fb, 0x3c9)](_0x2e8c0f);
            }
        };
        return new Promise((_0x1c8156, _0x2f1f3e) => {
            function _0x11d1ca(_0x3c94c9, _0x567706, _0xe3e119, _0x54f024, _0x25d46f) {
                return _0x140eb9(_0x3c94c9 - 0x4f, _0x567706 - 0x1a0, _0x54f024 - 0x37c, _0x54f024 - 0xc9, _0x25d46f);
            }
            function _0x55e7b4(_0x4e5a9e, _0x5a8dcf, _0x45f3d9, _0x3de031, _0x91dd46) {
                return _0x140eb9(_0x4e5a9e - 0xd4, _0x5a8dcf - 0x17, _0x4e5a9e - 0x207, _0x3de031 - 0x1cd, _0x45f3d9);
            }
            const _0x377990 = {
                    '\x69\x77\x52\x66\x4b': function (_0x5d97dd) {
                        function _0x2f45d5(_0x20596f, _0x3cc2fb, _0x13cb2b, _0x20eb1b, _0x295b01) {
                            return _0x59f5(_0x295b01 - 0x6c, _0x20eb1b);
                        }
                        return _0x2b8b95[_0x2f45d5(0x24d, 0x2d0, 0x21b, 0x178, 0x2a2)](_0x5d97dd);
                    }
                }, _0x51ac20 = new Image();
            function _0x5b9564(_0xcfd6fc, _0x574d33, _0x5aca04, _0x837000, _0x4c2ee0) {
                return _0x140eb9(_0xcfd6fc - 0x1e, _0x574d33 - 0x35, _0x5aca04 - 0x3d5, _0x837000 - 0x58, _0xcfd6fc);
            }
            function _0x457b54(_0x502a8a, _0x523c8e, _0x3c9734, _0x3eceec, _0x1c04d4) {
                return _0x140eb9(_0x502a8a - 0xdf, _0x523c8e - 0x1a7, _0x3c9734 - 0x290, _0x3eceec - 0xe6, _0x523c8e);
            }
            _0x51ac20[_0x5b9564('\x74\x6c\x52\x49', 0x71a, 0x5da, 0x3bc, 0x4fe) + _0x55e7b4(0x388, 0x161, '\x5d\x77\x72\x78', 0x3dc, 0x41b) + '\x6e'] = _0x2b8b95[_0x5198e0(0x3f0, 0x2ca, 0x408, 0x223, 0x172)];
            function _0x5a2d94(_0x1232f3, _0x3592ff, _0x294d34, _0x5992c3, _0x1b8ecf) {
                return _0x59f5(_0x294d34 - -0x37b, _0x1b8ecf);
            }
            _0x51ac20[_0x5a2d94(0x3d, -0x20a, 0x74, -0x126, -0x1a2) + '\x64'] = () => {
                function _0x41d4df(_0xe26763, _0x4dfeb2, _0x5b71cf, _0x48dd0b, _0x5ea9db) {
                    return _0x55e7b4(_0x48dd0b - -0x1b6, _0x4dfeb2 - 0x4f, _0x5b71cf, _0x48dd0b - 0x20, _0x5ea9db - 0xdc);
                }
                const _0xde002f = {};
                _0xde002f[_0x41d4df(-0x1e5, -0x2d2, '\x77\x32\x25\x56', -0x80, 0x1c1)] = _0x20601d, _0xde002f[_0x5b4740(0x3cd, 0x25e, 0x38, 0x2b2, 0x4a2)] = _0x51ac20, _0xde002f[_0x41d4df(0x23d, 0x492, '\x57\x55\x6f\x5e', 0x310, 0x24d)] = _0x5a9188;
                function _0x2348d6(_0x265109, _0x2c3262, _0x537022, _0x1b7c03, _0x2e035d) {
                    return _0x5198e0(_0x2e035d, _0x2c3262 - 0x34, _0x537022 - 0x8e, _0x2c3262 - 0x109, _0x2e035d - 0x12b);
                }
                function _0x5b4740(_0x5e6c1f, _0x52eff0, _0x2680ac, _0x3b5ce4, _0x86d645) {
                    return _0x5a2d94(_0x5e6c1f - 0x130, _0x52eff0 - 0x9b, _0x3b5ce4 - 0x250, _0x3b5ce4 - 0xf5, _0x2680ac);
                }
                function _0x21b1bd(_0x127d96, _0x177490, _0x1b28b2, _0x47c418, _0x557dc9) {
                    return _0x5a2d94(_0x127d96 - 0x1bd, _0x177490 - 0x1bc, _0x127d96 - 0x673, _0x47c418 - 0x185, _0x177490);
                }
                hatImages[_0x21b1bd(0x620, 0x53a, 0x5e0, 0x599, 0x776)](_0xde002f);
                function _0x58077d(_0x4e3127, _0x1584f9, _0x19dad9, _0x3200f1, _0x2598be) {
                    return _0x55e7b4(_0x2598be - 0xf9, _0x1584f9 - 0x145, _0x19dad9, _0x3200f1 - 0x1b4, _0x2598be - 0x147);
                }
                _0x377990[_0x21b1bd(0x66c, 0x8a6, 0x814, 0x550, 0x62a)](_0x1c8156);
            };
            function _0x5198e0(_0x31e69e, _0x56460a, _0x17cdf8, _0x64d6f8, _0x5039ac) {
                return _0x59f5(_0x64d6f8 - -0x359, _0x31e69e);
            }
            _0x51ac20[_0x11d1ca(0x6cc, 0x5d5, 0x6f6, 0x503, '\x6d\x54\x64\x4e') + '\x6f\x72'] = () => {
                function _0x1c6705(_0x9e1127, _0x1d8278, _0x35298e, _0x57de08, _0x8bf92a) {
                    return _0x5a2d94(_0x9e1127 - 0x1a6, _0x1d8278 - 0x1e6, _0x57de08 - 0x201, _0x57de08 - 0xe0, _0x1d8278);
                }
                function _0x4725bc(_0xca606, _0x3e3d35, _0x14bc99, _0x2a8fc3, _0xeff4b1) {
                    return _0x5a2d94(_0xca606 - 0x1ea, _0x3e3d35 - 0x1e6, _0xca606 - -0x62, _0x2a8fc3 - 0xa, _0xeff4b1);
                }
                function _0x49356c(_0x393938, _0x1fc703, _0x36f36d, _0x19faa7, _0x5127d4) {
                    return _0x5a2d94(_0x393938 - 0x0, _0x1fc703 - 0x1de, _0x393938 - 0x141, _0x19faa7 - 0x32, _0x36f36d);
                }
                function _0x19248d(_0x361344, _0x27348c, _0xefed10, _0x33541b, _0x2dd0c8) {
                    return _0x11d1ca(_0x361344 - 0x1cb, _0x27348c - 0x1db, _0xefed10 - 0x121, _0x27348c - 0x111, _0xefed10);
                }
                function _0x418b7a(_0x1058c1, _0x653e12, _0x4c33de, _0x28350a, _0x1f2751) {
                    return _0x11d1ca(_0x1058c1 - 0x138, _0x653e12 - 0x4e, _0x4c33de - 0xbe, _0x4c33de - -0x347, _0x28350a);
                }
                const _0x540ba1 = {
                    '\x4c\x42\x70\x4a\x75': function (_0x4128d1, _0x41580c) {
                        function _0x333566(_0xc94fff, _0x4473c7, _0x3f5a46, _0x1de0b4, _0x3e5d64) {
                            return _0x59f5(_0x4473c7 - -0x1f0, _0x1de0b4);
                        }
                        return _0x52c87c[_0x333566(0x55b, 0x420, 0x1d8, 0x4be, 0x1d0)](_0x4128d1, _0x41580c);
                    },
                    '\x62\x65\x44\x62\x72': function (_0x540e80, _0x5abd22) {
                        function _0x5e583b(_0x5e73a3, _0x408e19, _0x28d417, _0xe2e1ab, _0x24ddac) {
                            return _0x5c4b(_0x24ddac - 0x8, _0x28d417);
                        }
                        return _0x52c87c[_0x5e583b(0x7e2, 0x63e, '\x4a\x6d\x23\x26', 0x472, 0x572)](_0x540e80, _0x5abd22);
                    }
                };
                function _0x5c24d6(_0x55f371, _0x61f88d, _0x5adfae, _0x6e175a, _0x561d1e) {
                    return _0x5b9564(_0x55f371, _0x61f88d - 0xb5, _0x5adfae - 0x64, _0x6e175a - 0x50, _0x561d1e - 0xc1);
                }
                function _0xb40a72(_0x4a93e6, _0x45c871, _0x1432c5, _0x22d778, _0x52de8b) {
                    return _0x5198e0(_0x1432c5, _0x45c871 - 0x7c, _0x1432c5 - 0x1e8, _0x52de8b - 0x6d6, _0x52de8b - 0x12d);
                }
                function _0x1d35eb(_0x25abcf, _0xbc2b1a, _0x2de3a0, _0xb34c1f, _0x24c3fa) {
                    return _0x5b9564(_0x2de3a0, _0xbc2b1a - 0x10e, _0xbc2b1a - -0x285, _0xb34c1f - 0x35, _0x24c3fa - 0x158);
                }
                function _0x37e3b2(_0x1ee4ee, _0x3b633d, _0x3c019d, _0x45f0fc, _0x474438) {
                    return _0x55e7b4(_0x3c019d - 0x198, _0x3b633d - 0x160, _0x1ee4ee, _0x45f0fc - 0x135, _0x474438 - 0x1a);
                }
                function _0x14e183(_0x258fda, _0x414818, _0x7f0f63, _0xec68ac, _0x5e0668) {
                    return _0x5a2d94(_0x258fda - 0x1a2, _0x414818 - 0x138, _0xec68ac - -0x40, _0xec68ac - 0x14e, _0x7f0f63);
                }
                if (_0x52c87c[_0x14e183(-0x34a, 0xd4, -0x432, -0x1f9, 0xb5)](_0x52c87c[_0x5c24d6('\x23\x4a\x43\x36', 0x5fc, 0x535, 0x53a, 0x579)], _0x52c87c[_0x1d35eb(0x2f8, 0x387, '\x57\x5b\x76\x42', 0x166, 0x4f1)])) {
                    const _0x345494 = _0x540ba1[_0x1d35eb(0x284, 0x4aa, '\x32\x47\x67\x76', 0x55f, 0x66c)](_0xa00d5d[_0x418b7a(0x1f1, 0x112, 0x1de, '\x74\x6c\x52\x49', 0x250) + _0x19248d(0x4b6, 0x63d, '\x4c\x6c\x59\x67', 0x80f, 0x86e)], -0xc0f + -0x4f2 * -0x7 + -0x1667), _0x31c1d4 = _0x540ba1[_0x14e183(0x1b3, 0x465, 0x10e, 0x26c, 0x184)](_0x568f0a[_0x418b7a(0x4db, 0x4a1, 0x2ad, '\x23\x4a\x43\x36', 0x57c) + _0xb40a72(0x6b9, 0x830, 0x88e, 0x726, 0x8bb) + '\x74'], 0x727 * 0x1 + 0x43 + -0x76a + 0.5);
                    return {
                        '\x6d\x61\x78\x57\x69\x64\x74\x68': _0x4041aa[_0x418b7a(0x3a, 0x222, 0x24a, '\x57\x55\x6f\x5e', 0x378)](_0x345494, -0x2277 + 0x100d * 0x1 + 0xa61 * 0x2),
                        '\x6d\x61\x78\x48\x65\x69\x67\x68\x74': _0x3163ad[_0x4725bc(0x247, 0x78, 0x1c7, 0x38d, 0x170)](_0x31c1d4, -0x5cc + -0x267a + 0x2e9e)
                    };
                } else
                    console[_0x5c24d6('\x73\x4f\x32\x4f', 0x265, 0x412, 0x1bb, 0x184)](_0x1d35eb(0x78b, 0x539, '\x6d\x54\x64\x4e', 0x636, 0x61c) + _0x1c6705(0x1e6, 0x2ab, 0x37f, 0x2c4, 0x15e) + _0x20601d), _0x52c87c[_0x14e183(-0x364, -0x1e3, -0x3cb, -0x2a8, -0x538)](_0x1c8156);
            }, _0x51ac20[_0x55e7b4(0x5d6, 0x5cf, '\x5d\x77\x72\x78', 0x5c9, 0x681)] = _0x20601d;
        });
    });
    function _0x55f821(_0x36801d, _0x52a67d, _0x211246, _0x558204, _0x476ebb) {
        return _0x171a52(_0x36801d - 0x18, _0x558204, _0x211246 - 0x1ad, _0x476ebb - 0x60b, _0x476ebb - 0x7c);
    }
    await Promise[_0x20960c(0x573, 0x751, 0x4b7, 0x29e, 0x6e3)](_0x541cfb), _0x2b8b95[_0x55f821(0x6a5, 0x94b, 0x661, '\x2a\x45\x4d\x79', 0x877)](renderHatGallery);
    function _0x1a0899(_0x1e67dd, _0x5327b5, _0x8839b9, _0x5553e2, _0x5c0246) {
        return _0x5ff5bb(_0x1e67dd - 0xe8, _0x5327b5 - 0x171, _0x5c0246, _0x1e67dd - 0x12c, _0x5c0246 - 0x6c);
    }
    function _0x20960c(_0x1be70a, _0x58488a, _0x25fdea, _0x27bfb9, _0x24ef27) {
        return _0x2e84ec(_0x24ef27, _0x25fdea - -0x1c4, _0x25fdea - 0x1dc, _0x27bfb9 - 0x17e, _0x24ef27 - 0x2b);
    }
    _0x2b8b95[_0xd4f918(0x71f, 0x3ce, 0x572, 0x424, 0x4f7)](hideLoading);
}
function renderHatGallery() {
    const _0x22b229 = {
        '\x42\x62\x6c\x65\x72': function (_0x59bcc0, _0x230c55, _0x393326, _0x2f6651) {
            return _0x59bcc0(_0x230c55, _0x393326, _0x2f6651);
        },
        '\x42\x66\x6e\x53\x58': function (_0xf25b15, _0x6f96a9) {
            return _0xf25b15 + _0x6f96a9;
        }
    };
    function _0x46de25(_0x3e7f39, _0x52c923, _0x292812, _0x30564c, _0x17db0d) {
        return _0x1821ba(_0x3e7f39 - 0x140, _0x52c923 - 0x1, _0x52c923, _0x30564c - 0x102, _0x30564c - -0x1be);
    }
    hatGallery[_0x2a6b7c('\x26\x5a\x4c\x5a', 0x7e5, 0x32f, 0x51a, 0x504) + _0x2a6b7c('\x23\x4a\x43\x36', 0x52c, 0x6a6, 0x469, 0x21c)] = '';
    function _0xdede4e(_0x14bb09, _0x46ba70, _0x27fe31, _0x242019, _0x54f20c) {
        return _0xfe7fa6(_0x54f20c - 0x50e, _0x46ba70 - 0x162, _0x27fe31 - 0x132, _0x46ba70, _0x54f20c - 0x55);
    }
    function _0x2a6b7c(_0x5aec7d, _0x3d473e, _0xc0f5cc, _0xdaa97e, _0x4a2bc3) {
        return _0x501b6e(_0x5aec7d - 0x1e7, _0xdaa97e - 0xb2, _0x5aec7d, _0xdaa97e - 0x6a, _0x4a2bc3 - 0x1cd);
    }
    function _0x667629(_0x264079, _0x182ff9, _0x19b405, _0x3654d5, _0x5ef5a9) {
        return _0x28a984(_0x182ff9, _0x182ff9 - 0xf1, _0x3654d5 - 0x3ca, _0x3654d5 - 0x1d8, _0x5ef5a9 - 0xad);
    }
    hatImages[_0x667629(0x520, 0x42b, 0x77b, 0x5c2, 0x69f) + '\x63\x68']((_0xd66437, _0x11c410) => {
        function _0x31712d(_0x4c3a82, _0x94cd48, _0xf54b27, _0x18b23c, _0x3ad009) {
            return _0x667629(_0x4c3a82 - 0x60, _0x4c3a82, _0xf54b27 - 0x140, _0x94cd48 - 0x101, _0x3ad009 - 0x170);
        }
        const _0x482ec3 = _0x22b229[_0x31712d(0x53e, 0x3b8, 0xfa, 0x2e1, 0x302)](createHatItem, _0xd66437, _0x11c410, ![]);
        function _0x1d16a8(_0x4c3fc8, _0x7019ef, _0x561d7a, _0x50c47a, _0x4cbcca) {
            return _0x2a6b7c(_0x7019ef, _0x7019ef - 0x100, _0x561d7a - 0x18, _0x50c47a - 0x345, _0x4cbcca - 0x12e);
        }
        function _0x529c0d(_0x3d6605, _0x18053c, _0x4f8ca6, _0x5ac49f, _0x215613) {
            return _0x46de25(_0x3d6605 - 0x66, _0x4f8ca6, _0x4f8ca6 - 0x19e, _0x5ac49f - -0x14e, _0x215613 - 0x17a);
        }
        hatGallery[_0x529c0d(0x817, 0x2b1, '\x33\x47\x4c\x21', 0x573, 0x7b8) + _0x529c0d(0x3a4, 0x646, '\x6d\x54\x64\x4e', 0x56f, 0x746) + '\x64'](_0x482ec3);
    }), customHatImages[_0x667629(0x77e, 0x534, 0x551, 0x5c2, 0x3eb) + '\x63\x68']((_0x151310, _0x11d24a) => {
        const _0xd01f4e = _0x22b229[_0x5ac675('\x67\x4f\x42\x23', 0x97, 0x4e9, 0x83, 0x294)](createHatItem, _0x151310, _0x22b229[_0x342836(0x742, 0x7db, 0x6b2, 0x85b, 0x686)](hatImages[_0x5ac675('\x33\x4b\x74\x58', 0x101, 0xa7, 0x24a, 0x25b) + '\x68'], _0x11d24a), !![]);
        function _0x5bf099(_0xcdac0a, _0x5e6469, _0x3e4907, _0x3a0dd5, _0x4012c6) {
            return _0x2a6b7c(_0x5e6469, _0x5e6469 - 0x187, _0x3e4907 - 0x194, _0x3e4907 - -0xf4, _0x4012c6 - 0xfa);
        }
        function _0x437edc(_0x53e9f6, _0x50b06b, _0x4b76eb, _0x440f6a, _0x7ee43) {
            return _0xdede4e(_0x53e9f6 - 0x1df, _0x4b76eb, _0x4b76eb - 0x41, _0x440f6a - 0x13e, _0x440f6a - -0x553);
        }
        function _0x342836(_0x2e324a, _0x3e254d, _0x43b9ff, _0x5dd987, _0x5de384) {
            return _0x667629(_0x2e324a - 0x133, _0x5de384, _0x43b9ff - 0x8b, _0x43b9ff - 0x144, _0x5de384 - 0xd2);
        }
        function _0x5ac675(_0x346f2e, _0x3fd3cb, _0x40e41e, _0x274cc9, _0x1df5d1) {
            return _0x46de25(_0x346f2e - 0x129, _0x346f2e, _0x40e41e - 0x3a, _0x1df5d1 - -0x391, _0x1df5d1 - 0xd0);
        }
        function _0x45e5b5(_0x29e1d5, _0x2cbe17, _0x205af0, _0x1073b9, _0x16a84a) {
            return _0x2a6b7c(_0x29e1d5, _0x2cbe17 - 0x1c9, _0x205af0 - 0x5, _0x2cbe17 - -0x42e, _0x16a84a - 0x7d);
        }
        hatGallery[_0x342836(0x893, 0x5f5, 0x6b8, 0x750, 0x877) + _0x5ac675('\x49\x59\x4a\x56', 0x7b, 0x583, 0x8d, 0x2d9) + '\x64'](_0xd01f4e);
    });
}
function _0x1363fa(_0x16071b, _0x34e5dd, _0x3f49d9, _0x56689a, _0x48bb41) {
    return _0x59f5(_0x56689a - -0x27, _0x3f49d9);
}
function createHatItem(_0x1b7246, _0x3f020c, _0x2e9236) {
    const _0x35bcd6 = {
            '\x44\x75\x73\x41\x50': _0x586e74('\x31\x62\x52\x26', 0x2e, 0x16, 0x50, -0x7f) + _0x17439a(0x4cf, 0x6be, 0x72c, 0x714, 0x9b2) + _0x5577c8(0x9c0, 0x7bf, 0x9b1, 0x794, '\x49\x59\x4a\x56'),
            '\x4e\x55\x5a\x46\x6f': function (_0x27b28a, _0x522aa1) {
                return _0x27b28a(_0x522aa1);
            },
            '\x57\x69\x51\x6b\x66': _0x5577c8(0x88e, 0x69f, 0x8b7, 0x753, '\x47\x56\x68\x55') + '\u5e3d\u5b50',
            '\x68\x6a\x55\x51\x4e': function (_0x56c9ee) {
                return _0x56c9ee();
            },
            '\x6d\x47\x55\x58\x69': function (_0x29d4f8, _0x3515d5) {
                return _0x29d4f8 === _0x3515d5;
            },
            '\x72\x51\x5a\x6f\x52': function (_0x492c40, _0x40ee00) {
                return _0x492c40(_0x40ee00);
            },
            '\x59\x61\x42\x76\x68': _0x3dc9ac(0x4d5, 0x4f1, 0x6d4, 0x894, 0x5c4) + '\u5e3d\u5b50',
            '\x73\x4c\x79\x46\x42': _0x5577c8(0x9d0, 0x873, 0xbf4, 0x716, '\x62\x36\x4d\x5a'),
            '\x72\x42\x52\x4b\x77': _0x586e74('\x47\x56\x68\x55', -0x58, 0x4b5, 0x215, 0x3a4) + _0x296988(0x46d, 0x718, 0x8cd, 0x866, '\x30\x4d\x30\x4b'),
            '\x61\x46\x75\x44\x6b': function (_0x2a7ad9, _0x349ba1) {
                return _0x2a7ad9 === _0x349ba1;
            },
            '\x70\x4f\x69\x68\x4d': _0x3dc9ac(0x7e2, 0x596, 0x809, 0x95a, 0x85a),
            '\x70\x6a\x42\x6d\x78': _0x17439a(0x9ff, 0x991, 0x8f5, 0x773, 0x7b5) + '\x65',
            '\x49\x59\x71\x78\x5a': _0x3dc9ac(0x9af, 0x996, 0x95d, 0xa73, 0x921),
            '\x51\x53\x79\x6e\x4c': function (_0x1f2674, _0x4ecf4b) {
                return _0x1f2674 + _0x4ecf4b;
            },
            '\x64\x51\x46\x47\x77': _0x586e74('\x33\x4b\x74\x58', 0x514, 0x281, 0x453, 0x26c)
        }, _0x36c459 = document[_0x2cd03e(0x9ee, '\x6b\x43\x4e\x59', 0x90f, 0xb48, 0xafa) + _0x17439a(0x1ce, 0x4e4, 0x386, 0x3d7, 0x28e) + _0xdcc108(0x371, 0x4f0, 0x271, 0x326, 0x4f3)](_0x35bcd6[_0x17439a(0x7ea, 0x750, 0x9b4, 0x892, 0x9f0)]);
    function _0x486c01(_0x2b19dc, _0x408b54, _0x41342e, _0x117332, _0x121646) {
        return _0x501b6e(_0x2b19dc - 0x1b4, _0x41342e - 0x2e2, _0x121646, _0x117332 - 0x7a, _0x121646 - 0x15e);
    }
    _0x36c459[_0x3d2ffc(0x264, 0x2b6, 0x228, 0x15a, 0x458) + _0xdcc108(0x2bf, 0x1dc, 0x1ae, -0x64, -0xae)] = _0x35bcd6[_0x443ecd(0x56e, 0x2c8, 0x4b5, 0x64f, 0x490)];
    function _0x586e74(_0x21a7dc, _0x3f8fe3, _0x29eb90, _0xff8661, _0xf9cfe0) {
        return _0x1821ba(_0x21a7dc - 0x134, _0x3f8fe3 - 0x9a, _0x21a7dc, _0xff8661 - 0x3e, _0xff8661 - -0x34d);
    }
    if (_0x35bcd6[_0x2cd03e(0x1ab, '\x33\x4b\x74\x58', 0x476, 0x383, 0x28d)](_0x3f020c, selectedHatIndex)) {
        if (_0x35bcd6[_0x3dc9ac(0x662, 0x530, 0x673, 0x46f, 0x5e7)](_0x35bcd6[_0x443ecd(0x54d, 0x540, 0x72b, 0x3d0, 0x304)], _0x35bcd6[_0xdcc108(0x325, 0x66a, 0x3db, 0x25d, 0x5ee)]))
            _0x36c459[_0xdcc108(0x6c, 0x433, 0x268, 0x30d, 0x115) + _0xdcc108(0x46d, 0x291, 0x435, 0x538, 0x529)][_0x3dc9ac(0x5f0, 0x4eb, 0x9a0, 0x601, 0x78a)](_0x35bcd6[_0x586e74('\x6d\x54\x64\x4e', -0x36, 0x3be, 0x1b1, 0x3a0)]);
        else {
            const _0x1c08e6 = _0x35bcd6[_0xdcc108(0x522, 0x515, 0x2d8, 0x51a, 0x37d)][_0x3dc9ac(0x92c, 0xa43, 0xaa4, 0x586, 0x7f0)]('\x7c');
            let _0x213469 = 0x23a + -0x191 * -0x1 + -0x3cb;
            while (!![]) {
                switch (_0x1c08e6[_0x213469++]) {
                case '\x30':
                    _0x50efc3[_0x3dc9ac(0x754, 0x2a6, 0x527, 0x5ae, 0x537) + _0x17439a(0x53d, 0x4a3, 0x453, 0x469, 0x2f1)]();
                    continue;
                case '\x31':
                    _0x33c675[_0x3dc9ac(0x997, 0x940, 0x7ca, 0x5d4, 0x7b7) + '\x63\x68'](_0x560e0a => {
                        function _0x227055(_0x2e9c6b, _0x30fd6f, _0xcd585f, _0x565334, _0x4e53b6) {
                            return _0x2cd03e(_0x2e9c6b - 0x1c9, _0x565334, _0x2e9c6b - -0x4dc, _0x565334 - 0xc4, _0x4e53b6 - 0x121);
                        }
                        _0x49740b[_0x227055(0x25d, 0x187, -0x3b, '\x49\x59\x4a\x56', 0x13d) + '\x65'](_0x560e0a);
                    });
                    continue;
                case '\x32':
                    _0x35bcd6[_0xdcc108(0x426, 0x5da, 0x546, 0x621, 0x412)](_0x490c3d, _0x35bcd6[_0x486c01(0x598, 0x45c, 0x6cf, 0x960, '\x4c\x6c\x59\x67')]);
                    continue;
                case '\x33':
                    _0x463399[_0x17439a(0x6e5, 0x6fb, 0x470, 0x48b, 0x4b4) + _0x5577c8(0x51b, 0x3a0, 0x403, 0x4c0, '\x26\x5a\x4c\x5a') + _0x5577c8(0x848, 0x6d0, 0x869, 0x9e7, '\x6d\x54\x64\x4e') + _0x586e74('\x42\x69\x4a\x23', -0x68, 0x70, 0x130, 0x27c)]();
                    continue;
                case '\x34':
                    _0x35bcd6[_0x17439a(0x8c3, 0xaf6, 0x8f7, 0x843, 0x736)](_0x2ef291);
                    continue;
                case '\x35':
                    _0x23da2c = [];
                    continue;
                case '\x36':
                    if (_0x35bcd6[_0x5577c8(0xa2d, 0xcf7, 0xb31, 0xb27, '\x63\x69\x61\x36')](_0x5e2bb0[_0x5577c8(0x7c5, 0x6bc, 0xa70, 0x5e5, '\x51\x23\x5e\x75') + '\x68'], -0x1 * 0x246c + 0x11 * -0x6d + 0x1 * 0x2ba9)) {
                        _0x35bcd6[_0x3dc9ac(0x662, 0x7b5, 0x5a3, 0x4b3, 0x4e9)](_0x3c24a4, _0x35bcd6[_0x296988(0x75e, 0x90b, 0xab5, 0x6dc, '\x56\x53\x38\x53')]);
                        return;
                    }
                    continue;
                }
                break;
            }
        }
    }
    function _0x5577c8(_0x4dc0c6, _0x52add7, _0x1b7946, _0x41f862, _0x7c2263) {
        return _0x171a52(_0x4dc0c6 - 0xc1, _0x7c2263, _0x1b7946 - 0x8a, _0x4dc0c6 - 0x665, _0x7c2263 - 0xd5);
    }
    function _0x3d2ffc(_0x3bb98f, _0xb6d793, _0x276944, _0x51bc1e, _0x53b844) {
        return _0x28a984(_0x276944, _0xb6d793 - 0x1a8, _0xb6d793 - 0x2bb, _0x51bc1e - 0x9b, _0x53b844 - 0x105);
    }
    const _0x3ed430 = document[_0xdcc108(0x5d9, 0x593, 0x4bb, 0x542, 0x3c5) + _0xdcc108(0x238, -0x139, 0x16d, 0x14, 0x1a6) + _0x5577c8(0x601, 0x4d8, 0x400, 0x8cf, '\x74\x6c\x52\x49')](_0x35bcd6[_0x486c01(0x132, 0x5b1, 0x398, 0x3f3, '\x4a\x6d\x23\x26')]);
    _0x3ed430[_0x2cd03e(0x92d, '\x51\x39\x5b\x45', 0x687, 0x93a, 0x68c)] = _0x1b7246[_0x486c01(0x83d, 0x4ed, 0x6ce, 0x731, '\x73\x62\x78\x6f')] || _0x1b7246;
    function _0x2cd03e(_0x1ebeea, _0x823220, _0x58533f, _0x20b616, _0xb3fbe6) {
        return _0x1821ba(_0x1ebeea - 0x11f, _0x823220 - 0xc5, _0x823220, _0x20b616 - 0x19c, _0x58533f - 0x10a);
    }
    _0x3ed430[_0xdcc108(0xb4, 0x36, 0x2d9, 0x6c, 0x427)] = _0x486c01(0x532, 0x50b, 0x5df, 0x4aa, '\x42\x69\x4a\x23') + _0x35bcd6[_0x5577c8(0x6ea, 0x5f9, 0x83a, 0x94a, '\x49\x59\x4a\x56')](_0x3f020c, 0x245 * -0x11 + 0x1f16 + -0xc0 * -0xa);
    function _0x3dc9ac(_0x2ba34c, _0x11897a, _0xb9e217, _0x155c5a, _0xaef7f6) {
        return _0xfe7fa6(_0xaef7f6 - 0x6af, _0x11897a - 0x62, _0xb9e217 - 0x6a, _0x2ba34c, _0xaef7f6 - 0x107);
    }
    _0x36c459[_0x5577c8(0x9eb, 0x84d, 0x8a0, 0x84a, '\x46\x39\x77\x64') + _0x586e74('\x69\x69\x69\x25', 0x548, 0x23e, 0x37e, 0x22a) + '\x64'](_0x3ed430);
    function _0x17439a(_0x283153, _0x533818, _0x5ef9e8, _0x31617c, _0x3d22ff) {
        return _0x5a40d5(_0x533818, _0x31617c - 0x40f, _0x5ef9e8 - 0x1e3, _0x31617c - 0x14, _0x3d22ff - 0xaa);
    }
    function _0x443ecd(_0xe88a6a, _0x2fd4f7, _0x207cb6, _0x7a6be2, _0x4c230e) {
        return _0x28a984(_0x7a6be2, _0x2fd4f7 - 0x1a2, _0xe88a6a - 0x3df, _0x7a6be2 - 0x1ed, _0x4c230e - 0x1cc);
    }
    function _0x296988(_0x5eaa3a, _0x1f2531, _0x207dff, _0x386f41, _0x1abb40) {
        return _0x1821ba(_0x5eaa3a - 0xef, _0x1f2531 - 0xb2, _0x1abb40, _0x386f41 - 0x1eb, _0x1f2531 - 0x4e);
    }
    function _0xdcc108(_0x41ff32, _0x178161, _0x101fba, _0x1d3e1e, _0x25ce9c) {
        return _0x28a984(_0x1d3e1e, _0x178161 - 0x17e, _0x101fba - 0x26d, _0x1d3e1e - 0x1f3, _0x25ce9c - 0x14e);
    }
    return _0x36c459[_0x296988(0x9da, 0x7df, 0x9f3, 0x997, '\x57\x5b\x76\x42') + _0x3dc9ac(0x240, 0x48d, 0x606, 0x78b, 0x4c5) + _0x443ecd(0x37b, 0x46b, 0x1b6, 0x4a6, 0x634) + '\x72'](_0x35bcd6[_0x486c01(0x621, 0x6b9, 0x81f, 0x919, '\x45\x45\x75\x6a')], () => {
        function _0x48c1d3(_0x320e48, _0x52056e, _0x1dfe37, _0x4e0f96, _0x498854) {
            return _0x2cd03e(_0x320e48 - 0x166, _0x4e0f96, _0x1dfe37 - -0x76d, _0x4e0f96 - 0x36, _0x498854 - 0x155);
        }
        _0x35bcd6[_0x48c1d3(-0x35a, -0x183, -0x277, '\x67\x4f\x42\x23', -0x8c)](selectHat, _0x3f020c);
    }), _0x36c459;
}
function _0x171a52(_0x4496e7, _0x42fd39, _0x366cee, _0x43537f, _0x2b0a4f) {
    return _0x5c4b(_0x43537f - -0x2a9, _0x42fd39);
}
function selectHat(_0x4a4dbd) {
    function _0x5edebd(_0x201a0a, _0xb7af19, _0x32c99b, _0x3d1c24, _0x130c44) {
        return _0x28a984(_0xb7af19, _0xb7af19 - 0x3b, _0x3d1c24 - 0x5d3, _0x3d1c24 - 0x10b, _0x130c44 - 0x164);
    }
    const _0x100d28 = {
        '\x43\x4c\x6e\x61\x44': function (_0xd44491) {
            return _0xd44491();
        },
        '\x58\x56\x6c\x4b\x4c': _0x678c8a(-0x73, -0x16, -0x46d, -0x1ef, '\x35\x6b\x56\x43') + _0x13723b(0x75c, 0x7dd, 0x555, 0x667, 0x7bd),
        '\x49\x74\x72\x6e\x76': function (_0x3a351f, _0x244f21) {
            return _0x3a351f === _0x244f21;
        },
        '\x44\x75\x69\x46\x76': _0x13723b(0x764, 0x308, 0x2e2, 0x52f, 0x6e1) + '\x65',
        '\x62\x52\x57\x6a\x4d': function (_0x29bcb4, _0x48772d) {
            return _0x29bcb4 === _0x48772d;
        },
        '\x62\x6f\x4f\x65\x73': _0x13723b(0x4ab, 0x2f1, 0x193, 0x250, 0x5f),
        '\x61\x56\x54\x78\x52': _0x4ef160(0x1a9, '\x23\x6f\x67\x75', 0x24d, 0x256, -0x68),
        '\x55\x67\x42\x59\x50': _0x25b3f4(0xb9, 0x153, 0xf9, 0x27b, 0x26) + _0x429555(0x42d, 0x6d6, 0x735, 0x570, 0x557)
    };
    selectedHatIndex = _0x4a4dbd;
    function _0x13723b(_0x59aecf, _0x4dfc50, _0xdcc4cd, _0x58c6b5, _0x233347) {
        return _0xfe7fa6(_0x58c6b5 - 0x383, _0x4dfc50 - 0x10d, _0xdcc4cd - 0x3d, _0xdcc4cd, _0x233347 - 0x189);
    }
    function _0x4ef160(_0xcf612b, _0x13c534, _0x16c3a3, _0x40c1f4, _0x16a81f) {
        return _0x501b6e(_0xcf612b - 0x126, _0x16c3a3 - -0xd2, _0x13c534, _0x40c1f4 - 0xd4, _0x16a81f - 0x56);
    }
    function _0x25b3f4(_0x5bd226, _0x2a0f61, _0x58097b, _0x36c1e8, _0x31bf99) {
        return _0x28a984(_0x5bd226, _0x2a0f61 - 0x43, _0x36c1e8 - -0xcd, _0x36c1e8 - 0x18e, _0x31bf99 - 0xb4);
    }
    function _0x92396(_0x226871, _0x3be907, _0x1b106c, _0x11a611, _0x377853) {
        return _0x5a40d5(_0x377853, _0x1b106c - -0x1a9, _0x1b106c - 0x91, _0x11a611 - 0xf, _0x377853 - 0x162);
    }
    function _0x429555(_0x10c135, _0x502603, _0x1b46e7, _0x5e9e1a, _0x3640e5) {
        return _0x5a40d5(_0x10c135, _0x3640e5 - 0x274, _0x1b46e7 - 0x89, _0x5e9e1a - 0x99, _0x3640e5 - 0x30);
    }
    function _0x678c8a(_0x21f8e1, _0x19048b, _0x294d57, _0x262e12, _0x89c9b3) {
        return _0x501b6e(_0x21f8e1 - 0x1a3, _0x262e12 - -0x28e, _0x89c9b3, _0x262e12 - 0x141, _0x89c9b3 - 0xfe);
    }
    document[_0x92396(0xed, 0x36b, 0x2e8, 0x1ba, 0x2f6) + _0x429555(0x4f0, 0x3d5, 0x563, 0x1e0, 0x2c6) + _0x13723b(0x251, 0x4fc, 0x18b, 0x3c8, 0x129) + '\x6c'](_0x100d28[_0x92396(0x110, -0x74, -0x86, -0x1f6, -0x154)])[_0x25b3f4(0x366, 0x21e, 0x3af, 0x12b, 0x129) + '\x63\x68']((_0x1ee07f, _0x4e0454) => {
        function _0x11714c(_0x335b8d, _0x2a5aff, _0x783dd6, _0x3fe118, _0x57a01a) {
            return _0x4ef160(_0x335b8d - 0xc9, _0x783dd6, _0x57a01a - -0x89, _0x3fe118 - 0x155, _0x57a01a - 0x72);
        }
        function _0x3dc8db(_0x3c15f, _0x481eff, _0x3d41e9, _0x23b3c5, _0x276001) {
            return _0x5edebd(_0x3c15f - 0x14b, _0x3d41e9, _0x3d41e9 - 0x1e5, _0x23b3c5 - -0x29b, _0x276001 - 0x19b);
        }
        function _0x2e621a(_0x48331e, _0x49f4a1, _0x7678a9, _0x22257d, _0xc92768) {
            return _0x429555(_0x49f4a1, _0x49f4a1 - 0xab, _0x7678a9 - 0x19d, _0x22257d - 0x1d7, _0x7678a9 - -0x342);
        }
        function _0x26bc9b(_0x5001fa, _0x21b6e0, _0x973591, _0x42ac99, _0x45d555) {
            return _0x4ef160(_0x5001fa - 0x161, _0x21b6e0, _0x5001fa - 0x4ce, _0x42ac99 - 0x24, _0x45d555 - 0x145);
        }
        function _0x51d73c(_0x5b0476, _0x5b79a8, _0x12c9bf, _0x564422, _0x2432a7) {
            return _0x678c8a(_0x5b0476 - 0x16c, _0x5b79a8 - 0x85, _0x12c9bf - 0x131, _0x5b79a8 - -0x14, _0x2432a7);
        }
        function _0x3c12e6(_0x4c2d8c, _0x1fd7cd, _0x9adc3e, _0x41d1ca, _0x1f4d9c) {
            return _0x92396(_0x4c2d8c - 0x1ec, _0x1fd7cd - 0x18e, _0x4c2d8c - 0x672, _0x41d1ca - 0x1a, _0x9adc3e);
        }
        function _0x8c907c(_0xdb4a66, _0x3a11cc, _0x3a4ef2, _0x216c1b, _0xe0447c) {
            return _0x4ef160(_0xdb4a66 - 0x162, _0x216c1b, _0xdb4a66 - -0x1a0, _0x216c1b - 0x1cc, _0xe0447c - 0xa5);
        }
        function _0x1ddd97(_0x135a0a, _0x8e0560, _0x1380c4, _0x41d2b6, _0x4ba704) {
            return _0x92396(_0x135a0a - 0xf9, _0x8e0560 - 0x1d, _0x135a0a - -0x89, _0x41d2b6 - 0xe0, _0x1380c4);
        }
        const _0x4d770d = {
            '\x77\x45\x55\x7a\x72': function (_0xcf09) {
                function _0x1430f9(_0x479ba8, _0x1aadfa, _0x2f191c, _0x1de0b6, _0x1d7b8d) {
                    return _0x59f5(_0x1aadfa - -0x271, _0x2f191c);
                }
                return _0x100d28[_0x1430f9(-0x2fe, -0x6e, 0x1ef, -0x208, -0x27)](_0xcf09);
            }
        };
        function _0x341cad(_0x31ccd2, _0x14e70b, _0x56779c, _0x3305f8, _0x8457de) {
            return _0x4ef160(_0x31ccd2 - 0x173, _0x8457de, _0x14e70b - 0x319, _0x3305f8 - 0x17f, _0x8457de - 0x1a1);
        }
        function _0x10cbcb(_0x48e1a4, _0x2043c3, _0x478318, _0x324e04, _0x52bc79) {
            return _0x25b3f4(_0x478318, _0x2043c3 - 0x173, _0x478318 - 0x1c0, _0x2043c3 - 0x4f7, _0x52bc79 - 0x29);
        }
        if (_0x100d28[_0x3dc8db(0x5a7, 0x475, 0x5b4, 0x5f6, 0x85c)](_0x4e0454, _0x4a4dbd))
            _0x1ee07f[_0x2e621a(0xd5, 0x297, -0xb, 0x15d, -0x6b) + _0x2e621a(0xdc, -0x41, 0x1c2, 0x64, 0x328)][_0x1ddd97(0x61, 0x96, -0x65, 0x72, 0x2ac)](_0x100d28[_0x8c907c(0x62, -0x1f5, 0x5e, '\x45\x45\x75\x6a', -0x220)]);
        else {
            if (_0x100d28[_0x8c907c(-0x4c, -0x1f2, -0x97, '\x73\x4f\x32\x4f', -0x208)](_0x100d28[_0x2e621a(-0xae, -0x328, -0xb6, -0x1a7, 0x1ae)], _0x100d28[_0x51d73c(0x2f6, 0x347, 0x1bf, 0x22f, '\x49\x59\x4a\x56')])) {
                const _0x158a02 = {
                        '\x5a\x4d\x5a\x4e\x56': function (_0x5a9b8d) {
                            function _0x414f03(_0x4be44b, _0x4c9d9f, _0x12fade, _0x2af495, _0x639c3f) {
                                return _0x51d73c(_0x4be44b - 0x8a, _0x2af495 - 0x55d, _0x12fade - 0x77, _0x2af495 - 0x6c, _0x4be44b);
                            }
                            return _0x100d28[_0x414f03('\x32\x47\x67\x76', 0x515, 0x9c3, 0x7df, 0x79d)](_0x5a9b8d);
                        }
                    }, _0x40a854 = new _0x48c3e5();
                _0x40a854[_0x11714c(0x414, 0x93, '\x74\x6c\x52\x49', 0x86, 0x2af) + _0x1ddd97(0xd5, -0x179, -0x15f, 0x339, -0x1af) + '\x6e'] = _0x100d28[_0x8c907c(-0xb8, -0x2b7, 0x1b4, '\x73\x62\x78\x6f', -0x1d0)], _0x40a854[_0x3dc8db(0x525, 0x48c, 0x7ee, 0x51e, 0x628) + '\x64'] = () => {
                    function _0x813ebd(_0x291132, _0x1d7f0d, _0x22a562, _0xa6e520, _0x5911f4) {
                        return _0x26bc9b(_0x1d7f0d - -0x626, _0xa6e520, _0x22a562 - 0xe, _0xa6e520 - 0x1c4, _0x5911f4 - 0xac);
                    }
                    function _0x374206(_0x924d68, _0x570c3a, _0x3068e7, _0xe54ca8, _0x4c0540) {
                        return _0x51d73c(_0x924d68 - 0x139, _0x3068e7 - 0x681, _0x3068e7 - 0xc4, _0xe54ca8 - 0x1c3, _0x924d68);
                    }
                    function _0x2ead10(_0x530feb, _0x4d05e0, _0x38e0aa, _0x163b76, _0x292e51) {
                        return _0x341cad(_0x530feb - 0x124, _0x163b76 - 0x91, _0x38e0aa - 0x46, _0x163b76 - 0x37, _0x530feb);
                    }
                    const _0x40ab68 = {};
                    function _0x4b564e(_0x3e573a, _0x4dae69, _0x273c94, _0x3e5be8, _0x1539af) {
                        return _0x26bc9b(_0x273c94 - -0x78b, _0x3e573a, _0x273c94 - 0x1ec, _0x3e5be8 - 0x4e, _0x1539af - 0x164);
                    }
                    _0x40ab68[_0x374206('\x2a\x45\x4d\x79', 0x87b, 0x750, 0x8d7, 0x9df)] = _0x32bf1d, _0x40ab68[_0x374206('\x4a\x7a\x5d\x6d', 0x8bf, 0x822, 0x872, 0x628)] = _0x40a854, _0x40ab68[_0x374206('\x73\x62\x78\x6f', 0x37b, 0x5fe, 0x8ba, 0x4f3)] = _0xe9faa8, _0x4760a4[_0x374206('\x57\x55\x6f\x5e', 0x7c5, 0x897, 0x73f, 0xb42)](_0x40ab68);
                    function _0x9beaa7(_0x72273e, _0xf3a9f4, _0x1f5a55, _0x221c98, _0x36af57) {
                        return _0x26bc9b(_0x36af57 - 0x1b, _0x1f5a55, _0x1f5a55 - 0x120, _0x221c98 - 0x1c, _0x36af57 - 0xbf);
                    }
                    _0x4d770d[_0x9beaa7(0x8c7, 0x60d, '\x77\x32\x25\x56', 0x9c5, 0x7d6)](_0xf5d823);
                }, _0x40a854[_0x26bc9b(0x6c8, '\x64\x71\x4d\x7a', 0x46e, 0x61f, 0x4df) + '\x6f\x72'] = () => {
                    _0x3b56e4[_0xec0d98(-0x76, 0x24c, -0x7a, 0x1b9, -0x26e)](_0xec0d98(0x14c, 0x153, 0x3f, -0x15, 0x53) + _0x3038c6('\x62\x23\x34\x51', 0x5cc, 0x36b, 0x4de, 0x460) + _0x41b91a);
                    function _0xec0d98(_0x9b2afd, _0x20e41d, _0x713d1d, _0x3dc018, _0x12a0ac) {
                        return _0x1ddd97(_0x9b2afd - 0x170, _0x20e41d - 0x1ec, _0x20e41d, _0x3dc018 - 0xb7, _0x12a0ac - 0x1af);
                    }
                    function _0x5bf172(_0x3e7cb7, _0x2e3d6b, _0x6ec5f1, _0x351171, _0x127ef8) {
                        return _0x341cad(_0x3e7cb7 - 0x6, _0x127ef8 - -0x1b6, _0x6ec5f1 - 0x53, _0x351171 - 0x163, _0x2e3d6b);
                    }
                    function _0xadd59d(_0x492d9a, _0x27fe42, _0x2520a6, _0x430c14, _0x39d7bb) {
                        return _0x2e621a(_0x492d9a - 0xf6, _0x27fe42, _0x2520a6 - 0x2cc, _0x430c14 - 0xca, _0x39d7bb - 0x153);
                    }
                    function _0x3038c6(_0x301f30, _0x3249ff, _0x1ee77b, _0x553dad, _0x4ca690) {
                        return _0x8c907c(_0x553dad - 0x45b, _0x3249ff - 0x190, _0x1ee77b - 0x190, _0x301f30, _0x4ca690 - 0x6a);
                    }
                    _0x158a02[_0x5bf172(0x440, '\x4c\x6c\x59\x67', -0xec, 0x208, 0x1e6)](_0x2db7bd);
                }, _0x40a854[_0x3dc8db(0x550, 0x11, 0x540, 0x2a8, 0x461)] = _0x4e83bf;
            } else
                _0x1ee07f[_0x10cbcb(0x440, 0x425, 0x553, 0x21a, 0x3ce) + _0x8c907c(-0x35, -0x209, -0x273, '\x78\x5a\x73\x58', 0x13f)][_0x11714c(0x5cd, 0x546, '\x4a\x7a\x5d\x6d', 0x45a, 0x4ce) + '\x65'](_0x100d28[_0x3c12e6(0x55b, 0x57e, 0x6fe, 0x2fa, 0x3ee)]);
        }
    });
}
function initEventListeners() {
    const _0x29bfc1 = {
        '\x56\x59\x73\x46\x69': function (_0x1c8a70, _0x28c517) {
            return _0x1c8a70(_0x28c517);
        },
        '\x4e\x43\x69\x5a\x77': function (_0x45cda1, _0x3bdfad) {
            return _0x45cda1 + _0x3bdfad;
        },
        '\x45\x6c\x53\x4e\x56': function (_0x16607e, _0x2c693f) {
            return _0x16607e + _0x2c693f;
        },
        '\x67\x43\x45\x42\x45': _0x52db30(0x4f4, '\x6e\x7a\x39\x6e', 0x197, 0x304, 0x104) + _0x4e527e(0x546, 0x321, 0x229, 0x1ef, 0x3b6) + _0x52db30(0x42d, '\x31\x36\x5d\x32', 0x48a, 0x38e, 0x595) + _0x4e527e(0x155, 0x3a0, 0x1b6, 0x263, 0x1d1),
        '\x6f\x43\x54\x79\x52': _0x52db30(0x579, '\x73\x62\x78\x6f', 0x55a, 0x596, 0x4f7) + _0x4e527e(0x493, 0x534, 0x76f, 0x425, 0x69a) + _0x37c52b(0x1eb, 0x388, 0x448, 0x69f, 0x44f) + _0x2b907f(0x22c, 0x248, '\x4a\x6d\x23\x26', 0x1d1, 0x56) + _0x5c2705('\x51\x23\x5e\x75', 0x761, 0x553, 0x501, 0x94f) + _0x4e527e(0x5aa, 0x4d5, 0x546, 0x21c, 0x54f) + '\x20\x29',
        '\x72\x54\x79\x70\x56': function (_0x2b02b1) {
            return _0x2b02b1();
        },
        '\x6a\x6d\x6c\x48\x57': function (_0x591211, _0x1d861d) {
            return _0x591211 !== _0x1d861d;
        },
        '\x49\x78\x6f\x4c\x6a': _0x4e527e(0x3ef, 0x40f, 0x39d, 0x661, 0x310),
        '\x50\x63\x67\x75\x71': _0x50ac5c(0x661, 0x50c, 0x5a1, 0x513, 0x6e6),
        '\x62\x6b\x69\x50\x4b': function (_0x11819a, _0x38f576) {
            return _0x11819a(_0x38f576);
        },
        '\x46\x71\x4a\x45\x42': _0x4a447b(0x2fb, 0x444, 0x48f, 0x2bf, 0x3b9),
        '\x41\x56\x54\x52\x52': _0x5c2705('\x2a\x30\x31\x74', 0x354, 0x2b3, 0x17d, 0x19b),
        '\x75\x7a\x68\x4a\x56': _0x2b907f(-0x2d7, -0x3d0, '\x64\x71\x4d\x7a', -0x23e, -0x178),
        '\x66\x49\x70\x50\x76': function (_0x2e68e1, _0x512cb7) {
            return _0x2e68e1 === _0x512cb7;
        },
        '\x72\x53\x57\x43\x64': _0x5c2705('\x51\x39\x5b\x45', 0x457, 0x374, 0x2f4, 0x5bd) + '\x65',
        '\x72\x62\x44\x47\x79': function (_0x32f333, _0x470de3) {
            return _0x32f333 === _0x470de3;
        },
        '\x72\x73\x46\x52\x51': _0x5c2705('\x62\x23\x34\x51', 0x479, 0x741, 0x6a7, 0x516) + _0x52db30(0x571, '\x45\x45\x75\x6a', 0x479, 0x3ed, 0x35e),
        '\x6a\x56\x79\x57\x58': _0x28a37d(0x717, 0x3b4, 0x5ad, 0x7ca, 0x7bf),
        '\x42\x6a\x72\x41\x76': _0x4a447b(-0x150, -0x35d, -0xfa, -0x3d7, -0x1c9),
        '\x6e\x4f\x6a\x72\x6f': _0x4e527e(0x1d0, 0x2ab, 0x302, 0x2b7, 0x76),
        '\x44\x79\x7a\x48\x54': _0x37c52b(0x2b9, 0x95, 0x2bc, 0x1a9, 0x20a),
        '\x65\x72\x6c\x69\x48': _0x28a37d(0x64f, 0x852, 0x638, 0x43d, 0x42e),
        '\x6c\x55\x54\x68\x64': function (_0x4b47ba) {
            return _0x4b47ba();
        },
        '\x58\x79\x49\x4f\x79': _0x2b907f(0x148, -0x26b, '\x73\x4f\x32\x4f', -0x2c, 0x26) + _0x4e527e(0x486, 0x608, 0x459, 0x4f0, 0x473),
        '\x57\x42\x45\x41\x4c': _0x4a447b(0x43a, 0x63c, 0x204, 0x358, 0x254),
        '\x67\x7a\x47\x4f\x4c': _0x2b907f(-0x133, -0x261, '\x69\x69\x69\x25', 0x334, 0x60),
        '\x4d\x4e\x49\x4f\x49': function (_0x44ef28) {
            return _0x44ef28();
        },
        '\x49\x46\x4e\x55\x49': _0x158d82(0x65c, 0x8d3, '\x6e\x7a\x39\x6e', 0xb3a, 0x7f5),
        '\x44\x51\x50\x71\x6f': function (_0x1d6bb4, _0x331443) {
            return _0x1d6bb4(_0x331443);
        },
        '\x45\x73\x74\x4a\x65': _0x37c52b(0x3d7, 0x489, 0x415, 0x1c8, 0x4e8) + '\u7ffb\u8f6c',
        '\x4b\x74\x47\x49\x50': function (_0x258eff, _0x5da178) {
            return _0x258eff === _0x5da178;
        },
        '\x61\x71\x65\x71\x67': _0x37c52b(0x517, 0x6f, 0x261, -0x65, 0x1ca),
        '\x69\x74\x79\x50\x54': function (_0x4f895a, _0x433400) {
            return _0x4f895a === _0x433400;
        },
        '\x4a\x49\x78\x58\x78': _0x52db30(0x6d5, '\x6e\x7a\x39\x6e', 0x541, 0x538, 0x323),
        '\x6c\x6c\x49\x45\x7a': _0x5c2705('\x42\x69\x4a\x23', 0x369, 0xcc, 0x587, 0x496) + '\x65',
        '\x79\x48\x54\x7a\x41': _0x4cb57f(0x355, 0x58f, 0x524, '\x33\x4b\x74\x58', 0x4ee) + '\x77\x6e',
        '\x65\x61\x47\x6b\x41': _0x2b907f(0x566, 0x362, '\x5a\x79\x28\x69', 0x148, 0x2c2) + _0x2b907f(-0xe6, 0x2f0, '\x69\x69\x69\x25', 0xe8, 0x153) + _0x52db30(0x52d, '\x47\x56\x68\x55', 0x576, 0x4b9, 0x25f) + '\x65\x64',
        '\x6b\x75\x70\x7a\x75': _0x37c52b(0x43c, 0x2af, 0x2f4, 0x2e6, 0x165) + _0x158d82(0x83a, 0x767, '\x62\x42\x4d\x31', 0xa27, 0x6ec) + _0x4cb57f(0x70b, 0x844, 0x8de, '\x57\x55\x6f\x5e', 0x7bb) + '\x65\x64',
        '\x59\x54\x76\x7a\x41': _0x37c52b(0x5c8, 0x68, 0x2f4, 0x44d, 0x4da) + _0x4cb57f(0x813, 0x692, 0x6db, '\x45\x45\x75\x6a', 0x61c) + _0x28a37d(0x502, 0x724, 0x681, 0x3f1, 0x493) + '\x65\x64',
        '\x74\x56\x79\x77\x71': _0x4cb57f(0x6d8, 0x577, 0x6bc, '\x62\x36\x4d\x5a', 0x758) + _0x4e527e(0x8da, 0x687, 0x4fd, 0x591, 0x410) + _0x4cb57f(0x84f, 0x711, 0x732, '\x30\x30\x42\x42', 0x94b)
    };
    uploadBtn[_0x28a37d(0x8f7, 0x641, 0x6b5, 0x8b3, 0x7df) + _0x37c52b(0x70, -0x52, 0x102, 0x236, -0x13e) + _0x4a447b(-0x84, 0x20f, 0x203, 0x94, -0x2a8) + '\x72'](_0x29bfc1[_0x4e527e(0x4ad, 0x589, 0x7da, 0x357, 0x349)], () => {
        function _0x193779(_0x12df8b, _0x131c1b, _0xb00dc8, _0x5f4553, _0x5ceff5) {
            return _0x4a447b(_0x5ceff5 - 0x341, _0x131c1b - 0x1cc, _0x5f4553, _0x5f4553 - 0x1dc, _0x5ceff5 - 0x4a);
        }
        function _0x1b555c(_0x19bbb7, _0x1c03b0, _0x3c5577, _0x3d6290, _0x2ef818) {
            return _0x5c2705(_0x3c5577, _0x3d6290 - -0x1f4, _0x3c5577 - 0x190, _0x3d6290 - 0x16a, _0x2ef818 - 0xaa);
        }
        function _0x582f9a(_0x4e94ea, _0x15ac74, _0x3e71b1, _0x2ea160, _0x5e0c1f) {
            return _0x37c52b(_0x4e94ea - 0x5d, _0x15ac74 - 0x1ba, _0x3e71b1 - -0x39c, _0x2ea160 - 0x1a1, _0x15ac74);
        }
        function _0x5154b5(_0x1f2f34, _0x249659, _0x3907e, _0x2ebad8, _0x5d4154) {
            return _0x4a447b(_0x2ebad8 - 0x5cd, _0x249659 - 0x54, _0x5d4154, _0x2ebad8 - 0x1f3, _0x5d4154 - 0x9a);
        }
        function _0x332194(_0x228c82, _0x11e445, _0x393a62, _0x50500b, _0x5bd303) {
            return _0x28a37d(_0x228c82 - 0x1c3, _0x11e445 - 0x1a4, _0x50500b - -0x6f, _0x11e445, _0x5bd303 - 0x1bf);
        }
        function _0x23a246(_0x146eba, _0x425aa2, _0x1db9b6, _0x9d63e0, _0x50b23b) {
            return _0x52db30(_0x146eba - 0x92, _0x1db9b6, _0x1db9b6 - 0xb9, _0x425aa2 - 0x4a, _0x50b23b - 0x12f);
        }
        function _0x530a5a(_0x24cb84, _0x47cead, _0x2e66c2, _0x900d06, _0x530234) {
            return _0x52db30(_0x24cb84 - 0xb2, _0x47cead, _0x2e66c2 - 0xbc, _0x530234 - -0x67, _0x530234 - 0x196);
        }
        function _0x9270c7(_0xfa26fe, _0x251e5, _0x239fba, _0x5b83dc, _0x396d63) {
            return _0x158d82(_0xfa26fe - 0x114, _0x5b83dc - 0x3b, _0xfa26fe, _0x5b83dc - 0xd1, _0x396d63 - 0x1b5);
        }
        function _0xfdc89c(_0x209c21, _0x2f3572, _0x2bee59, _0x359100, _0x1058bd) {
            return _0x4cb57f(_0x209c21 - 0x1f3, _0x2f3572 - 0x1e8, _0x2bee59 - 0x126, _0x209c21, _0x1058bd - -0x195);
        }
        if (_0x29bfc1[_0x332194(0x3b8, 0x47c, 0x329, 0x4e6, 0x657)](_0x29bfc1[_0x530a5a(0x4a7, '\x51\x39\x5b\x45', -0x2a, 0x10d, 0x2a7)], _0x29bfc1[_0x530a5a(0x6c6, '\x6d\x54\x64\x4e', 0x710, 0x2cd, 0x49e)]))
            fileInput[_0x530a5a(0x316, '\x33\x47\x4c\x21', 0x5bd, 0x517, 0x43f)]();
        else {
            const _0x387d7d = FJweNh[_0x1b555c(0x5c7, 0x73d, '\x78\x63\x78\x75', 0x52d, 0x690)](_0x57e797, FJweNh[_0x23a246(0x542, 0x27d, '\x6d\x54\x64\x4e', 0x36d, 0x44e)](FJweNh[_0x5154b5(0xcc0, 0x94b, 0xa8b, 0xa02, 0x860)](FJweNh[_0x582f9a(0x9d, -0xe0, -0xe9, -0x362, -0x31a)], FJweNh[_0x582f9a(-0x28b, 0xb0, -0x1ce, -0x14, -0x310)]), '\x29\x3b'));
            _0x466c17 = FJweNh[_0xfdc89c('\x26\x5a\x4c\x5a', 0x52c, 0x4ef, 0x333, 0x591)](_0x387d7d);
        }
    });
    function _0x4a447b(_0x4084f3, _0x5395a8, _0x37b383, _0x1d1e02, _0x334253) {
        return _0x2e84ec(_0x37b383, _0x4084f3 - -0x516, _0x37b383 - 0x1cb, _0x1d1e02 - 0x2f, _0x334253 - 0x38);
    }
    function _0x28a37d(_0x58d95e, _0x54af71, _0x6f3328, _0x5d459e, _0x4f2ebf) {
        return _0x2e84ec(_0x5d459e, _0x6f3328 - 0x8c, _0x6f3328 - 0x136, _0x5d459e - 0x76, _0x4f2ebf - 0xf5);
    }
    function _0x50ac5c(_0x1d19a1, _0x5708b3, _0x27c08f, _0x46730a, _0x2c932d) {
        return _0x28a984(_0x46730a, _0x5708b3 - 0x179, _0x1d19a1 - 0x28a, _0x46730a - 0x5, _0x2c932d - 0x160);
    }
    emptyState[_0x4a447b(0x113, 0x9c, -0x7d, 0x27, 0x321) + _0x2b907f(0x34e, 0x3ba, '\x62\x23\x34\x51', 0x180, 0x399) + _0x28a37d(0x29a, 0x6c8, 0x51e, 0x55b, 0x5d7) + '\x72'](_0x29bfc1[_0x4cb57f(0x2b8, 0x673, 0x589, '\x62\x42\x4d\x31', 0x56a)], () => {
        function _0x2bfd39(_0x54c427, _0xdf1799, _0x35dc61, _0x22455b, _0x574bbf) {
            return _0x4e527e(_0x54c427 - 0xb8, _0xdf1799 - -0x2de, _0x35dc61 - 0x1ce, _0x574bbf, _0x574bbf - 0x157);
        }
        fileInput[_0x2bfd39(-0x1ee, -0x1c2, -0x2c4, 0x18, 0x2f)]();
    }), fileInput[_0x5c2705('\x23\x4a\x43\x36', 0x4a0, 0x1da, 0x26c, 0x5be) + _0x28a37d(0x52f, 0x5c9, 0x488, 0x341, 0x6f9) + _0x50ac5c(0x226, -0xf, 0x1e3, 0x3d2, 0x463) + '\x72'](_0x29bfc1[_0x2b907f(0x16, 0x1fd, '\x46\x39\x77\x64', -0x2ad, -0x2)], handleFileSelect);
    function _0x2b907f(_0x57d6a8, _0x13907e, _0x4cf5b7, _0x87245a, _0x182047) {
        return _0x5ff5bb(_0x57d6a8 - 0x16f, _0x13907e - 0x4b, _0x4cf5b7, _0x182047 - 0x89, _0x182047 - 0x161);
    }
    saveBtn[_0x37c52b(0x516, 0x2e7, 0x32f, 0x1ba, 0x280) + _0x4e527e(0x26, 0x13a, 0x49, -0xea, 0x58) + _0x4cb57f(0x813, 0x8a9, 0x79d, '\x2a\x45\x4d\x79', 0x89b) + '\x72'](_0x29bfc1[_0x4cb57f(0x61a, 0x39d, 0x760, '\x6d\x54\x64\x4e', 0x64a)], saveImage), floatingDetectBtn[_0x2b907f(0x195, 0x622, '\x59\x40\x61\x51', 0x296, 0x3e5) + _0x50ac5c(0x190, 0x17, 0x27d, 0x2f8, -0x70) + _0x4a447b(-0x84, 0x27, -0x1d6, 0x210, 0x156) + '\x72'](_0x29bfc1[_0x158d82(0x5a2, 0x70a, '\x64\x71\x4d\x7a', 0x50b, 0x990)], detectFaceAndAddHat), manualHatBtn[_0x4e527e(0x371, 0x367, 0x3dd, 0x2de, 0x190) + _0x50ac5c(0x190, 0x338, 0x118, 0x429, 0x415) + _0x4a447b(-0x84, 0x1e2, 0x25, 0x158, 0xe0) + '\x72'](_0x29bfc1[_0x37c52b(0x72d, 0x43a, 0x551, 0x2b0, 0x54e)], addManualHat);
    function _0x52db30(_0x2b3ea9, _0x502fd8, _0x48308e, _0x2015ee, _0x52d662) {
        return _0x48aa3b(_0x502fd8, _0x502fd8 - 0x11b, _0x48308e - 0x111, _0x2015ee - 0x113, _0x2015ee - 0x1f2);
    }
    floatingDeleteBtn[_0x4a447b(0x113, 0x67, -0x9c, 0x35d, 0x3d0) + _0x4a447b(-0x11a, 0xb5, -0xe1, -0x2fe, -0x152) + _0x2b907f(-0x329, -0x2ac, '\x49\x59\x4a\x56', -0x309, -0x19e) + '\x72'](_0x29bfc1[_0x4cb57f(0x63e, 0x8f7, 0x6e8, '\x30\x30\x42\x42', 0x750)], removeSelectedHat);
    function _0x158d82(_0x17a04f, _0x4a31c8, _0x2c7a52, _0x44c284, _0x346593) {
        return _0x5ff5bb(_0x17a04f - 0x24, _0x4a31c8 - 0x17f, _0x2c7a52, _0x4a31c8 - 0x5f7, _0x346593 - 0x1eb);
    }
    function _0x5c2705(_0x119d2b, _0x54034b, _0x200a02, _0x29ca5a, _0x372b75) {
        return _0x171a52(_0x119d2b - 0xad, _0x119d2b, _0x200a02 - 0x15c, _0x54034b - 0x3b4, _0x372b75 - 0x4);
    }
    removeAllBtn[_0x4e527e(0x26d, 0x367, 0x37d, 0x4d9, 0xb0) + _0x52db30(0xa8, '\x4a\x6d\x23\x26', 0x12c, 0x1fd, 0x313) + _0x50ac5c(0x226, 0x3df, 0x4da, 0x4ab, 0x230) + '\x72'](_0x29bfc1[_0x5c2705('\x73\x4f\x32\x4f', 0x5fc, 0x373, 0x50f, 0x6b3)], removeAllHats);
    function _0x4e527e(_0x28c337, _0x447e61, _0x34d3f4, _0x104798, _0x5e71da) {
        return _0x5a40d5(_0x104798, _0x447e61 - 0x16c, _0x34d3f4 - 0xaf, _0x104798 - 0x1e9, _0x5e71da - 0x172);
    }
    addHatImageBtn[_0x28a37d(0x5e9, 0x444, 0x6b5, 0x909, 0x8de) + _0x4cb57f(0x42e, 0x586, 0x668, '\x46\x39\x77\x64', 0x6da) + _0x37c52b(0x376, 0x7b, 0x198, 0x324, 0x13e) + '\x72'](_0x29bfc1[_0x52db30(0x4d7, '\x4a\x6d\x23\x26', 0x906, 0x65c, 0x445)], () => {
        function _0xffd0e2(_0x3d4950, _0x50695f, _0x1fecfb, _0x2a5299, _0xd4c8be) {
            return _0x5c2705(_0xd4c8be, _0x2a5299 - -0x42f, _0x1fecfb - 0xd6, _0x2a5299 - 0x8f, _0xd4c8be - 0x193);
        }
        hatImageInput[_0xffd0e2(-0x371, 0x6a, -0x23e, -0x234, '\x30\x4d\x30\x4b')]();
    }), hatImageInput[_0x5c2705('\x62\x42\x4d\x31', 0x60b, 0x8bf, 0x497, 0x602) + _0x37c52b(0x1ae, 0x240, 0x102, -0xb5, 0x223) + _0x28a37d(0x7b2, 0x3b9, 0x51e, 0x3f6, 0x424) + '\x72'](_0x29bfc1[_0x4cb57f(0x538, 0x634, 0x2f2, '\x30\x30\x42\x42', 0x485)], handleHatImageSelect), flipBtn[_0x52db30(0x7b0, '\x6d\x54\x64\x4e', 0x46e, 0x535, 0x2be) + _0x4e527e(0x163, 0x13a, 0x256, 0x155, 0x32f) + _0x50ac5c(0x226, 0x328, 0x463, 0x1ee, 0x4e6) + '\x72'](_0x29bfc1[_0x5c2705('\x69\x69\x69\x25', 0x2a5, 0x409, 0x47b, 0x1fa)], flipImage), document[_0x4a447b(0x113, -0x156, -0x65, 0x19e, 0x357) + _0x4cb57f(0x82d, 0x802, 0x6d6, '\x45\x45\x75\x6a', 0x980) + _0x4e527e(0x2a4, 0x1d0, 0x161, 0x3da, 0x248) + '\x72'](_0x29bfc1[_0x5c2705('\x66\x49\x76\x67', 0x412, 0x63b, 0x2e2, 0x5f6)], _0x3bedc3 => {
        function _0x104782(_0x367193, _0x16ae2d, _0x26a8a7, _0x3acee5, _0x398467) {
            return _0x2b907f(_0x367193 - 0x127, _0x16ae2d - 0x119, _0x367193, _0x3acee5 - 0x1c, _0x26a8a7 - 0x3c9);
        }
        function _0x4a5f65(_0x1810db, _0x5f3480, _0x366732, _0x141bf5, _0x285b19) {
            return _0x37c52b(_0x1810db - 0x142, _0x5f3480 - 0x1d2, _0x5f3480 - -0x2eb, _0x141bf5 - 0x15a, _0x285b19);
        }
        const _0x188507 = {};
        function _0x3f4bf9(_0x2b5ecd, _0x184742, _0x54e0e6, _0x3c02c7, _0x2b123e) {
            return _0x4cb57f(_0x2b5ecd - 0x182, _0x184742 - 0x28, _0x54e0e6 - 0x1a1, _0x2b5ecd, _0x3c02c7 - -0x414);
        }
        _0x188507[_0x1d6c7f(0x7e4, 0x662, 0x41f, 0x6c7, 0x761)] = _0x29bfc1[_0x1d6c7f(0x6b1, 0x728, 0x854, 0x47a, 0x4a3)], _0x188507[_0x1d6c7f(0x4e1, 0x29a, 0xdb, 0x33f, 0xbf)] = _0x29bfc1[_0x5ad7da(0x17d, '\x6d\x54\x64\x4e', 0x3a9, 0x652, 0x19f)];
        function _0x21bb94(_0x236bb9, _0x2e2780, _0x3c4eb3, _0x577258, _0x1b8612) {
            return _0x28a37d(_0x236bb9 - 0x142, _0x2e2780 - 0x2d, _0x2e2780 - -0x345, _0x236bb9, _0x1b8612 - 0x104);
        }
        function _0x5ad7da(_0x3d40f1, _0x10b247, _0x2b0f5e, _0x1fa579, _0x5c3521) {
            return _0x2b907f(_0x3d40f1 - 0x16a, _0x10b247 - 0x84, _0x10b247, _0x1fa579 - 0x1c0, _0x2b0f5e - 0x346);
        }
        function _0x126974(_0x11f388, _0x1aabfd, _0x17acc5, _0x259ff7, _0x5d2ae9) {
            return _0x52db30(_0x11f388 - 0x184, _0x17acc5, _0x17acc5 - 0xc8, _0x5d2ae9 - 0x2de, _0x5d2ae9 - 0x16b);
        }
        const _0x41fadb = _0x188507;
        function _0x5d2d9d(_0x22441a, _0x275f23, _0x3aec68, _0x167d55, _0x2f90cf) {
            return _0x50ac5c(_0x2f90cf - -0x40, _0x275f23 - 0xfc, _0x3aec68 - 0xf1, _0x22441a, _0x2f90cf - 0x158);
        }
        function _0x4d64cb(_0x4dc24c, _0x20a2d8, _0x3ebad1, _0x48cedf, _0x1e436f) {
            return _0x28a37d(_0x4dc24c - 0xb0, _0x20a2d8 - 0x1ed, _0x4dc24c - -0x1ad, _0x1e436f, _0x1e436f - 0x179);
        }
        function _0x1d6c7f(_0x7c78a0, _0x5a3953, _0x3ed623, _0x50eb65, _0x1bda37) {
            return _0x50ac5c(_0x5a3953 - 0xaa, _0x5a3953 - 0xac, _0x3ed623 - 0x1ed, _0x1bda37, _0x1bda37 - 0x1b);
        }
        function _0x1270bb(_0x41d2f2, _0x33cd97, _0x4f7f28, _0x10d0ff, _0x113d40) {
            return _0x4cb57f(_0x41d2f2 - 0x111, _0x33cd97 - 0x1b2, _0x4f7f28 - 0x62, _0x4f7f28, _0x33cd97 - -0x20d);
        }
        if (_0x29bfc1[_0x5d2d9d(-0xa7, 0x2eb, 0x3d1, 0x28, 0x21d)](_0x29bfc1[_0x3f4bf9('\x56\x53\x38\x53', 0x432, 0x27a, 0x366, 0x5be)], _0x29bfc1[_0x1d6c7f(0x4c7, 0x66c, 0x60c, 0x755, 0x556)])) {
            const _0x562597 = _0x4d07b1 ? -0xd13 + -0xcd5 + 0x19e9 + 0.5 : -0x2409 + 0x5 + -0x2406 * -0x1, _0x25b4dc = {};
            _0x25b4dc[_0x5d2d9d(0x110, 0x224, 0x245, 0x18a, 0x2b2) + '\x74'] = _0x41fadb[_0x104782('\x62\x36\x4d\x5a', 0x60c, 0x5cf, 0x3db, 0x7e7)], _0x25b4dc[_0x1d6c7f(0x5ed, 0x5fc, 0x4e5, 0x623, 0x408) + '\x74\x79'] = 0x1, _0x25b4dc[_0x4d64cb(0x7d6, 0x62e, 0xa79, 0x8e7, 0x716) + _0x1d6c7f(0x32e, 0x3dd, 0x1fb, 0x430, 0x2b5)] = _0x562597;
            const _0x4dd33a = _0x41d768[_0x5ad7da(0x580, '\x6e\x7a\x39\x6e', 0x6b1, 0x57b, 0x7d4) + _0x5ad7da(0x877, '\x62\x23\x34\x51', 0x685, 0x501, 0x7dc)](_0x25b4dc);
            if (_0x357c50) {
                _0x17628a[_0x5ad7da(0x151, '\x62\x23\x34\x51', 0x416, 0x162, 0x36f)] = _0x4dd33a, _0x2bb363[_0x126974(0xa3a, 0xadb, '\x66\x49\x76\x67', 0x626, 0x873) + _0x5d2d9d(0x621, 0x537, 0x5af, 0x428, 0x412)][_0x1d6c7f(0x6cb, 0x4ff, 0x2c9, 0x42c, 0x34d)](_0x41fadb[_0x1d6c7f(0x1a4, 0x29a, 0xf1, 0x1d6, 0x53f)]);
                if (_0x212116) {
                    const _0x57d2b4 = _0xcd0dde[_0x3f4bf9('\x73\x4f\x32\x4f', 0x73a, 0x262, 0x482, 0x23c) + _0x21bb94(0xbc, 0x13d, -0xeb, -0x14d, -0x5f) + _0x5d2d9d(-0x57, 0x2, -0x85, 0x342, 0x24e)]('\x61');
                    _0x57d2b4[_0x21bb94(0x3ff, 0x2de, 0x451, 0x196, 0x4ea)] = _0x4dd33a, _0x57d2b4[_0x4d64cb(0x701, 0x765, 0x77b, 0x566, 0x7a2) + _0x4d64cb(0x54e, 0x4c6, 0x37c, 0x3e7, 0x414)] = _0x21bb94(0x3cb, 0x5e4, 0x75f, 0x529, 0x4d2) + _0x104782('\x42\x69\x4a\x23', -0x1, 0x282, 0x52a, 0x523) + _0x21bb94(-0xb7, 0x1bd, 0x417, 0x217, 0x1ab) + _0xe3c7ee[_0x4d64cb(0x5e2, 0x5c4, 0x5fc, 0x783, 0x3ce)]() + _0x21bb94(0x5b3, 0x5f4, 0x5a2, 0x3e5, 0x8a1), _0x4f43f4[_0x4d64cb(0x804, 0x761, 0x84d, 0x62b, 0xabc)][_0x21bb94(0x523, 0x3e7, 0x468, 0x2dc, 0x2cc) + _0x1d6c7f(0x3b5, 0x563, 0x7d4, 0x39a, 0x7ee) + '\x64'](_0x57d2b4), _0x57d2b4[_0x1d6c7f(0x48e, 0x21c, 0x2d8, 0x236, 0x98)](), _0xc0f567[_0x1d6c7f(0x674, 0x763, 0x9a8, 0x59b, 0x7d4)][_0x3f4bf9('\x32\x47\x67\x76', 0x4e, -0x198, 0x131, 0x133) + _0x5d2d9d(0x115, 0x308, 0x62e, 0x430, 0x39d) + '\x64'](_0x57d2b4);
                }
            } else {
                const _0x29edf7 = _0x18722c[_0x5d2d9d(0x435, 0x562, 0x42a, 0x298, 0x498) + _0x126974(0xadd, 0x937, '\x45\x45\x75\x6a', 0x726, 0x9ce) + _0x5d2d9d(-0x6e, -0x22, 0x41c, 0x519, 0x24e)]('\x61');
                _0x29edf7[_0x1d6c7f(0x65a, 0x660, 0x5cf, 0x63a, 0x68a) + _0x4a5f65(-0x84, 0x8a, -0x248, 0x169, 0x330)] = _0x4a5f65(0x320, 0x2b8, 0x420, 0x2e4, 0x1e9) + _0x1270bb(0x8d9, 0x67a, '\x74\x6c\x52\x49', 0x59d, 0x4d8) + _0x21bb94(0x7, 0x1bd, 0x91, 0xe1, 0x47e) + _0x13e746[_0x5ad7da(0x348, '\x32\x47\x67\x76', 0x252, 0x1e3, 0x364)]() + _0x4d64cb(0x78c, 0x9b3, 0x5f2, 0x8ce, 0x746), _0x29edf7[_0x21bb94(0x53e, 0x2de, 0x35d, 0x53a, 0x167)] = _0x4dd33a, _0x29edf7[_0x126974(0x4ad, 0x34c, '\x78\x5a\x73\x58', 0x60e, 0x51b)]();
            }
        } else {
            if ((_0x29bfc1[_0x5ad7da(0x43a, '\x6e\x7a\x39\x6e', 0x67a, 0x7e8, 0x3ad)](_0x3bedc3[_0x4d64cb(0x2d8, 0x59f, 0x4c0, 0x5a0, 0x176)], _0x29bfc1[_0x3f4bf9('\x23\x4a\x43\x36', 0xcc, 0x399, 0x1ac, 0x16f)]) || _0x29bfc1[_0x5ad7da(0x3c6, '\x6d\x54\x64\x4e', 0x2d1, 0x57d, 0x1cd)](_0x3bedc3[_0x5ad7da(0x49e, '\x5a\x78\x44\x25', 0x735, 0x716, 0x5a9)], _0x29bfc1[_0x5d2d9d(0x1b3, 0x210, 0x354, 0x2e4, 0x357)])) && canvas[_0x1270bb(0x9fe, 0x764, '\x47\x56\x68\x55', 0x868, 0x738) + _0x104782('\x77\x32\x25\x56', 0x3d8, 0x30c, 0x40e, 0x3e6) + _0x4a5f65(0xf1, -0x6e, -0x124, 0xbc, 0xbc)]()) {
                if (_0x29bfc1[_0x21bb94(0x35b, 0x210, 0x2fd, 0x233, 0x23a)](_0x29bfc1[_0x5ad7da(0x6a7, '\x46\x39\x77\x64', 0x695, 0x805, 0x5de)], _0x29bfc1[_0x126974(0x690, 0x5f9, '\x30\x79\x54\x32', 0x4c7, 0x525)]))
                    FJweNh[_0x126974(0x48d, 0x978, '\x78\x5a\x73\x58', 0x8d7, 0x73e)](_0x2eda80, 0x25d8 + 0x3fd * 0x2 + 0xa * -0x495);
                else {
                    const _0x2803c8 = canvas[_0x1270bb(0x2c8, 0x274, '\x23\x4a\x43\x36', 0x3f0, -0x18) + _0x126974(0x738, 0xa5f, '\x37\x58\x62\x66', 0x7c4, 0x905) + _0x126974(0x4e9, 0x5ca, '\x73\x4f\x32\x4f', 0x42d, 0x630)]();
                    if (_0x2803c8[_0x126974(0x82e, 0xa6a, '\x73\x62\x78\x6f', 0xc09, 0x936) + _0x3f4bf9('\x47\x56\x68\x55', 0x2fa, -0x14, 0x19d, 0x461)]) {
                        if (_0x29bfc1[_0x21bb94(0x1d9, 0x442, 0x25c, 0x319, 0x201)](_0x29bfc1[_0x3f4bf9('\x30\x79\x54\x32', 0x37f, 0x362, 0x2c9, 0x387)], _0x29bfc1[_0x21bb94(0x10e, 0x278, 0x51e, 0xa5, 0x4b6)])) {
                            const _0x4a6768 = _0x5036fc ? function () {
                                function _0x262180(_0x356588, _0x5eec29, _0x4becd9, _0xb3f773, _0xbcc9b9) {
                                    return _0x126974(_0x356588 - 0xc5, _0x5eec29 - 0x122, _0x356588, _0xb3f773 - 0x122, _0x5eec29 - -0x94);
                                }
                                if (_0x21d8ae) {
                                    const _0x18725a = _0x2fd434[_0x262180('\x31\x36\x5d\x32', 0x6c6, 0x4d4, 0x560, 0x6e3)](_0xda38bc, arguments);
                                    return _0x4ede4e = null, _0x18725a;
                                }
                            } : function () {
                            };
                            return _0x31a128 = ![], _0x4a6768;
                        } else
                            _0x29bfc1[_0x1d6c7f(0x34c, 0x4dd, 0x526, 0x69d, 0x21a)](removeSelectedHat);
                    }
                }
            }
        }
    }), canvas['\x6f\x6e'](_0x29bfc1[_0x50ac5c(0x565, 0x3ba, 0x490, 0x6d4, 0x39d)], _0x5e5460 => {
        function _0x59701c(_0x26c4b3, _0x48be96, _0x419881, _0x46bde8, _0xbd23bb) {
            return _0x52db30(_0x26c4b3 - 0x18c, _0x46bde8, _0x419881 - 0x22, _0x419881 - -0x157, _0xbd23bb - 0x44);
        }
        _0x29bfc1[_0x59701c(0x3a7, 0x4db, 0x3e0, '\x4c\x6c\x59\x67', 0x1b6)](updateDeleteButtonState);
    }), canvas['\x6f\x6e'](_0x29bfc1[_0x50ac5c(0x67d, 0x873, 0x410, 0x7c9, 0x7ce)], _0x1586fe => {
        function _0x51ac85(_0x886d2a, _0x251a8c, _0x54034f, _0x35fe1a, _0x77b538) {
            return _0x158d82(_0x886d2a - 0x1a, _0x54034f - -0x13, _0x886d2a, _0x35fe1a - 0x3, _0x77b538 - 0x47);
        }
        function _0x1f7fe6(_0xb95445, _0x7dfcce, _0x3542b5, _0x355727, _0x32f401) {
            return _0x50ac5c(_0xb95445 - -0x229, _0x7dfcce - 0x1b4, _0x3542b5 - 0x11b, _0x355727, _0x32f401 - 0x5c);
        }
        function _0x21227b(_0x50c4b2, _0x107a4a, _0x4a4253, _0x379d40, _0x45d13e) {
            return _0x37c52b(_0x50c4b2 - 0xae, _0x107a4a - 0x1ef, _0x107a4a - -0x103, _0x379d40 - 0x192, _0x379d40);
        }
        function _0x5bb2a8(_0x20558c, _0x29dd00, _0xec3a57, _0x2eecd7, _0x13394a) {
            return _0x158d82(_0x20558c - 0x46, _0x13394a - -0x214, _0xec3a57, _0x2eecd7 - 0x1f0, _0x13394a - 0x34);
        }
        function _0x24480f(_0x5dde6c, _0x1b781f, _0x459bf8, _0x26c5c5, _0xf0fb48) {
            return _0x50ac5c(_0x1b781f - -0xe0, _0x1b781f - 0x87, _0x459bf8 - 0xeb, _0xf0fb48, _0xf0fb48 - 0x70);
        }
        if (_0x29bfc1[_0x5bb2a8(0x6f4, 0x4b6, '\x73\x62\x78\x6f', 0x263, 0x4c0)](_0x29bfc1[_0x1f7fe6(0x214, 0x3be, 0x484, 0x2f9, 0x19a)], _0x29bfc1[_0x5bb2a8(0x2d3, 0x693, '\x78\x5a\x73\x58', 0x2ef, 0x597)]))
            _0x29bfc1[_0x24480f(0x28e, 0x23b, 0x2ff, 0x1f8, 0x479)](updateDeleteButtonState);
        else {
            const _0x58fdc0 = _0x2dfa35[_0x1f7fe6(0x448, 0x41f, 0x1f2, 0x56a, 0x584)](_0x1df611, arguments);
            return _0x338ff8 = null, _0x58fdc0;
        }
    });
    function _0x4cb57f(_0x44d772, _0x31042a, _0x2d11ff, _0x1cec9f, _0x5c966b) {
        return _0x5ff5bb(_0x44d772 - 0x192, _0x31042a - 0x195, _0x1cec9f, _0x5c966b - 0x616, _0x5c966b - 0x1a8);
    }
    canvas['\x6f\x6e'](_0x29bfc1[_0x4e527e(0x267, 0x2d8, 0x1ee, 0x1cf, 0x1cd)], _0x189f12 => {
        function _0x2aa458(_0x5d14ed, _0x3e7300, _0x14c50c, _0xb0fc69, _0x1a60ca) {
            return _0x28a37d(_0x5d14ed - 0xee, _0x3e7300 - 0xa5, _0x5d14ed - -0x6ad, _0x14c50c, _0x1a60ca - 0x139);
        }
        function _0xf2b2fb(_0x1ffce0, _0x38f305, _0x1b72a1, _0x3667c9, _0x452116) {
            return _0x158d82(_0x1ffce0 - 0x183, _0x38f305 - -0x309, _0x1ffce0, _0x3667c9 - 0x35, _0x452116 - 0x15c);
        }
        function _0x3b6aba(_0x5b2e60, _0x423ff5, _0x1bbda7, _0x469b4c, _0x22691b) {
            return _0x4a447b(_0x5b2e60 - 0x26, _0x423ff5 - 0x130, _0x1bbda7, _0x469b4c - 0x163, _0x22691b - 0x1c7);
        }
        function _0x2480c9(_0x39c52b, _0x1080a7, _0x1b6c61, _0x5082b1, _0x547b55) {
            return _0x4cb57f(_0x39c52b - 0x151, _0x1080a7 - 0x14a, _0x1b6c61 - 0x74, _0x1080a7, _0x39c52b - -0x67f);
        }
        function _0x51f942(_0x5608ad, _0x3d3cd6, _0x57d2bf, _0x915205, _0x25b46f) {
            return _0x28a37d(_0x5608ad - 0x9d, _0x3d3cd6 - 0xd8, _0x57d2bf - -0x50b, _0x5608ad, _0x25b46f - 0x54);
        }
        function _0x4d533a(_0x54b464, _0x36c6de, _0x1dc990, _0x5a0faf, _0x11bfc0) {
            return _0x52db30(_0x54b464 - 0x6a, _0x1dc990, _0x1dc990 - 0x137, _0x36c6de - 0xff, _0x11bfc0 - 0x78);
        }
        function _0x3f770e(_0x41bd10, _0xa72524, _0x5ef624, _0x1cda69, _0x341b54) {
            return _0x5c2705(_0x5ef624, _0x341b54 - -0x201, _0x5ef624 - 0x17c, _0x1cda69 - 0x1d2, _0x341b54 - 0xfd);
        }
        function _0x5a84e7(_0x13d43a, _0x1ab77a, _0x930bc6, _0x5e5c20, _0x31b35f) {
            return _0x158d82(_0x13d43a - 0x3f, _0x13d43a - -0x636, _0x1ab77a, _0x5e5c20 - 0xb1, _0x31b35f - 0x117);
        }
        function _0x3bdc1d(_0x234e0e, _0x5dbed3, _0x460f58, _0x526947, _0x210e7e) {
            return _0x37c52b(_0x234e0e - 0xd0, _0x5dbed3 - 0x65, _0x5dbed3 - 0x3b, _0x526947 - 0x135, _0x210e7e);
        }
        if (_0x29bfc1[_0x4d533a(-0x4a, 0x26b, '\x4a\x6d\x23\x26', 0x284, 0x334)](_0x29bfc1[_0x3b6aba(0x2a, 0x267, 0x180, -0x8a, -0x34)], _0x29bfc1[_0x3b6aba(-0x26, -0x249, -0x4, 0x2c, -0x1aa)]))
            _0x29bfc1[_0x3f770e(0x552, 0x345, '\x26\x5a\x4c\x5a', 0x462, 0x518)](updateDeleteButtonState);
        else {
            const _0x5266ed = new _0x1cde2e();
            _0x5266ed[_0x3bdc1d(0xcf, 0x330, 0x319, 0xc7, 0x1c2) + _0x51f942(0x250, 0x36b, 0x2b6, 0x1ab, 0x148) + '\x6e'] = _0x29bfc1[_0x3f770e(0x5c3, 0x720, '\x42\x69\x4a\x23', 0x3c1, 0x556)], _0x5266ed[_0x3f770e(0x43d, 0x7b7, '\x47\x56\x68\x55', 0x625, 0x53e) + '\x64'] = () => _0x36e37b(_0x5266ed), _0x5266ed[_0x2480c9(-0x1a8, '\x33\x47\x4c\x21', -0x3cb, -0x2bf, 0xba) + '\x6f\x72'] = _0x52b059, _0x5266ed[_0x5a84e7(0x18f, '\x74\x6c\x52\x49', 0x202, 0x45a, 0x137)] = _0x5348e7;
        }
    }), canvas['\x6f\x6e'](_0x29bfc1[_0x37c52b(-0x3c, 0x35a, 0xc9, 0x139, -0x200)], _0x4c9cc7 => {
        function _0xd93276(_0x4aeb55, _0x159da2, _0x5b9e36, _0x147a36, _0x4b140c) {
            return _0x2b907f(_0x4aeb55 - 0x160, _0x159da2 - 0xaa, _0x147a36, _0x147a36 - 0x23, _0x5b9e36 - -0x10);
        }
        function _0x179830(_0x6a06cc, _0x2fd670, _0x6a38b4, _0x2b08b2, _0x4e93dd) {
            return _0x37c52b(_0x6a06cc - 0x133, _0x2fd670 - 0xb1, _0x6a06cc - 0x352, _0x2b08b2 - 0x4, _0x6a38b4);
        }
        function _0x52d36b(_0x32745d, _0x5f4056, _0x4ddd2c, _0x4730a8, _0x20d244) {
            return _0x37c52b(_0x32745d - 0x98, _0x5f4056 - 0x1a, _0x5f4056 - 0x2c6, _0x4730a8 - 0x66, _0x4730a8);
        }
        const _0x3cefc4 = _0x4c9cc7[_0x2fc852(-0x1d, 0x1b6, -0x17f, -0x9c, '\x5a\x78\x44\x25') + '\x74'];
        function _0x32ecd4(_0x4ce88e, _0x2dad09, _0x4fc10f, _0x361b4f, _0x56cb81) {
            return _0x5c2705(_0x2dad09, _0x361b4f - 0x1c3, _0x4fc10f - 0x7, _0x361b4f - 0xba, _0x56cb81 - 0x13);
        }
        function _0x3ebbb2(_0x3679f1, _0x2346c6, _0x15fdd9, _0x49cc29, _0x3242ac) {
            return _0x4e527e(_0x3679f1 - 0xdd, _0x3242ac - -0x1ec, _0x15fdd9 - 0x18e, _0x49cc29, _0x3242ac - 0xe7);
        }
        function _0x5bf286(_0x51c2c9, _0x1cc681, _0x5be5bb, _0x53ee47, _0x50e573) {
            return _0x28a37d(_0x51c2c9 - 0x171, _0x1cc681 - 0xd, _0x1cc681 - -0x687, _0x51c2c9, _0x50e573 - 0x24);
        }
        function _0x2e2e0e(_0x568e09, _0x439336, _0x2c1106, _0x566036, _0x4ba5f6) {
            return _0x158d82(_0x568e09 - 0x15c, _0x2c1106 - -0x9c, _0x4ba5f6, _0x566036 - 0x150, _0x4ba5f6 - 0x1b3);
        }
        function _0x2fc852(_0x636531, _0x45a782, _0x6a2e3, _0x54d7d2, _0x12da11) {
            return _0x5c2705(_0x12da11, _0x636531 - -0x3b4, _0x6a2e3 - 0x111, _0x54d7d2 - 0x29, _0x12da11 - 0xd8);
        }
        function _0x3a06a7(_0x54fcac, _0x2af5d9, _0x5bbab6, _0x1603aa, _0x9d436a) {
            return _0x158d82(_0x54fcac - 0x97, _0x5bbab6 - -0x4ed, _0x9d436a, _0x1603aa - 0x1e8, _0x9d436a - 0x1f2);
        }
        function _0x3ece55(_0x3d194d, _0xec9927, _0x1ccaf2, _0x4e95c8, _0x12344a) {
            return _0x28a37d(_0x3d194d - 0x60, _0xec9927 - 0x103, _0x4e95c8 - -0x66a, _0x3d194d, _0x12344a - 0x7b);
        }
        _0x3cefc4 && _0x3cefc4[_0x3a06a7(0x18e, -0x10c, 0x84, 0x313, '\x5d\x77\x72\x78') + _0x3ece55(0x19, 0x32c, 0x3bf, 0x2eb, 0x1d)] && (_0x3cefc4[_0xd93276(0x97, 0xeb, 0x2e, '\x23\x6f\x67\x75', -0x16d)](_0x29bfc1[_0x2fc852(0x2ff, 0x7d, 0x297, 0x260, '\x6e\x7a\x39\x6e')], !_0x3cefc4[_0xd93276(-0xa0, -0x3da, -0x15b, '\x57\x5b\x76\x42', -0x22)]), _0x3cefc4[_0x3ece55(-0xf6, -0x35d, -0x3ee, -0x21f, -0x136) + _0x3ece55(0x21, 0x14e, 0x9f, 0x21c, 0x4ec)](), canvas[_0x3ebbb2(-0x1e8, 0x19c, 0x159, 0xba, -0x40) + _0x3ece55(-0x64, -0x428, 0x20, -0x156, -0x1f3)](), _0x29bfc1[_0x32ecd4(0x2fe, '\x4c\x6c\x59\x67', 0x381, 0x4f5, 0x2c4)](showMessage, _0x29bfc1[_0x2e2e0e(0x501, 0x3c9, 0x4cc, 0x779, '\x45\x45\x75\x6a')]));
    });
    function _0x37c52b(_0x1e0dc8, _0x4c9ec1, _0x11eadb, _0x4baa8c, _0x1a4b2a) {
        return _0x5a40d5(_0x1a4b2a, _0x11eadb - 0x134, _0x11eadb - 0x90, _0x4baa8c - 0x74, _0x1a4b2a - 0xc);
    }
    closeModal[_0x4e527e(0x58f, 0x367, 0x1e8, 0x358, 0x34d) + _0x52db30(0x557, '\x23\x4a\x43\x36', 0x59c, 0x302, 0x263) + _0x28a37d(0x65d, 0x6cb, 0x51e, 0x66c, 0x4a2) + '\x72'](_0x29bfc1[_0x28a37d(0x67b, 0xb77, 0x8d7, 0x781, 0xb72)], () => {
        function _0x35e7de(_0x2b63a3, _0x275f44, _0x178993, _0x43cde8, _0x5d7699) {
            return _0x5c2705(_0x178993, _0x2b63a3 - -0x157, _0x178993 - 0xdf, _0x43cde8 - 0xaa, _0x5d7699 - 0x14);
        }
        function _0x5832a3(_0x20798f, _0x449f28, _0x5cc8f4, _0x5efeb8, _0x3a9b6a) {
            return _0x4a447b(_0x5cc8f4 - -0x18d, _0x449f28 - 0x1eb, _0x20798f, _0x5efeb8 - 0x4a, _0x3a9b6a - 0x151);
        }
        function _0x4e378e(_0x924219, _0x2ce6f8, _0x17532d, _0x1fda66, _0x12cc31) {
            return _0x52db30(_0x924219 - 0x23, _0x12cc31, _0x17532d - 0x6c, _0x1fda66 - -0x3bf, _0x12cc31 - 0xd9);
        }
        function _0x211a29(_0x14cb4a, _0x53443c, _0x553094, _0x9ab833, _0x15ac3e) {
            return _0x52db30(_0x14cb4a - 0x2e, _0x15ac3e, _0x553094 - 0x42, _0x14cb4a - -0x463, _0x15ac3e - 0xba);
        }
        function _0xc23e2e(_0x2ec645, _0x21bd2c, _0x153710, _0x5220f7, _0x5c5305) {
            return _0x28a37d(_0x2ec645 - 0x24, _0x21bd2c - 0x102, _0x2ec645 - -0x4e1, _0x21bd2c, _0x5c5305 - 0x5b);
        }
        function _0x2dc509(_0x556f52, _0x379f26, _0x187337, _0x2d6001, _0x868e70) {
            return _0x2b907f(_0x556f52 - 0x1b3, _0x379f26 - 0xb6, _0x379f26, _0x2d6001 - 0x169, _0x2d6001 - 0x1);
        }
        function _0x3b0067(_0xa910f8, _0x4503db, _0x375ba3, _0xb48bb9, _0x4840d7) {
            return _0x4e527e(_0xa910f8 - 0x14b, _0x4503db - -0xc2, _0x375ba3 - 0x14c, _0x375ba3, _0x4840d7 - 0x180);
        }
        function _0x2e4535(_0x145768, _0x1871b0, _0x15d7a8, _0x69b048, _0x49608e) {
            return _0x2b907f(_0x145768 - 0xc3, _0x1871b0 - 0xe7, _0x69b048, _0x69b048 - 0x44, _0x145768 - 0x95);
        }
        if (_0x29bfc1[_0x3b0067(0x32f, 0x199, -0x98, 0x2a8, 0x18d)](_0x29bfc1[_0x3b0067(0x6f2, 0x45c, 0x514, 0x1a2, 0x47b)], _0x29bfc1[_0x2dc509(0x21a, '\x62\x36\x4d\x5a', 0x1b2, 0x13a, -0x154)]))
            modalOverlay[_0x4e378e(0x2f, -0x30a, -0x388, -0x272, '\x62\x23\x34\x51') + _0x2dc509(-0x88, '\x73\x4f\x32\x4f', 0x9d, -0x53, 0x1d0)][_0x35e7de(0x1ec, -0xe6, '\x32\x47\x67\x76', 0x74, 0x23a) + '\x65'](_0x29bfc1[_0x3b0067(0x194, 0x45e, 0x492, 0x613, 0x356)]);
        else {
            const _0x2fa0af = _0x47320a[_0x4e378e(-0x2f5, -0x415, -0xb1, -0x153, '\x5a\x79\x28\x69')](_0x50ca7f, arguments);
            return _0x2ef13a = null, _0x2fa0af;
        }
    }), modalOverlay[_0x52db30(0x4cc, '\x69\x69\x69\x25', 0x30d, 0x2a8, 0x4a4) + _0x4e527e(0x102, 0x13a, -0xbb, 0x11b, 0x2ff) + _0x4a447b(-0x84, -0x2c4, 0x56, -0x26e, -0xc2) + '\x72'](_0x29bfc1[_0x50ac5c(0x5df, 0x59a, 0x617, 0x6dd, 0x601)], _0xb3387e => {
        function _0xcaf030(_0x31b334, _0x249a0e, _0x373ec9, _0x21fb83, _0x55453b) {
            return _0x4cb57f(_0x31b334 - 0x1b3, _0x249a0e - 0x3a, _0x373ec9 - 0x162, _0x31b334, _0x21fb83 - -0x98);
        }
        function _0x4d2ed2(_0x21f68a, _0x5b0612, _0x41ff10, _0x21dbfb, _0x3f17e5) {
            return _0x4e527e(_0x21f68a - 0x13e, _0x21dbfb - -0x2cd, _0x41ff10 - 0x16f, _0x3f17e5, _0x3f17e5 - 0x1bd);
        }
        function _0x3c10db(_0x47f1dc, _0x176923, _0x53dd76, _0x4cc78e, _0x9091) {
            return _0x52db30(_0x47f1dc - 0xa, _0x176923, _0x53dd76 - 0x82, _0x47f1dc - -0x3c, _0x9091 - 0x97);
        }
        function _0x1dee38(_0x5cba7f, _0xc25222, _0x3cecfb, _0x452f8c, _0x4138a3) {
            return _0x4a447b(_0xc25222 - 0x33c, _0xc25222 - 0x1d1, _0x452f8c, _0x452f8c - 0x1a4, _0x4138a3 - 0x51);
        }
        function _0x1b0f77(_0x1b0e20, _0x3ea25c, _0x4612d6, _0x34dd7a, _0x4d71ee) {
            return _0x50ac5c(_0x3ea25c - 0x1f5, _0x3ea25c - 0x4f, _0x4612d6 - 0x61, _0x1b0e20, _0x4d71ee - 0x1c8);
        }
        function _0x4a08c4(_0x27af4d, _0x47f463, _0x459299, _0x3e18d9, _0x515275) {
            return _0x37c52b(_0x27af4d - 0x1d3, _0x47f463 - 0x1a0, _0x47f463 - -0x30b, _0x3e18d9 - 0x1de, _0x515275);
        }
        _0x29bfc1[_0x3c10db(0x3af, '\x51\x39\x5b\x45', 0xfb, 0x145, 0x59a)](_0xb3387e[_0x3c10db(0x484, '\x30\x30\x42\x42', 0x221, 0x453, 0x44a) + '\x74'], modalOverlay) && modalOverlay[_0x4d2ed2(-0x12b, -0x12d, 0xc6, -0x9e, 0x10e) + _0x4d2ed2(0x31d, -0x17d, 0x16a, 0x12f, -0xd3)][_0x4d2ed2(0x141, -0x68, -0xa8, -0xb2, 0x169) + '\x65'](_0x29bfc1[_0x4d2ed2(0x1e4, 0x15f, 0x2c9, 0x253, 0x114)]);
    });
}
async function handleFileSelect(_0x2746c7) {
    function _0x29e530(_0x27de66, _0x4ed4a6, _0x1e0ed8, _0x136419, _0x5dc536) {
        return _0x2e84ec(_0x4ed4a6, _0x27de66 - -0x290, _0x1e0ed8 - 0x197, _0x136419 - 0x110, _0x5dc536 - 0x31);
    }
    const _0x560971 = {
        '\x55\x67\x43\x70\x41': function (_0x247a1c, _0x1bceb8) {
            return _0x247a1c(_0x1bceb8);
        },
        '\x51\x52\x52\x6b\x6a': function (_0xfaddb2) {
            return _0xfaddb2();
        },
        '\x52\x6c\x4b\x44\x47': function (_0x54ab26, _0x2c7ff6) {
            return _0x54ab26(_0x2c7ff6);
        },
        '\x46\x55\x4b\x4f\x50': _0x1635da(0x7ec, 0x57a, 0x2c5, 0x4ce, 0x4e7) + _0x21f15f(0x8cc, 0x902, 0x6fd, 0x5ef, '\x2a\x45\x4d\x79'),
        '\x4e\x68\x74\x52\x71': function (_0x191f1e, _0x4e5bc6) {
            return _0x191f1e !== _0x4e5bc6;
        },
        '\x4c\x75\x41\x75\x56': _0x51fa01(0x62d, 0x7c1, 0x593, '\x5a\x78\x44\x25', 0x717),
        '\x44\x4f\x7a\x71\x61': _0x51fa01(0x949, 0x5f1, 0x7a2, '\x6b\x43\x4e\x59', 0x642) + '\u8d25\x3a',
        '\x68\x6b\x75\x79\x54': function (_0x2ce53d) {
            return _0x2ce53d();
        },
        '\x71\x41\x76\x75\x70': _0x21f15f(0x371, 0x4f6, 0x51c, 0x2c8, '\x56\x53\x38\x53') + _0x397383(-0x1c, -0x69, -0x8c, -0x50, '\x77\x32\x25\x56')
    };
    function _0x1705d7(_0x28b257, _0x5373b4, _0x3db6a5, _0x1e589e, _0x55c639) {
        return _0x171a52(_0x28b257 - 0x104, _0x55c639, _0x3db6a5 - 0x1b5, _0x5373b4 - 0x5, _0x55c639 - 0x46);
    }
    function _0x59a67b(_0x429233, _0x49382c, _0x337eca, _0x23cf46, _0x2c7443) {
        return _0x28a984(_0x49382c, _0x49382c - 0x123, _0x23cf46 - 0x433, _0x23cf46 - 0x3d, _0x2c7443 - 0x14b);
    }
    function _0x6385e4(_0x2a039b, _0x2921d4, _0x27987d, _0x2eb5b8, _0x35cb98) {
        return _0x171a52(_0x2a039b - 0x5, _0x27987d, _0x27987d - 0x1f2, _0x2a039b - 0x42d, _0x35cb98 - 0x8f);
    }
    const _0x1ec1fb = _0x2746c7[_0x29e530(0x4ba, 0x364, 0x644, 0x5f8, 0x5d3) + '\x74'][_0x434f35(0x389, 0x18d, 0x4cb, 0x363, 0x2e4)][-0xbe5 + -0x1 * -0xc95 + -0x58 * 0x2];
    if (!_0x1ec1fb)
        return;
    function _0x51fa01(_0x52f3e6, _0xae31b6, _0x534891, _0x323bde, _0x1d1997) {
        return _0x1821ba(_0x52f3e6 - 0xd3, _0xae31b6 - 0x21, _0x323bde, _0x323bde - 0xaf, _0x534891 - -0x13e);
    }
    function _0x434f35(_0xaaa639, _0x4cd71e, _0xbcc2ac, _0x582f01, _0x26fcff) {
        return _0xfe7fa6(_0xaaa639 - 0x40a, _0x4cd71e - 0x152, _0xbcc2ac - 0x1d8, _0x582f01, _0x26fcff - 0x1ab);
    }
    function _0x21f15f(_0x145b10, _0x32f7f6, _0x52010a, _0x33fe30, _0x6007f1) {
        return _0x1821ba(_0x145b10 - 0x72, _0x32f7f6 - 0xdc, _0x6007f1, _0x33fe30 - 0xa7, _0x52010a - 0x149);
    }
    function _0x397383(_0x189dad, _0x4153d8, _0x3db497, _0x5721c6, _0x867b60) {
        return _0x171a52(_0x189dad - 0x10e, _0x867b60, _0x3db497 - 0xe5, _0x3db497 - -0xfc, _0x867b60 - 0x2b);
    }
    function _0x519635(_0x55f7dd, _0x52a76f, _0x5254da, _0x552e25, _0x5cb126) {
        return _0x28a984(_0x5254da, _0x52a76f - 0x13f, _0x55f7dd - 0x3c0, _0x552e25 - 0x14, _0x5cb126 - 0x11a);
    }
    _0x560971[_0x29e530(0x4fb, 0x7b4, 0x6f6, 0x31a, 0x3fd)](showLoading, _0x560971[_0x21f15f(0xa57, 0x5b1, 0x821, 0x9b1, '\x4c\x6c\x59\x67')]);
    function _0x1635da(_0x2a5a04, _0x153de4, _0x3bce33, _0x483867, _0x16aa43) {
        return _0x5a40d5(_0x483867, _0x153de4 - 0x4a9, _0x3bce33 - 0x1c0, _0x483867 - 0x16e, _0x16aa43 - 0x95);
    }
    try {
        const _0x3e0536 = new FileReader();
        _0x3e0536[_0x21f15f(0x8de, 0x56d, 0x782, 0x921, '\x46\x39\x77\x64') + '\x64'] = async _0x2583b7 => {
            function _0x4f4bfb(_0x576588, _0x601cdf, _0x49b3a5, _0x247b5a, _0x1c7da4) {
                return _0x21f15f(_0x576588 - 0x1a9, _0x601cdf - 0xb8, _0x247b5a - -0x103, _0x247b5a - 0x140, _0x49b3a5);
            }
            const _0x28fa51 = _0x2583b7[_0x4f4bfb(0x58d, 0x769, '\x2a\x45\x4d\x79', 0x687, 0x4bf) + '\x74'][_0x3e5a94(0x180, 0x4b1, '\x62\x23\x34\x51', 0x25e, 0x2ba) + '\x74'];
            function _0xc4d268(_0x383e99, _0x583773, _0x175c0e, _0x59c129, _0x264bee) {
                return _0x29e530(_0x383e99 - 0x1d6, _0x583773, _0x175c0e - 0x2a, _0x59c129 - 0xb6, _0x264bee - 0x49);
            }
            function _0x3d74e6(_0x4c4a3d, _0x44eb8e, _0x5f0dec, _0xfb00e6, _0x231307) {
                return _0x59a67b(_0x4c4a3d - 0x10b, _0x231307, _0x5f0dec - 0x54, _0x44eb8e - -0x2bd, _0x231307 - 0x12);
            }
            function _0x3e5a94(_0x1ebddf, _0x7cab44, _0x22da69, _0x40a2d9, _0x2178e9) {
                return _0x21f15f(_0x1ebddf - 0x1b9, _0x7cab44 - 0x9b, _0x2178e9 - -0x333, _0x40a2d9 - 0x22, _0x22da69);
            }
            await _0x560971[_0xc4d268(0x505, 0x38b, 0x2af, 0x2a7, 0x28a)](loadImageToCanvas, _0x28fa51), _0x560971[_0xc4d268(0x6ae, 0x61d, 0x724, 0x4a6, 0x673)](hideLoading);
        }, _0x3e0536[_0x434f35(0x3cb, 0x465, 0x640, 0x460, 0x67e) + _0x434f35(0x353, 0x500, 0x365, 0x380, 0x4c5) + _0x397383(-0x461, -0x33e, -0x2a7, -0x18e, '\x37\x58\x62\x66')](_0x1ec1fb);
    } catch (_0x100da9) {
        _0x560971[_0x519635(0x4dc, 0x37f, 0x644, 0x6e3, 0x551)](_0x560971[_0x519635(0x2e4, 0x3fa, 0x409, 0x2b7, 0x546)], _0x560971[_0x519635(0x2e4, 0x483, 0x146, 0x1b3, 0x455)]) ? _0x114239[_0x397383(-0x4b4, -0x4af, -0x244, -0x17b, '\x2a\x30\x31\x74') + '\x65'](_0x2dc8df, 0x2072 * -0x1 + 0x3 * -0x74d + 0x3 * 0x121e) : (console[_0x397383(-0x17b, 0x386, 0x128, 0x225, '\x69\x69\x69\x25')](_0x560971[_0x519635(0x65d, 0x424, 0x404, 0x3cb, 0x682)], _0x100da9), _0x560971[_0x29e530(0x656, 0x4d5, 0x833, 0x39d, 0x8fe)](hideLoading), _0x560971[_0x397383(-0x116, 0x5, -0x18c, -0x368, '\x31\x62\x52\x26')](alert, _0x560971[_0x1635da(0x92e, 0x8e5, 0xaed, 0x8da, 0x772)]));
    }
}
async function loadImageToCanvas(_0x80eafd) {
    function _0x40a4f7(_0x57536e, _0x4dcd55, _0x5d7ad9, _0x393582, _0x135546) {
        return _0x48aa3b(_0x5d7ad9, _0x4dcd55 - 0x7a, _0x5d7ad9 - 0x1ba, _0x393582 - 0x141, _0x4dcd55 - -0x1d1);
    }
    function _0xae9ffb(_0x1517be, _0x4ac9d1, _0x333e27, _0x3da19e, _0x5e0362) {
        return _0x171a52(_0x1517be - 0x68, _0x5e0362, _0x333e27 - 0x6e, _0x4ac9d1 - 0x2a1, _0x5e0362 - 0x10c);
    }
    const _0x4ab141 = {
        '\x44\x55\x53\x54\x45': function (_0x42b815, _0x1e8f84, _0x367fe3, _0x22c96a) {
            return _0x42b815(_0x1e8f84, _0x367fe3, _0x22c96a);
        },
        '\x48\x78\x6d\x79\x48': function (_0x48e2bd, _0x23c570) {
            return _0x48e2bd + _0x23c570;
        },
        '\x4a\x59\x72\x57\x78': function (_0x1b1a71, _0x44daf1) {
            return _0x1b1a71 !== _0x44daf1;
        },
        '\x4e\x66\x49\x6b\x77': _0x251d5b(0x1b0, 0x1c4, 0x2ea, 0x215, 0x182),
        '\x48\x50\x72\x68\x56': _0x36c1c5('\x2a\x30\x31\x74', 0x6a8, 0x6d7, 0x948, 0x4a1),
        '\x4c\x6a\x49\x72\x59': _0x1c8eca(0x62a, 0x757, '\x2a\x45\x4d\x79', 0x66a, 0x485) + _0x251d5b(0x56e, 0x603, 0x77b, 0x7d6, 0x5e3),
        '\x49\x44\x59\x72\x68': function (_0x300808, _0x293540) {
            return _0x300808 === _0x293540;
        },
        '\x52\x69\x76\x69\x59': _0x36c1c5('\x42\x69\x4a\x23', 0x68b, 0x5c2, 0x873, 0x32f) + '\x65',
        '\x61\x45\x49\x7a\x43': _0x1c8eca(0x4f2, 0x7f4, '\x49\x59\x4a\x56', 0x66b, 0x5c9) + _0x36c1c5('\x67\x4f\x42\x23', 0x4a5, 0x6e2, 0x4ec, 0x8a3),
        '\x54\x4b\x50\x50\x73': _0x1c8eca(0x13c, 0x4f9, '\x30\x4d\x30\x4b', 0x5a8, 0x308),
        '\x6c\x4b\x79\x58\x44': _0x53dd59(0x472, 0x3e8, 0x42d, 0x31b, 0x490),
        '\x45\x6c\x43\x57\x56': function (_0xa4acde, _0x152ee3) {
            return _0xa4acde / _0x152ee3;
        },
        '\x66\x43\x78\x4b\x6b': function (_0x1a04e8, _0x506224) {
            return _0x1a04e8 / _0x506224;
        },
        '\x44\x41\x68\x46\x4c': function (_0x46cc16, _0x1d4ff5) {
            return _0x46cc16(_0x1d4ff5);
        },
        '\x6f\x47\x4e\x4b\x76': _0x42b1aa(0x4c8, 0x726, 0x4b7, 0x45b, 0x611),
        '\x78\x65\x52\x56\x4d': function (_0x2190e1, _0xf75699) {
            return _0x2190e1(_0xf75699);
        },
        '\x75\x54\x4a\x41\x7a': _0x40a4f7(0x276, -0x2d, '\x6b\x43\x4e\x59', -0x11d, 0x27f) + _0x13ead9(0x38f, 0x333, 0x4e3, 0x40b, 0x58f),
        '\x52\x4a\x55\x41\x75': _0x1c8eca(0x875, 0x42e, '\x64\x71\x4d\x7a', 0x835, 0x612) + '\u8d25\x3a',
        '\x59\x42\x4b\x4d\x65': function (_0x4e2b5c) {
            return _0x4e2b5c();
        },
        '\x57\x57\x74\x55\x57': function (_0x1772eb, _0x5068ee) {
            return _0x1772eb(_0x5068ee);
        },
        '\x56\x7a\x4e\x46\x4b': _0x251d5b(0x10e, 0x141, 0xbb, 0x321, 0xb3) + _0xffbdca(0x406, 0x44f, 0x30a, 0x31e, 0x62b),
        '\x46\x6c\x57\x54\x43': _0xae9ffb(0x5ce, 0x55f, 0x81b, 0x521, '\x31\x62\x52\x26'),
        '\x6a\x76\x77\x44\x58': _0x13ead9(0x76e, 0x60c, 0x613, 0x25e, 0x526),
        '\x56\x78\x50\x49\x67': _0x40a4f7(0x1ca, 0x31d, '\x30\x79\x54\x32', 0x11d, 0x42c) + _0xae9ffb(0x305, 0x395, 0x3a0, 0x493, '\x35\x6b\x56\x43') + _0x40a4f7(-0x3e6, -0x146, '\x33\x4b\x74\x58', -0x36b, -0x317) + _0x13ead9(0x395, 0x294, 0x236, 0x592, 0x44e),
        '\x68\x4c\x42\x43\x59': function (_0x51f944, _0x4827b9) {
            return _0x51f944(_0x4827b9);
        },
        '\x6c\x6e\x77\x62\x62': function (_0x13301f, _0x450058) {
            return _0x13301f + _0x450058;
        },
        '\x67\x44\x53\x47\x48': _0xae9ffb(0x121, 0x1a3, 0x335, 0x296, '\x23\x4a\x43\x36') + _0x251d5b(0x287, 0x112, 0x377, 0x3a7, 0x42d) + _0x4bae88(0x17c, 0x14d, 0x165, '\x62\x42\x4d\x31', 0xe3) + _0xae9ffb(0x1a9, 0x46a, 0x299, 0x61c, '\x51\x39\x5b\x45'),
        '\x48\x55\x61\x44\x74': _0x53dd59(0x212, 0xbc, -0x26, -0x1af, 0x60) + _0xae9ffb(0x158, 0x291, 0x220, 0x28f, '\x2a\x45\x4d\x79') + _0x36c1c5('\x78\x63\x78\x75', 0x4c8, 0x646, 0x587, 0x6b3) + _0x36c1c5('\x6e\x7a\x39\x6e', 0xa51, 0x9c6, 0xa15, 0x7c8) + _0x13ead9(0x1b2, 0x66d, 0x480, 0x288, 0x46d) + _0x4bae88(0x180, -0xdc, 0x333, '\x62\x23\x34\x51', -0x6) + '\x20\x29',
        '\x75\x79\x76\x51\x42': function (_0x2fffb5) {
            return _0x2fffb5();
        },
        '\x6a\x73\x59\x79\x4f': function (_0x2423c7, _0x3de28b) {
            return _0x2423c7 !== _0x3de28b;
        },
        '\x47\x4f\x6a\x4d\x75': _0x1c8eca(0x57d, 0x20b, '\x78\x5a\x73\x58', 0x1fd, 0x2b8),
        '\x75\x6b\x78\x50\x41': _0x53dd59(0x287, 0x18e, 0x27b, 0x414, 0x36c),
        '\x6e\x58\x44\x44\x55': function (_0x114dc8, _0x5da361) {
            return _0x114dc8 > _0x5da361;
        },
        '\x57\x6d\x77\x70\x63': function (_0x4a9506, _0x5efe35) {
            return _0x4a9506 / _0x5efe35;
        },
        '\x6f\x66\x52\x77\x4b': function (_0x44c4df, _0x2c6185) {
            return _0x44c4df * _0x2c6185;
        },
        '\x77\x7a\x4f\x6e\x4b': _0x13ead9(0x818, 0x3d2, 0x5d7, 0x62f, 0x605) + '\x6e',
        '\x61\x62\x44\x62\x59': _0x251d5b(0x47c, 0x69b, 0x31d, 0x22f, 0x2b2),
        '\x79\x48\x64\x53\x6e': _0xae9ffb(0x1cb, 0x178, 0x421, 0x2e5, '\x51\x39\x5b\x45'),
        '\x52\x7a\x44\x4e\x68': _0x4bae88(0x4ba, 0x3ad, 0x5bf, '\x31\x62\x52\x26', 0x3eb)
    };
    function _0x42b1aa(_0x4f3781, _0x5bfe0a, _0x16f01b, _0x599b45, _0x5d799f) {
        return _0x1363fa(_0x4f3781 - 0x34, _0x5bfe0a - 0x121, _0x5bfe0a, _0x4f3781 - 0x34e, _0x5d799f - 0x172);
    }
    function _0x251d5b(_0x2c78b5, _0x8886fd, _0x360f38, _0x5742d0, _0x34429b) {
        return _0xfe7fa6(_0x2c78b5 - 0x28a, _0x8886fd - 0x5f, _0x360f38 - 0x78, _0x360f38, _0x34429b - 0xf6);
    }
    function _0xffbdca(_0x29cef7, _0x3930aa, _0x3cae02, _0x184541, _0x3a5d59) {
        return _0x1363fa(_0x29cef7 - 0x1ca, _0x3930aa - 0x1ae, _0x3a5d59, _0x29cef7 - -0x1b5, _0x3a5d59 - 0x1a6);
    }
    function _0x36c1c5(_0x2b3c25, _0x1402e0, _0x4a96b9, _0x55cfe4, _0x2e59c5) {
        return _0x171a52(_0x2b3c25 - 0x188, _0x2b3c25, _0x4a96b9 - 0x1c1, _0x4a96b9 - 0x632, _0x2e59c5 - 0x20);
    }
    function _0x53dd59(_0x18b217, _0x39c883, _0x4e6dbc, _0x5a542b, _0x1ff0c9) {
        return _0x1363fa(_0x18b217 - 0x101, _0x39c883 - 0x16a, _0x4e6dbc, _0x39c883 - -0x3f, _0x1ff0c9 - 0x8);
    }
    function _0x13ead9(_0x58cf93, _0x314111, _0x3c14f0, _0x147798, _0x369324) {
        return _0x1363fa(_0x58cf93 - 0x148, _0x314111 - 0x16c, _0x3c14f0, _0x369324 - 0x98, _0x369324 - 0x198);
    }
    function _0x4bae88(_0x3efa29, _0x5c6036, _0x2ae43b, _0x36735a, _0x3b7347) {
        return _0x171a52(_0x3efa29 - 0x12d, _0x36735a, _0x2ae43b - 0xa4, _0x3efa29 - 0x348, _0x3b7347 - 0x1d3);
    }
    function _0x1c8eca(_0x5b3fbe, _0x578266, _0x14b5e1, _0x3fea55, _0x536bec) {
        return _0x48aa3b(_0x14b5e1, _0x578266 - 0x96, _0x14b5e1 - 0xb8, _0x3fea55 - 0x77, _0x536bec - 0x337);
    }
    try {
        if (_0x4ab141[_0x36c1c5('\x31\x62\x52\x26', 0x92a, 0x895, 0x8b7, 0x974)](_0x4ab141[_0x40a4f7(0x203, 0xef, '\x56\x53\x38\x53', -0xaf, 0x21c)], _0x4ab141[_0xae9ffb(0x3d2, 0x227, 0x47, -0x97, '\x73\x62\x78\x6f')])) {
            canvas[_0xae9ffb(0x719, 0x4f5, 0x443, 0x577, '\x69\x69\x69\x25')](), hatObjects = [], currentImage = null;
            const _0xf0dcbb = await new Promise((_0x19d36a, _0x2f21f6) => {
                    function _0x54c734(_0x20c9db, _0x55d04c, _0x2d752c, _0xf28d8b, _0x213b5b) {
                        return _0xffbdca(_0x213b5b - 0x442, _0x55d04c - 0xe2, _0x2d752c - 0x38, _0xf28d8b - 0x1b7, _0x2d752c);
                    }
                    function _0x5e1d36(_0x424bfb, _0x133ecf, _0xd2be65, _0x7e6bd5, _0x310f02) {
                        return _0x40a4f7(_0x424bfb - 0x12b, _0x133ecf - 0x43b, _0x7e6bd5, _0x7e6bd5 - 0x16b, _0x310f02 - 0x44);
                    }
                    function _0x57a1b5(_0x22edee, _0x15aec4, _0x252308, _0x266fa1, _0x4ede46) {
                        return _0xffbdca(_0x252308 - 0x3ee, _0x15aec4 - 0x1bb, _0x252308 - 0x16, _0x266fa1 - 0x2a, _0x22edee);
                    }
                    function _0x463588(_0x414462, _0x4471f1, _0x3a254b, _0x58fe12, _0x443397) {
                        return _0xae9ffb(_0x414462 - 0x1d5, _0x443397 - 0x352, _0x3a254b - 0xe0, _0x58fe12 - 0x12d, _0x58fe12);
                    }
                    function _0x356dac(_0x5cf477, _0x455fec, _0x480462, _0x2aece1, _0x5ef24e) {
                        return _0x36c1c5(_0x5cf477, _0x455fec - 0x9c, _0x2aece1 - -0x48d, _0x2aece1 - 0x3c, _0x5ef24e - 0x84);
                    }
                    function _0x5d6a59(_0x4ba0c6, _0x2ce7d3, _0x3a2c74, _0x377aba, _0x119363) {
                        return _0x251d5b(_0x2ce7d3 - -0x220, _0x2ce7d3 - 0x27, _0x119363, _0x377aba - 0x132, _0x119363 - 0x76);
                    }
                    const _0x3f6ea9 = {
                        '\x79\x61\x7a\x79\x43': function (_0x325e93, _0x50a809, _0x4f2538, _0x247fc3) {
                            function _0x38cadb(_0x114dd5, _0xe5b37b, _0x5724fb, _0x202d1d, _0x5e94bb) {
                                return _0x59f5(_0x202d1d - -0x1ab, _0x5724fb);
                            }
                            return _0x4ab141[_0x38cadb(0x1d6, 0x266, -0x45, 0x1b9, 0x3d7)](_0x325e93, _0x50a809, _0x4f2538, _0x247fc3);
                        },
                        '\x6e\x73\x53\x57\x43': function (_0x251c9e, _0x2be86f) {
                            function _0x4edb19(_0x37d82e, _0x3cde99, _0xb98baa, _0x42fe98, _0x385210) {
                                return _0x59f5(_0x3cde99 - -0x37f, _0x42fe98);
                            }
                            return _0x4ab141[_0x4edb19(-0x1a1, 0xc6, -0x136, -0x157, -0xcb)](_0x251c9e, _0x2be86f);
                        }
                    };
                    function _0x3f4940(_0x109466, _0x881281, _0x4d5faf, _0x1bb4e8, _0x4b68da) {
                        return _0x53dd59(_0x109466 - 0xf2, _0x4b68da - 0x2a6, _0x881281, _0x1bb4e8 - 0x161, _0x4b68da - 0x61);
                    }
                    function _0x5ca9ab(_0x1081ce, _0x5c2f6e, _0x4d4f1e, _0x38e893, _0x41b8f3) {
                        return _0x36c1c5(_0x5c2f6e, _0x5c2f6e - 0xae, _0x1081ce - -0x42f, _0x38e893 - 0x9b, _0x41b8f3 - 0x8);
                    }
                    function _0x7966d0(_0x3a229d, _0x49af75, _0x2f086a, _0x1678cd, _0x3ce215) {
                        return _0x1c8eca(_0x3a229d - 0x1af, _0x49af75 - 0x6d, _0x3ce215, _0x1678cd - 0x1bc, _0x2f086a - -0x459);
                    }
                    function _0x5d196b(_0x1a2c87, _0xfe16ef, _0x516298, _0x4045ce, _0x58d1a4) {
                        return _0x251d5b(_0x4045ce - 0x334, _0xfe16ef - 0x75, _0x1a2c87, _0x4045ce - 0xd2, _0x58d1a4 - 0x75);
                    }
                    if (_0x4ab141[_0x5e1d36(0x299, 0x55a, 0x7cc, '\x5a\x79\x28\x69', 0x2c6)](_0x4ab141[_0x5e1d36(0x3c9, 0x221, 0x158, '\x4a\x7a\x5d\x6d', 0x8a)], _0x4ab141[_0x5e1d36(0x78e, 0x4bb, 0x22b, '\x4a\x7a\x5d\x6d', 0x6dc)])) {
                        const _0x2635f2 = new Image();
                        _0x2635f2[_0x54c734(0x2d2, 0x4f5, 0x36e, 0x654, 0x568) + _0x54c734(0x546, 0x960, 0x6ad, 0x975, 0x6ae) + '\x6e'] = _0x4ab141[_0x54c734(0x62e, 0x8a9, 0x5a7, 0x57e, 0x72e)], _0x2635f2[_0x57a1b5(0x5bc, 0x7bb, 0x601, 0x804, 0x71c) + '\x64'] = () => _0x19d36a(_0x2635f2), _0x2635f2[_0x356dac('\x57\x5b\x76\x42', 0x30a, -0x160, 0x8b, -0x1b1) + '\x6f\x72'] = _0x2f21f6, _0x2635f2[_0x57a1b5(0x4d5, 0x1ce, 0x38b, 0x439, 0x479)] = _0x80eafd;
                    } else {
                        const _0x37c9e6 = {
                            '\x43\x43\x65\x59\x46': function (_0xd8c0da, _0x2033e5, _0x2e3b1e, _0x355e54) {
                                function _0x590637(_0x46f1ba, _0x2016c9, _0x14e1ec, _0xfddebd, _0x3e9f32) {
                                    return _0x54c734(_0x46f1ba - 0x9d, _0x2016c9 - 0x1ca, _0x2016c9, _0xfddebd - 0x90, _0x46f1ba - 0xe8);
                                }
                                return _0x3f6ea9[_0x590637(0x574, 0x33d, 0x508, 0x52b, 0x4fe)](_0xd8c0da, _0x2033e5, _0x2e3b1e, _0x355e54);
                            },
                            '\x4c\x64\x6f\x4c\x73': function (_0x3b390d, _0x422bfd) {
                                function _0x59f302(_0x4d1c12, _0x13e5d3, _0x4aa9bb, _0x1ebe35, _0x29423c) {
                                    return _0x5e1d36(_0x4d1c12 - 0x18, _0x1ebe35 - -0x397, _0x4aa9bb - 0x160, _0x4d1c12, _0x29423c - 0x64);
                                }
                                return _0x3f6ea9[_0x59f302('\x64\x71\x4d\x7a', 0x1b1, 0x231, 0x29b, 0x49f)](_0x3b390d, _0x422bfd);
                            }
                        };
                        _0x403e6b[_0x54c734(0x32b, 0x441, 0x57c, 0x897, 0x5cf) + _0x463588(0x87e, 0x90b, 0xa0c, '\x30\x79\x54\x32', 0x762)] = '', _0x5ad13c[_0x54c734(0x6f9, 0x589, 0x8ff, 0x6f9, 0x667) + '\x63\x68']((_0x5bd9d7, _0x4e097b) => {
                            const _0x391556 = _0x37c9e6[_0x55ffa9(0x1f1, 0x14, 0x461, 0x106, 0xd8)](_0xaa926, _0x5bd9d7, _0x4e097b, ![]);
                            function _0xa06e57(_0x5f21f4, _0x3583f8, _0xf30e78, _0x569f06, _0x3bb938) {
                                return _0x5ca9ab(_0x3583f8 - -0x2a7, _0x569f06, _0xf30e78 - 0x3, _0x569f06 - 0x136, _0x3bb938 - 0x16d);
                            }
                            function _0x55ffa9(_0x1c8508, _0x18d83b, _0x538603, _0x3d5db5, _0x41338f) {
                                return _0x5d196b(_0x538603, _0x18d83b - 0x114, _0x538603 - 0x125, _0x1c8508 - -0x31b, _0x41338f - 0x11a);
                            }
                            function _0x1e5a7a(_0x5c4e2a, _0x904b0d, _0x1d69b9, _0x4c724c, _0x558bdb) {
                                return _0x356dac(_0x4c724c, _0x904b0d - 0x19c, _0x1d69b9 - 0x112, _0x558bdb - 0x375, _0x558bdb - 0x105);
                            }
                            _0x11ba83[_0x1e5a7a(0x71d, 0x797, 0x93c, '\x4a\x6d\x23\x26', 0x864) + _0x1e5a7a(0x714, 0x3da, 0x4b1, '\x46\x39\x77\x64', 0x622) + '\x64'](_0x391556);
                        }), _0x14cb3a[_0x5ca9ab(0x442, '\x30\x30\x42\x42', 0x34a, 0x652, 0x62d) + '\x63\x68']((_0x531b0b, _0x182dac) => {
                            const _0x5ebecc = _0x37c9e6[_0x3062a2(0x55e, 0x5d3, 0x7b7, 0x79f, 0x6fb)](_0x44ae0d, _0x531b0b, _0x37c9e6[_0x3062a2(0x623, 0x7a9, 0x8de, 0x6ec, 0x35d)](_0x23dca0[_0x524bf0(0x175, 0x5f8, '\x62\x36\x4d\x5a', 0x6da, 0x438) + '\x68'], _0x182dac), !![]);
                            function _0x4230da(_0x2d0981, _0x2d2b5f, _0x5e1002, _0x534825, _0x47bdba) {
                                return _0x54c734(_0x2d0981 - 0xda, _0x2d2b5f - 0xd1, _0x47bdba, _0x534825 - 0xd3, _0x534825 - -0x326);
                            }
                            function _0x3062a2(_0x2772b6, _0x43e421, _0x419e62, _0x1598e6, _0xe294e5) {
                                return _0x5d6a59(_0x2772b6 - 0x2b, _0x2772b6 - 0x5a6, _0x419e62 - 0x1d, _0x1598e6 - 0x121, _0x1598e6);
                            }
                            function _0x524bf0(_0x3a26b8, _0x377f0f, _0x563615, _0x36c081, _0x171c81) {
                                return _0x5e1d36(_0x3a26b8 - 0x33, _0x171c81 - 0x133, _0x563615 - 0xc, _0x563615, _0x171c81 - 0x1b1);
                            }
                            function _0x164161(_0x49dcf8, _0xef7a55, _0x241dbb, _0x2057f8, _0x7677f6) {
                                return _0x54c734(_0x49dcf8 - 0xb9, _0xef7a55 - 0x66, _0xef7a55, _0x2057f8 - 0xbd, _0x241dbb - -0x593);
                            }
                            function _0x5c471f(_0x4496f8, _0xc6f80f, _0x30d9ba, _0x1ed59e, _0x1a9a0a) {
                                return _0x5e1d36(_0x4496f8 - 0x1a8, _0xc6f80f - -0x430, _0x30d9ba - 0x106, _0x1ed59e, _0x1a9a0a - 0x112);
                            }
                            _0x15400b[_0x4230da(0x20d, 0x6f, 0x447, 0x2f3, 0x295) + _0x5c471f(-0x6c, 0xf9, -0x149, '\x69\x69\x69\x25', -0x1af) + '\x64'](_0x5ebecc);
                        });
                    }
                }), {
                    maxWidth: _0x4cc0d3,
                    maxHeight: _0x21c744
                } = _0x4ab141[_0xae9ffb(0x572, 0x4d3, 0x55a, 0x47c, '\x5a\x79\x28\x69')](getMaxCanvasSize);
            let _0x16d9e8 = _0xf0dcbb[_0x36c1c5('\x45\x45\x75\x6a', 0x807, 0x9bb, 0x823, 0x8da)], _0x37120 = _0xf0dcbb[_0x42b1aa(0x6db, 0x56d, 0x5e5, 0x9ae, 0x990) + '\x74'];
            if (_0x4ab141[_0x53dd59(0x44c, 0x27b, 0x14f, 0x13, 0x446)](_0x16d9e8, _0x4cc0d3) || _0x4ab141[_0xae9ffb(0x2cc, 0x398, 0x473, 0x652, '\x30\x4d\x30\x4b')](_0x37120, _0x21c744)) {
                const _0x222c15 = Math[_0x42b1aa(0x94b, 0x921, 0x832, 0x813, 0x895)](_0x4ab141[_0x13ead9(0x53e, 0x238, 0x71d, 0x455, 0x486)](_0x4cc0d3, _0x16d9e8), _0x4ab141[_0x42b1aa(0x511, 0x69c, 0x304, 0x5a5, 0x75e)](_0x21c744, _0x37120));
                _0x16d9e8 = _0x4ab141[_0x53dd59(0x2c3, 0x591, 0x45c, 0x856, 0x68f)](_0x16d9e8, _0x222c15), _0x37120 = _0x4ab141[_0x13ead9(0x66e, 0x777, 0x808, 0x8be, 0x668)](_0x37120, _0x222c15);
            }
            canvas[_0x40a4f7(-0x16d, -0x177, '\x49\x59\x4a\x56', -0x102, -0x2db) + _0x53dd59(0x452, 0x49b, 0x738, 0x1d6, 0x685)](_0x16d9e8), canvas[_0xae9ffb(0x465, 0x5cd, 0x499, 0x34a, '\x62\x36\x4d\x5a') + _0xae9ffb(0x4fc, 0x4a3, 0x29e, 0x2ac, '\x2a\x45\x4d\x79')](_0x37120), canvas[_0xffbdca(-0x5b, -0x22d, 0x101, 0x54, -0x18a) + _0xffbdca(-0x41, 0x22b, 0x2a, -0x2ec, -0x1bd)]();
            const _0x2f0d57 = await new Promise((_0x4ddc19, _0x10d7f5) => {
                    function _0xb4ca19(_0x3e3813, _0x2c1c51, _0x4502bc, _0x4aa111, _0x525987) {
                        return _0x13ead9(_0x3e3813 - 0x1c1, _0x2c1c51 - 0x101, _0x3e3813, _0x4aa111 - 0x1a, _0x4502bc - 0x174);
                    }
                    function _0x22f7e0(_0x374153, _0x290e24, _0x334e8c, _0xdc0f0b, _0x218e7c) {
                        return _0x13ead9(_0x374153 - 0x1e3, _0x290e24 - 0x8e, _0x218e7c, _0xdc0f0b - 0xe9, _0x374153 - -0x33e);
                    }
                    const _0x3f419a = {
                            '\x65\x5a\x6b\x6e\x6e': function (_0x126626, _0x4f8f71) {
                                function _0x164ea3(_0x11edf8, _0x6a9aeb, _0x4a0175, _0xc161da, _0x40232f) {
                                    return _0x59f5(_0x4a0175 - -0x254, _0xc161da);
                                }
                                return _0x4ab141[_0x164ea3(-0x4a, 0x157, 0xa8, -0xce, 0x52)](_0x126626, _0x4f8f71);
                            },
                            '\x70\x44\x56\x6e\x50': _0x4ab141[_0x21e2c5(0x853, 0x7bc, 0xa21, 0x773, 0x9b2)],
                            '\x63\x57\x63\x52\x4d': _0x4ab141[_0x1194ba('\x5a\x79\x28\x69', 0xd3, 0x458, 0x22b, 0xef)],
                            '\x59\x54\x41\x69\x6b': function (_0x362f3d) {
                                function _0x4186fb(_0xb5184e, _0x44ad84, _0x334c22, _0x5ec145, _0x5e8d4) {
                                    return _0x1194ba(_0x334c22, _0x44ad84 - 0xd5, _0x334c22 - 0x110, _0xb5184e - 0x499, _0x5e8d4 - 0x21);
                                }
                                return _0x4ab141[_0x4186fb(0x4f5, 0x52d, '\x2a\x30\x31\x74', 0x6d8, 0x327)](_0x362f3d);
                            },
                            '\x4b\x4d\x6a\x58\x55': function (_0x9772a, _0x530eb5) {
                                function _0x124bd8(_0x25bfc3, _0x3d7cec, _0x149abd, _0x454c8c, _0x109a01) {
                                    return _0x1194ba(_0x25bfc3, _0x3d7cec - 0x1e6, _0x149abd - 0x18, _0x149abd - 0x561, _0x109a01 - 0x1bb);
                                }
                                return _0x4ab141[_0x124bd8('\x66\x49\x76\x67', 0x8ed, 0x667, 0x485, 0x64f)](_0x9772a, _0x530eb5);
                            },
                            '\x57\x67\x51\x47\x6d': _0x4ab141[_0x1194ba('\x6b\x43\x4e\x59', -0x1af, -0xa3, 0x73, 0x1b8)],
                            '\x79\x70\x77\x66\x4e': function (_0x396406, _0x2cdb0b) {
                                function _0x5ba549(_0x3fb78c, _0x12b33e, _0x22dbbd, _0x2ec869, _0x59a8ba) {
                                    return _0x21e2c5(_0x3fb78c - -0xea, _0x12b33e - 0x2a, _0x59a8ba, _0x2ec869 - 0x40, _0x59a8ba - 0x11c);
                                }
                                return _0x4ab141[_0x5ba549(0x6a7, 0x745, 0x85f, 0x52c, 0x4b2)](_0x396406, _0x2cdb0b);
                            },
                            '\x72\x50\x72\x51\x50': _0x4ab141[_0x25bcf7(0x6a1, 0x3d5, 0x61c, 0x7d6, 0x79d)],
                            '\x57\x76\x45\x75\x72': _0x4ab141[_0x22f7e0(-0xda, 0xd4, -0x72, 0x199, -0x348)],
                            '\x73\x6a\x57\x4f\x5a': _0x4ab141[_0x19c31b(0x767, 0x744, 0x2ec, 0x57f, '\x4c\x6c\x59\x67')]
                        }, _0x20deaf = new Image();
                    _0x20deaf[_0x19c31b(0x666, 0x5f8, 0x44d, 0x68f, '\x5d\x77\x72\x78') + _0x25bcf7(0x530, 0x687, 0x51b, 0x55b, 0x3c8) + '\x6e'] = _0x4ab141[_0x536a1b(0x3d5, 0x409, 0x6a5, '\x49\x59\x4a\x56', 0x2d4)];
                    function _0x21e2c5(_0x9fbd89, _0xb6a3d1, _0x5c9f25, _0x195bf8, _0x50fe3a) {
                        return _0x251d5b(_0x9fbd89 - 0x328, _0xb6a3d1 - 0x122, _0x5c9f25, _0x195bf8 - 0x158, _0x50fe3a - 0x1d7);
                    }
                    function _0x25bcf7(_0x1f4683, _0x1a648f, _0x74c5b6, _0x4b0cb3, _0x42a0c4) {
                        return _0x42b1aa(_0x1f4683 - -0x23f, _0x42a0c4, _0x74c5b6 - 0xfe, _0x4b0cb3 - 0x2, _0x42a0c4 - 0x1b2);
                    }
                    function _0x2267b0(_0x204d7a, _0x3385de, _0x380b84, _0xbe81f0, _0x11f8d1) {
                        return _0x4bae88(_0x3385de - 0x345, _0x3385de - 0x1d1, _0x380b84 - 0x98, _0xbe81f0, _0x11f8d1 - 0x1ee);
                    }
                    function _0x19c31b(_0x1e68ea, _0xbdf938, _0x2f8861, _0x3e246a, _0x51701f) {
                        return _0xae9ffb(_0x1e68ea - 0x86, _0x3e246a - 0x78, _0x2f8861 - 0x21, _0x3e246a - 0xbf, _0x51701f);
                    }
                    function _0x329476(_0xe9c329, _0x46cbe0, _0x53bf62, _0x4e1151, _0x3ed2d5) {
                        return _0x251d5b(_0x4e1151 - -0x288, _0x46cbe0 - 0x4b, _0x3ed2d5, _0x4e1151 - 0x62, _0x3ed2d5 - 0x1c7);
                    }
                    function _0x1194ba(_0x3b661c, _0x119a90, _0x2f473f, _0x3a10b1, _0x3639bc) {
                        return _0xae9ffb(_0x3b661c - 0xf7, _0x3a10b1 - -0x255, _0x2f473f - 0xbf, _0x3a10b1 - 0x127, _0x3b661c);
                    }
                    _0x20deaf[_0x25bcf7(0x4d7, 0x20b, 0x396, 0x32e, 0x62e) + '\x64'] = () => {
                        function _0x4189e7(_0x313978, _0x2a9fd8, _0x12b80b, _0x49a0d3, _0x25ddee) {
                            return _0x329476(_0x313978 - 0x1ab, _0x2a9fd8 - 0x163, _0x12b80b - 0x9b, _0x49a0d3 - 0xdb, _0x25ddee);
                        }
                        function _0x3f738e(_0x4c1398, _0x46d463, _0x65d8b9, _0x423be6, _0x52008e) {
                            return _0x536a1b(_0x4c1398 - 0x10d, _0x46d463 - -0x1cf, _0x65d8b9 - 0x128, _0x4c1398, _0x52008e - 0x5d);
                        }
                        function _0x430567(_0xfd6c87, _0x3df7c9, _0x251a5a, _0x3346a2, _0x392744) {
                            return _0x21e2c5(_0x392744 - -0x67, _0x3df7c9 - 0x6a, _0xfd6c87, _0x3346a2 - 0x113, _0x392744 - 0xd5);
                        }
                        function _0x10ab49(_0x31dd42, _0x13fb60, _0x176fa0, _0x9340d0, _0x55095a) {
                            return _0xb4ca19(_0x13fb60, _0x13fb60 - 0x9d, _0x9340d0 - 0x39, _0x9340d0 - 0x180, _0x55095a - 0x5e);
                        }
                        function _0x326aee(_0x8dad13, _0x411c14, _0x212fb1, _0x48a463, _0x5605c4) {
                            return _0x2267b0(_0x8dad13 - 0x101, _0x8dad13 - -0x395, _0x212fb1 - 0xda, _0x212fb1, _0x5605c4 - 0x14e);
                        }
                        function _0x18146b(_0x501942, _0x2b9b1f, _0x45d4fb, _0x182ce1, _0x2577c1) {
                            return _0x19c31b(_0x501942 - 0xe3, _0x2b9b1f - 0x8b, _0x45d4fb - 0xca, _0x2577c1 - -0x438, _0x45d4fb);
                        }
                        function _0x370301(_0x5f4f3e, _0x426a1b, _0x5bdcfb, _0x1dfa3b, _0x157ab7) {
                            return _0x1194ba(_0x426a1b, _0x426a1b - 0x156, _0x5bdcfb - 0x114, _0x157ab7 - 0x1a6, _0x157ab7 - 0x15);
                        }
                        function _0x316fe9(_0xe9d4c7, _0x168f0e, _0x1574be, _0x7c5c28, _0x4ddefd) {
                            return _0x31713f(_0x4ddefd, _0x168f0e - 0x41, _0x1574be - 0x91, _0x7c5c28 - 0x1d0, _0x168f0e - 0x2e6);
                        }
                        function _0xf291b8(_0x46a321, _0x5051ae, _0x1d62a6, _0x38c5e9, _0x856d06) {
                            return _0xb4ca19(_0x5051ae, _0x5051ae - 0x1b4, _0x46a321 - -0x247, _0x38c5e9 - 0x1df, _0x856d06 - 0xc7);
                        }
                        function _0x15e795(_0x5bb3b9, _0x2c0ab5, _0x42d8de, _0x16a014, _0x29a943) {
                            return _0x22f7e0(_0x29a943 - 0x50b, _0x2c0ab5 - 0x1e4, _0x42d8de - 0x13b, _0x16a014 - 0xe8, _0x5bb3b9);
                        }
                        const _0x2351b7 = {
                            '\x47\x42\x73\x6a\x56': function (_0xe54c55, _0x371d13) {
                                function _0x4a3076(_0x26dd5f, _0x19a492, _0x5d57b5, _0x411a94, _0x10d444) {
                                    return _0x5c4b(_0x10d444 - -0x266, _0x5d57b5);
                                }
                                return _0x4ab141[_0x4a3076(0x1da, -0xaa, '\x59\x40\x61\x51', 0x298, 0x2b)](_0xe54c55, _0x371d13);
                            },
                            '\x55\x6f\x63\x62\x52': _0x4ab141[_0x370301(0x1ca, '\x78\x5a\x73\x58', 0x3b9, -0x5e, 0x20f)],
                            '\x61\x49\x4a\x61\x42': _0x4ab141[_0x370301(0x34b, '\x37\x58\x62\x66', 0x67d, 0x280, 0x41d)]
                        };
                        try {
                            if (_0x4ab141[_0x370301(0x149, '\x63\x69\x61\x36', -0x3, 0x2bf, 0x217)](_0x4ab141[_0xf291b8(0x30f, 0x564, 0x3d1, 0x562, 0x424)], _0x4ab141[_0x4189e7(-0x276, -0x143, 0xec, -0x1, -0x10b)])) {
                                const _0x1243d2 = new fabric[(_0x3f738e('\x46\x39\x77\x64', 0xd9, 0x2b0, -0x183, 0x68))](_0x20deaf, {
                                    '\x73\x63\x61\x6c\x65\x58': _0x4ab141[_0xf291b8(0xea, 0x2ab, -0x1c0, 0x1e8, 0x15e)](_0x16d9e8, _0x20deaf[_0x326aee(0x1ba, 0x226, '\x2a\x30\x31\x74', 0x43c, 0xa5)]),
                                    '\x73\x63\x61\x6c\x65\x59': _0x4ab141[_0x326aee(0x437, 0x19c, '\x47\x56\x68\x55', 0x69f, 0x636)](_0x37120, _0x20deaf[_0x430567(0x3e7, 0x5af, 0x6d0, 0x3b5, 0x606) + '\x74']),
                                    '\x73\x65\x6c\x65\x63\x74\x61\x62\x6c\x65': ![],
                                    '\x65\x76\x65\x6e\x74\x65\x64': ![]
                                });
                                _0x4ab141[_0x10ab49(0x696, 0x49a, 0x67b, 0x51a, 0x264)](_0x4ddc19, _0x1243d2);
                            } else
                                _0x1a301a = _0x3527eb, _0x5275cd[_0x316fe9(0x6a5, 0x72b, 0x6af, 0x8cb, '\x42\x69\x4a\x23') + _0x18146b(-0x179, -0x1e8, '\x5d\x77\x72\x78', -0x7a, -0xd1) + _0x316fe9(0x880, 0x64a, 0x5e0, 0x473, '\x5d\x77\x72\x78') + '\x6c'](_0x2351b7[_0x18146b(-0x23d, -0x109, '\x73\x62\x78\x6f', -0x410, -0x161)])[_0x18146b(0x206, 0xfd, '\x73\x4f\x32\x4f', -0x139, 0x64) + '\x63\x68']((_0x5586f9, _0x397309) => {
                                    function _0x4b5943(_0x71d927, _0x9e9cfe, _0x4efaa8, _0x4821fa, _0x71ce94) {
                                        return _0x18146b(_0x71d927 - 0x11f, _0x9e9cfe - 0x131, _0x71d927, _0x4821fa - 0x1e6, _0x9e9cfe - 0x2bd);
                                    }
                                    function _0xbca38e(_0x39a37f, _0x592756, _0x3f23c9, _0x4701df, _0x35e68b) {
                                        return _0x10ab49(_0x39a37f - 0x35, _0x4701df, _0x3f23c9 - 0x1e0, _0x592756 - -0x3da, _0x35e68b - 0x15c);
                                    }
                                    function _0x59c60b(_0x4d7ecd, _0x37f1c8, _0x1e8d0c, _0x178bc1, _0x4c478c) {
                                        return _0x15e795(_0x37f1c8, _0x37f1c8 - 0x10b, _0x1e8d0c - 0x44, _0x178bc1 - 0x164, _0x4c478c - -0x5af);
                                    }
                                    function _0x2d96fa(_0x468bef, _0x533b24, _0x44d1ee, _0x282372, _0x3a345b) {
                                        return _0xf291b8(_0x468bef - 0x3d, _0x3a345b, _0x44d1ee - 0x16e, _0x282372 - 0x2f, _0x3a345b - 0xcf);
                                    }
                                    function _0x5b6efe(_0x42acf3, _0x101c51, _0x678d57, _0x9970c9, _0x39e4e1) {
                                        return _0x316fe9(_0x42acf3 - 0x12c, _0x101c51 - -0x233, _0x678d57 - 0xa1, _0x9970c9 - 0x1b3, _0x42acf3);
                                    }
                                    function _0x479bae(_0x33d4e7, _0x1da0f5, _0x3cea1b, _0x2d3dbe, _0x2ba8c5) {
                                        return _0x370301(_0x33d4e7 - 0x1ae, _0x3cea1b, _0x3cea1b - 0x1c, _0x2d3dbe - 0x114, _0x1da0f5 - -0x110);
                                    }
                                    function _0x288414(_0x3b3f4a, _0x252c55, _0x2d13ae, _0x100cf5, _0x37decb) {
                                        return _0x430567(_0x100cf5, _0x252c55 - 0x1b5, _0x2d13ae - 0x1bc, _0x100cf5 - 0x116, _0x3b3f4a - -0x66);
                                    }
                                    function _0x471175(_0x3ddb6d, _0x7d557b, _0x4be195, _0x191917, _0x557830) {
                                        return _0x18146b(_0x3ddb6d - 0x18c, _0x7d557b - 0x1c1, _0x7d557b, _0x191917 - 0x1c, _0x4be195 - 0x23c);
                                    }
                                    function _0x197f67(_0x4d213d, _0x1dfad8, _0x307bb3, _0x45f338, _0x162e9c) {
                                        return _0x326aee(_0x1dfad8 - 0x1fa, _0x1dfad8 - 0x17c, _0x162e9c, _0x45f338 - 0x14a, _0x162e9c - 0x101);
                                    }
                                    _0x2351b7[_0x288414(0x4bf, 0x3ef, 0x257, 0x35f, 0x67c)](_0x397309, _0x566ecf) ? _0x5586f9[_0x479bae(0x62f, 0x362, '\x51\x39\x5b\x45', 0x2c4, 0x403) + _0x479bae(0x70, 0xa6, '\x71\x63\x52\x5a', -0x221, 0xc2)][_0x4b5943('\x30\x79\x54\x32', 0x345, 0xdb, 0x27e, 0x235)](_0x2351b7[_0xbca38e(-0xee, 0xcf, 0x89, -0x13e, -0xd)]) : _0x5586f9[_0x2d96fa(0x1df, 0x378, 0x220, 0x164, -0xdc) + _0x4b5943('\x4a\x7a\x5d\x6d', 0x1a3, 0xfa, 0xb0, 0x237)][_0x5b6efe('\x37\x58\x62\x66', 0x6d, 0x6f, -0x1f4, -0x1cc) + '\x65'](_0x2351b7[_0xbca38e(-0x167, 0xcf, 0x1ef, 0x122, 0x4b)]);
                                });
                        } catch (_0x3c57d3) {
                            if (_0x4ab141[_0xf291b8(0x476, 0x504, 0x29c, 0x2e6, 0x1a6)](_0x4ab141[_0x15e795(0x559, 0x6e2, 0x684, 0x58d, 0x4d1)], _0x4ab141[_0x370301(0x71c, '\x59\x40\x61\x51', 0x4df, 0x74a, 0x4f3)]))
                                _0x4ab141[_0x316fe9(0x887, 0x69c, 0x6be, 0x882, '\x63\x69\x61\x36')](_0x10d7f5, new Error(_0x4189e7(0x430, -0x34, -0x17, 0x29f, 0x9b) + _0x18146b(0x0, 0x56, '\x6b\x43\x4e\x59', -0x10d, 0xfc) + _0x316fe9(0x9bd, 0x736, 0x50a, 0x64a, '\x73\x4f\x32\x4f') + _0x3f738e('\x4a\x7a\x5d\x6d', -0x132, -0x120, -0x17c, -0x3c1) + _0x430567(0x5f0, 0x15e, 0x21a, 0x118, 0x3e8) + _0x316fe9(0x548, 0x412, 0x471, 0x63d, '\x30\x30\x42\x42') + '\x20' + _0x3c57d3[_0x3f738e('\x33\x4b\x74\x58', 0x23d, -0x3d, 0x342, 0x2eb) + '\x67\x65']));
                            else {
                                _0x3f419a[_0x18146b(-0x3a0, 0xc3, '\x6d\x54\x64\x4e', -0x2a, -0x12d)](_0x36b57f, _0x3f419a[_0x18146b(-0x1b9, -0x1eb, '\x64\x71\x4d\x7a', -0xdf, -0x3d)]);
                                return;
                            }
                        }
                    };
                    function _0x536a1b(_0x3aa949, _0x3a648f, _0x5dd72a, _0x29b62c, _0x2ac855) {
                        return _0x36c1c5(_0x29b62c, _0x3a648f - 0x153, _0x3a648f - -0x400, _0x29b62c - 0x15d, _0x2ac855 - 0x108);
                    }
                    function _0x31713f(_0x2876dc, _0x2dd667, _0x5e7e1b, _0x59a188, _0x363e37) {
                        return _0x36c1c5(_0x2876dc, _0x2dd667 - 0x95, _0x363e37 - -0x4c2, _0x59a188 - 0x153, _0x363e37 - 0x1a2);
                    }
                    _0x20deaf[_0x22f7e0(-0x12d, 0x132, -0x186, 0x11f, -0x1be) + '\x6f\x72'] = () => {
                        function _0x4e395f(_0x1c4aa4, _0x5b1c8a, _0x4a6d63, _0x26266b, _0xc162e7) {
                            return _0x536a1b(_0x1c4aa4 - 0xd5, _0x5b1c8a - 0x28, _0x4a6d63 - 0x109, _0xc162e7, _0xc162e7 - 0x103);
                        }
                        function _0x4b60a0(_0x166907, _0x511177, _0x24a13d, _0x259c5f, _0x4784e3) {
                            return _0x22f7e0(_0x259c5f - 0x2c6, _0x511177 - 0x144, _0x24a13d - 0x198, _0x259c5f - 0xba, _0x24a13d);
                        }
                        function _0x3525ce(_0x21a78e, _0x5b54f3, _0x579856, _0x56e218, _0x583be0) {
                            return _0x2267b0(_0x21a78e - 0x4a, _0x21a78e - -0xf3, _0x579856 - 0x110, _0x579856, _0x583be0 - 0x62);
                        }
                        function _0x56ea93(_0x150e7c, _0x4e9212, _0x1ae072, _0x5a7335, _0x3e667a) {
                            return _0x329476(_0x150e7c - 0x144, _0x4e9212 - 0x11b, _0x1ae072 - 0x11e, _0x1ae072 - 0x254, _0x4e9212);
                        }
                        const _0x2d77af = {
                            '\x42\x55\x76\x6b\x78': _0x3f419a[_0x13e97c('\x57\x55\x6f\x5e', 0x307, 0x287, 0x9e, 0xaa)],
                            '\x79\x75\x64\x70\x57': function (_0x387c4a) {
                                function _0x47c041(_0x28f2df, _0x596d2e, _0x2ebcb3, _0x54eeaa, _0x4cafac) {
                                    return _0x59f5(_0x28f2df - -0x1ad, _0x54eeaa);
                                }
                                return _0x3f419a[_0x47c041(-0xa, -0x6d, 0x2c5, -0xa, 0x37)](_0x387c4a);
                            },
                            '\x55\x48\x6f\x50\x63': function (_0x5e2625, _0x58088f) {
                                function _0x2c9b04(_0x382736, _0x525fcf, _0x14cf3d, _0x2b8b2f, _0x4a4d47) {
                                    return _0x59f5(_0x14cf3d - 0x150, _0x382736);
                                }
                                return _0x3f419a[_0x2c9b04(0x4a9, 0x71d, 0x549, 0x598, 0x584)](_0x5e2625, _0x58088f);
                            },
                            '\x50\x61\x74\x5a\x47': _0x3f419a[_0x50d64b(0x28b, 0x5e6, 0x402, 0x4b9, '\x31\x62\x52\x26')]
                        };
                        function _0x50d64b(_0x53c4e1, _0x43dd60, _0x38cea4, _0x37c72c, _0x1697ea) {
                            return _0x536a1b(_0x53c4e1 - 0x14f, _0x38cea4 - 0x193, _0x38cea4 - 0x20, _0x1697ea, _0x1697ea - 0xc3);
                        }
                        function _0x43383b(_0x4a1c33, _0x243dae, _0xc18899, _0x1bdd50, _0x4697a5) {
                            return _0x25bcf7(_0x1bdd50 - 0x169, _0x243dae - 0x1ce, _0xc18899 - 0xd3, _0x1bdd50 - 0x185, _0x243dae);
                        }
                        function _0x193bfb(_0x40e4fc, _0x55807a, _0x2c4b3d, _0x475f93, _0x563b52) {
                            return _0x21e2c5(_0x55807a - 0x59, _0x55807a - 0x1a4, _0x563b52, _0x475f93 - 0x1b3, _0x563b52 - 0x1d4);
                        }
                        function _0x13e97c(_0x50f5dd, _0x3aba56, _0x31c849, _0x174ed2, _0x22b537) {
                            return _0x19c31b(_0x50f5dd - 0x165, _0x3aba56 - 0x80, _0x31c849 - 0x92, _0x174ed2 - -0x170, _0x50f5dd);
                        }
                        function _0x50b7e3(_0x40b2fa, _0x5c4d22, _0x5bc8c7, _0x678953, _0x1c76e7) {
                            return _0x329476(_0x40b2fa - 0x159, _0x5c4d22 - 0x45, _0x5bc8c7 - 0x59, _0x5c4d22 - 0x4b7, _0x5bc8c7);
                        }
                        function _0x494c76(_0xb60738, _0x17fd33, _0x1128f4, _0x523579, _0x58e7ac) {
                            return _0x19c31b(_0xb60738 - 0x1d8, _0x17fd33 - 0xbb, _0x1128f4 - 0x61, _0x58e7ac - 0x33d, _0xb60738);
                        }
                        _0x3f419a[_0x494c76('\x62\x23\x34\x51', 0x693, 0x5fc, 0x8ac, 0x6c0)](_0x3f419a[_0x193bfb(0x599, 0x3f5, 0x6c9, 0x129, 0x2cc)], _0x3f419a[_0x193bfb(0x6f8, 0x95f, 0xc30, 0x7ec, 0x6a7)]) ? (_0x3b135b[_0x50d64b(0x170, 0x391, 0x26d, 0x1dc, '\x30\x79\x54\x32')](_0x2d77af[_0x3525ce(0x84e, 0x65d, '\x73\x62\x78\x6f', 0x603, 0x91d)], _0x5ccb64), _0x2d77af[_0x56ea93(0x695, 0x31f, 0x437, 0x200, 0x43a)](_0x2da10b), _0x2d77af[_0x50b7e3(0x5ed, 0x324, 0x420, 0x1d2, 0x1b1)](_0x16bf5a, _0x2d77af[_0x4e395f(0x271, 0x17e, 0x240, 0xc8, '\x4c\x6c\x59\x67')])) : _0x3f419a[_0x56ea93(0x5c5, 0x49d, 0x356, 0x1fa, 0x454)](_0x10d7f5, new Error(_0x3f419a[_0x193bfb(0x6e3, 0x973, 0x868, 0x6d2, 0xbfd)]));
                    }, _0x20deaf[_0x536a1b(0x139, 0x10c, 0x208, '\x47\x56\x68\x55', 0x24a)] = _0x80eafd;
                }), _0x16d427 = {};
            _0x16d427[_0x4bae88(0x636, 0x584, 0x4fc, '\x2a\x30\x31\x74', 0x8b2) + _0x42b1aa(0x689, 0x51f, 0x530, 0x4c1, 0x6e0)] = ![], _0x16d427[_0x36c1c5('\x62\x42\x4d\x31', 0xa7f, 0x81e, 0x62d, 0x83d) + '\x65\x64'] = ![], _0x16d427[_0x40a4f7(0x271, 0xb6, '\x56\x53\x38\x53', 0x19a, -0x2f) + _0x40a4f7(0x4fb, 0x2a1, '\x30\x4d\x30\x4b', 0x26c, 0x24c) + '\x73'] = ![], _0x16d427[_0x13ead9(0x2d, 0x28e, 0xa6, 0x2c2, 0x295) + _0x42b1aa(0x5cc, 0x431, 0x625, 0x52d, 0x4d3)] = ![], _0x16d427[_0x53dd59(0x413, 0x4f3, 0x6d4, 0x3cf, 0x732) + _0x251d5b(0x21a, 0x1e7, 0x49, 0x4b3, 0x284) + '\x6f\x6e'] = !![], _0x16d427[_0x53dd59(0x7c, 0x1c5, -0xec, 0x2e3, 0x2ca) + _0x40a4f7(-0xee, -0xd, '\x62\x36\x4d\x5a', 0x168, 0x20c) + '\x67\x58'] = !![], _0x16d427[_0x13ead9(0x49f, 0x3bb, 0x36a, 0x4fc, 0x29c) + _0x53dd59(0x528, 0x575, 0x352, 0x6b7, 0x678) + '\x67\x59'] = !![], _0x16d427[_0x42b1aa(0x476, 0x72f, 0x6d3, 0x608, 0x326) + _0x53dd59(0x48f, 0x28c, 0x137, 0x65, 0x17e) + _0xffbdca(0x437, 0x616, 0x443, 0x5bb, 0x1f2)] = !![], _0x16d427[_0x53dd59(0x246, 0xe9, 0x26f, -0x187, 0xad) + _0x42b1aa(0x619, 0x481, 0x727, 0x49c, 0x416) + _0x36c1c5('\x56\x53\x38\x53', 0x8d2, 0x9a0, 0xb3c, 0x909)] = !![], _0x2f0d57[_0xffbdca(0x3e6, 0x67f, 0x4d9, 0x406, 0x4ff)](_0x16d427), canvas[_0x251d5b(0x365, 0x441, 0x4f7, 0x30b, 0x4cd)](_0x2f0d57), canvas[_0x42b1aa(0x842, 0x648, 0x796, 0xa6b, 0x749) + _0x4bae88(0x690, 0x3cd, 0x942, '\x73\x62\x78\x6f', 0x7e8)](_0x2f0d57), currentImage = _0x2f0d57, emptyState[_0x13ead9(0x3a0, 0xf1, 0x4a4, 0x17, 0x275) + _0x251d5b(0x362, 0x1e4, 0x37f, 0x577, 0xab)][_0x53dd59(0x57b, 0x36e, 0x109, 0x562, 0x428)](_0x4ab141[_0x13ead9(0x787, 0x4fd, 0x6ab, 0x386, 0x573)]), canvasElement[_0x251d5b(0x195, 0x8f, 0x424, 0x43f, 0x1db) + _0x53dd59(0x13e, 0x36b, 0x23a, 0x5d5, 0x502)][_0xae9ffb(0x3f2, 0x448, 0x6cd, 0x3b6, '\x30\x79\x54\x32')](_0x4ab141[_0xae9ffb(0x40b, 0x5cf, 0x669, 0x81c, '\x63\x69\x61\x36')]), saveBtn[_0x42b1aa(0x8cb, 0x728, 0x808, 0x7e5, 0xa15) + _0x251d5b(0x540, 0x2ef, 0x4c6, 0x3bb, 0x348)] = ![], floatingDetectBtn[_0x251d5b(0x535, 0x762, 0x4dd, 0x6f8, 0x479) + _0xae9ffb(0x60, 0x1b3, 0x68, -0xe7, '\x42\x69\x4a\x23')] = ![], floatingDeleteBtn[_0x36c1c5('\x62\x36\x4d\x5a', 0x794, 0x5c7, 0x877, 0x450) + _0xffbdca(0x3d3, 0x692, 0x39a, 0x438, 0x3b0)] = !![], manualHatBtn[_0x4bae88(0x4af, 0x534, 0x6d9, '\x5a\x79\x28\x69', 0x1f6) + _0x42b1aa(0x8d6, 0x7f5, 0xa87, 0x943, 0x69b)] = ![], removeAllBtn[_0x1c8eca(0x1c7, 0x55d, '\x57\x55\x6f\x5e', 0x220, 0x498) + _0x13ead9(0x79f, 0x6dc, 0x6a6, 0x44e, 0x620)] = ![], addHatImageBtn[_0x42b1aa(0x8cb, 0x9a7, 0x6cb, 0xaa5, 0x61a) + _0x1c8eca(0x19e, 0xde, '\x4c\x6c\x59\x67', 0x43d, 0x2db)] = ![], flipBtn[_0xae9ffb(0x56b, 0x5aa, 0x7c5, 0x69b, '\x4a\x6d\x23\x26') + _0xffbdca(0x3d3, 0x462, 0x3da, 0x241, 0x599)] = ![], _0x4ab141[_0x4bae88(0x438, 0x1b8, 0x42e, '\x30\x79\x54\x32', 0x3e7)](updateDeleteButtonState);
        } else
            _0x7ffdba = VYiDyL[_0x36c1c5('\x30\x79\x54\x32', 0x82a, 0x7d0, 0x588, 0x9a8)](_0x3e405d, VYiDyL[_0x36c1c5('\x66\x49\x76\x67', 0x839, 0x658, 0x501, 0x444)](VYiDyL[_0x36c1c5('\x78\x63\x78\x75', 0x98e, 0x7ff, 0x631, 0x9f2)](VYiDyL[_0x4bae88(0x3cc, 0x582, 0x47d, '\x51\x23\x5e\x75', 0x301)], VYiDyL[_0x13ead9(0x823, 0x4f8, 0x795, 0x2f6, 0x598)]), '\x29\x3b'))();
    } catch (_0x368b58) {
        if (_0x4ab141[_0x4bae88(0x5f9, 0x349, 0x7d1, '\x57\x5b\x76\x42', 0x492)](_0x4ab141[_0x13ead9(0x34d, 0x4c3, 0x243, 0x4d9, 0x305)], _0x4ab141[_0x53dd59(-0xe2, 0x1ad, 0x45b, 0x8c, 0x100)]))
            _0x4ab141[_0xae9ffb(0x2ff, 0x27f, -0x19, 0x8a, '\x30\x4d\x30\x4b')](_0x23f2e);
        else {
            console[_0xffbdca(0x3b0, 0x419, 0x16d, 0x58c, 0xeb)](_0x4ab141[_0x13ead9(0x3f1, 0x364, 0x222, 0x3d2, 0x42b)], _0x368b58);
            throw _0x368b58;
        }
    }
}
async function detectFaceAndAddHat() {
    function _0x337da9(_0x4f9d9b, _0x2f08d3, _0x191706, _0xf14877, _0x17c755) {
        return _0x171a52(_0x4f9d9b - 0x77, _0x191706, _0x191706 - 0x1ee, _0x4f9d9b - 0x4f8, _0x17c755 - 0xc7);
    }
    function _0x4b4a9b(_0x263cd0, _0x27a01c, _0x445436, _0x10ab85, _0x8354a6) {
        return _0x171a52(_0x263cd0 - 0x102, _0x27a01c, _0x445436 - 0x15d, _0x10ab85 - 0x4a7, _0x8354a6 - 0x167);
    }
    function _0x437406(_0x523273, _0x63a11d, _0x539bc6, _0x1fec2c, _0x5a0e7c) {
        return _0x1821ba(_0x523273 - 0xe1, _0x63a11d - 0x11, _0x63a11d, _0x1fec2c - 0xa5, _0x523273 - -0x5c1);
    }
    const _0x339f3f = {
        '\x61\x50\x66\x4d\x78': function (_0x16763d, _0x53a8ae) {
            return _0x16763d(_0x53a8ae);
        },
        '\x61\x79\x69\x63\x7a': _0x337da9(0x4ba, 0x20a, '\x30\x30\x42\x42', 0x410, 0x55b) + _0x337da9(0x3e1, 0x387, '\x47\x56\x68\x55', 0x5f6, 0x39e),
        '\x53\x57\x6b\x70\x5a': _0x17e935(-0x1de, 0x1c3, 0x290, -0xc8, 0x70) + _0x17e935(-0x400, -0x1dd, -0x42b, -0x30e, -0x298),
        '\x61\x42\x42\x44\x4c': function (_0x3a3e11, _0x4e56e) {
            return _0x3a3e11 === _0x4e56e;
        },
        '\x49\x64\x42\x52\x64': function (_0x27eefc) {
            return _0x27eefc();
        },
        '\x77\x63\x59\x62\x43': function (_0x236b26, _0x11c867) {
            return _0x236b26(_0x11c867);
        },
        '\x53\x62\x68\x75\x56': _0x337da9(0x807, 0x7db, '\x69\x69\x69\x25', 0x72f, 0x838) + _0x51113f(0x7db, 0x6d0, 0x419, 0x865, '\x31\x62\x52\x26') + _0x4283b5(-0x2, -0x53, 0xc2, -0x293, 0x1ed),
        '\x7a\x76\x45\x49\x70': function (_0x567c87, _0x485fd4) {
            return _0x567c87(_0x485fd4);
        },
        '\x63\x57\x75\x52\x6d': function (_0x473df8) {
            return _0x473df8();
        },
        '\x47\x41\x69\x42\x48': _0x4283b5(-0xb6, -0x34, -0x189, -0xe6, -0x249) + '\u8d25\x3a',
        '\x71\x63\x43\x4b\x45': function (_0x1c9f43) {
            return _0x1c9f43();
        },
        '\x62\x6b\x63\x66\x43': function (_0x3086c6, _0x1d1d07) {
            return _0x3086c6(_0x1d1d07);
        },
        '\x54\x74\x72\x53\x4d': _0x437406(-0x25b, '\x62\x42\x4d\x31', -0x21a, 0x20, -0x446) + _0x337da9(0x4b1, 0x62e, '\x62\x42\x4d\x31', 0x4a8, 0x718) + _0xb31c4d(-0x82, 0x340, 0x1ea, 0x393, 0x1e5)
    };
    function _0x2f0009(_0x4a9d0c, _0x37c2dc, _0x465061, _0x168e9e, _0xb5286) {
        return _0xfe7fa6(_0x37c2dc - 0x400, _0x37c2dc - 0x1cc, _0x465061 - 0x14d, _0x465061, _0xb5286 - 0x2e);
    }
    function _0x5ad206(_0x391924, _0x1d2a5b, _0x5cdd5c, _0x218a82, _0x2bf91f) {
        return _0xfe7fa6(_0x218a82 - 0x2c5, _0x1d2a5b - 0x12b, _0x5cdd5c - 0x7c, _0x1d2a5b, _0x2bf91f - 0x2d);
    }
    function _0xb31c4d(_0x426778, _0x5ae8ab, _0x574aa9, _0x131b1a, _0x176528) {
        return _0x1363fa(_0x426778 - 0x24, _0x5ae8ab - 0x2c, _0x131b1a, _0x176528 - 0x120, _0x176528 - 0x86);
    }
    function _0x17e935(_0xff9860, _0xc00732, _0x10de8d, _0x3980e7, _0x4d6b6e) {
        return _0xfe7fa6(_0x4d6b6e - -0x74, _0xc00732 - 0x1f4, _0x10de8d - 0xd5, _0x10de8d, _0x4d6b6e - 0x156);
    }
    _0x339f3f[_0x51113f(0x34d, 0x14c, 0x3a7, 0x349, '\x67\x4f\x42\x23')](showLoading, _0x339f3f[_0x17e935(-0x91, -0x1ca, 0x136, 0x13e, -0xce)]);
    function _0x51113f(_0x2edc4a, _0x2b06f1, _0x3efffc, _0x40f5f2, _0x2b7aca) {
        return _0x171a52(_0x2edc4a - 0x12a, _0x2b7aca, _0x3efffc - 0x7a, _0x2b06f1 - 0x30c, _0x2b7aca - 0x160);
    }
    function _0x4283b5(_0x3c3609, _0x31a818, _0xa01e44, _0x5c3db2, _0x3a55a0) {
        return _0x1363fa(_0x3c3609 - 0x65, _0x31a818 - 0x4d, _0x5c3db2, _0x31a818 - -0x118, _0x3a55a0 - 0x1e4);
    }
    function _0x4766b6(_0x1d670d, _0x483377, _0xc69e97, _0x3436bf, _0x325866) {
        return _0x5ff5bb(_0x1d670d - 0x1a5, _0x483377 - 0x1b7, _0x483377, _0x3436bf - 0x4c4, _0x325866 - 0xbc);
    }
    try {
        const _0x13c75b = canvas[_0x2f0009(0x1af, 0x40c, 0x598, 0x4f9, 0x1b8) + _0x4283b5(0x4a1, 0x51e, 0x659, 0x529, 0x430)](_0x339f3f[_0x4283b5(0x2c3, 0x202, 0x3c3, 0x2dd, 0x2b6)]), _0x14cb58 = await faceapi[_0x4b4a9b(0x183, '\x67\x4f\x42\x23', 0x57c, 0x414, 0x264) + _0x4766b6(0x126, '\x33\x4b\x74\x58', 0x498, 0x3c5, 0x284)](_0x13c75b), _0x405ef8 = await faceapi[_0x4766b6(0x5e2, '\x56\x53\x38\x53', 0x82c, 0x806, 0x6ae) + _0x5ad206(0x62f, 0x727, 0x50f, 0x53a, 0x573) + _0x17e935(-0x30, 0x64, -0x244, -0x2b5, -0x1b7)](_0x14cb58, new faceapi[(_0x2f0009(0x557, 0x291, 0x2b4, 0x99, 0x126)) + (_0xb31c4d(0x848, 0x72d, 0x5d0, 0x8cc, 0x6aa)) + (_0x17e935(0x91, -0x213, -0x5b, 0xec, -0x27)) + (_0xb31c4d(0x8b2, 0x421, 0x979, 0x54f, 0x6f4)) + (_0x5ad206(0x547, 0x715, 0x34e, 0x53c, 0x7eb))]())[_0x437406(-0x22c, '\x73\x4f\x32\x4f', -0x97, -0x220, -0x374) + _0x4766b6(0x53b, '\x6b\x43\x4e\x59', 0x618, 0x73c, 0x469) + _0x437406(-0x1c, '\x67\x4f\x42\x23', 0x250, -0x21e, -0x14e) + '\x6b\x73']();
        if (_0x339f3f[_0x4b4a9b(0x8f3, '\x33\x4b\x74\x58', 0x7e7, 0x6cd, 0x62c)](_0x405ef8[_0x51113f(0x72a, 0x4df, 0x434, 0x3cd, '\x35\x6b\x56\x43') + '\x68'], -0x7 * 0x221 + 0x24e + -0x19 * -0x81)) {
            _0x339f3f[_0x51113f(0xc5, 0x173, 0x43c, -0x160, '\x62\x23\x34\x51')](hideLoading), _0x339f3f[_0x4b4a9b(0x332, '\x45\x45\x75\x6a', 0x20d, 0x43e, 0x300)](showMessage, _0x339f3f[_0x437406(0x293, '\x31\x36\x5d\x32', 0x220, 0x3ed, -0x23)]);
            return;
        }
        for (const _0x4beb25 of _0x405ef8) {
            await _0x339f3f[_0x437406(-0x18c, '\x32\x47\x67\x76', 0x47, -0x349, -0xb1)](addHatToDetection, _0x4beb25);
        }
        canvas[_0x17e935(0x5a, -0x151, 0x36, -0x28b, -0x1ec) + _0xb31c4d(0xc4, 0x339, 0x311, 0x549, 0x294)](), _0x339f3f[_0xb31c4d(0x5ac, 0x4a6, 0x5da, 0x910, 0x715)](hideLoading);
    } catch (_0x13504b) {
        console[_0x4766b6(0x744, '\x45\x45\x75\x6a', 0x38d, 0x50e, 0x317)](_0x339f3f[_0x17e935(-0x45, 0xa8, -0x76, 0xc4, -0xaa)], _0x13504b), _0x339f3f[_0x4b4a9b(0x3a2, '\x32\x47\x67\x76', 0x543, 0x5d3, 0x578)](hideLoading), _0x339f3f[_0x51113f(0x206, 0x3cb, 0x51c, 0x4f5, '\x4c\x6c\x59\x67')](showMessage, _0x339f3f[_0x437406(-0x4b, '\x26\x5a\x4c\x5a', 0x174, 0x52, -0x19d)]);
    }
}
async function addHatToDetection(_0x317733) {
    function _0x51b3e9(_0x1b644a, _0x55221b, _0x4efc2d, _0x4074f5, _0x1c0870) {
        return _0x5ff5bb(_0x1b644a - 0x185, _0x55221b - 0x4d, _0x4efc2d, _0x1b644a - 0x5c9, _0x1c0870 - 0x18);
    }
    const _0x18149b = {
            '\x4d\x4d\x73\x65\x4b': function (_0x1a65f5, _0x489a98) {
                return _0x1a65f5 / _0x489a98;
            },
            '\x4d\x4b\x76\x4e\x4e': function (_0x1ea141, _0x525ac2) {
                return _0x1ea141 + _0x525ac2;
            },
            '\x64\x6b\x63\x63\x53': function (_0x26b577, _0xb5fd8b) {
                return _0x26b577 / _0xb5fd8b;
            },
            '\x4d\x41\x43\x57\x4d': function (_0x2f707e, _0x561f5d) {
                return _0x2f707e * _0x561f5d;
            },
            '\x72\x49\x4e\x6b\x6b': function (_0x1e551f, _0x3e8578) {
                return _0x1e551f * _0x3e8578;
            },
            '\x68\x69\x6b\x79\x6c': function (_0x443b7c, _0x32d42c) {
                return _0x443b7c - _0x32d42c;
            },
            '\x61\x44\x6a\x41\x64': function (_0x292661, _0x1faecd) {
                return _0x292661 * _0x1faecd;
            },
            '\x41\x44\x6e\x64\x7a': function (_0x49ae5c, _0x4f29bc, _0x5d81c3, _0x12f9f6, _0x5c6745) {
                return _0x49ae5c(_0x4f29bc, _0x5d81c3, _0x12f9f6, _0x5c6745);
            }
        }, _0x436db2 = _0x317733[_0x4f8e37(0x7b1, 0x5c1, 0x4dd, 0x61a, 0x3ef) + _0x3d21a3(0x854, 0x77a, 0x64d, 0x8d0, 0x91a)], _0x1e8e87 = _0x317733[_0x4fb30c('\x67\x4f\x42\x23', 0xfb, 0x6a, 0xff, -0x26) + _0x337f7b(0x9a8, 0xaf4, '\x30\x30\x42\x42', 0x6bb, 0x874)][_0x22dc04(0x4c7, 0x510, 0x2ce, 0x76e, 0x651)], _0x52301a = _0x436db2[_0x337f7b(0x8d8, 0x81a, '\x67\x4f\x42\x23', 0x6d0, 0x908) + '\x73\x65'](), _0x3e37db = _0x436db2[_0x3cc2dd(0x5fe, 0x29b, '\x67\x4f\x42\x23', 0x558, 0x355) + _0x22dc04(0x511, 0x5eb, 0x54e, 0x698, 0x5ad)]();
    function _0xa96f8b(_0x3d7701, _0x112a9f, _0x1cf1f6, _0x581bff, _0x110e9e) {
        return _0x2e84ec(_0x112a9f, _0x3d7701 - -0x1a1, _0x1cf1f6 - 0x11b, _0x581bff - 0x31, _0x110e9e - 0x109);
    }
    const _0x48f74e = _0x436db2[_0x22dc04(0x4d0, 0x309, 0x55b, 0x1e4, 0x398) + _0x51b3e9(0x562, 0x3ba, '\x46\x39\x77\x64', 0x668, 0x81e) + '\x65'](), _0x51590f = _0x18149b[_0x4fb30c('\x42\x69\x4a\x23', 0x9e, 0x231, -0x6d, -0xb4)](_0x18149b[_0x4fb30c('\x59\x40\x61\x51', -0x152, -0xdc, -0x2b8, -0x370)](_0x3e37db[0x5 * 0x31d + 0x3 * -0x6df + -0x2 * -0x286]['\x78'], _0x48f74e[0x1 * -0x1f37 + 0x1a2d * 0x1 + 0x56 * 0xf]['\x78']), 0x1347 + 0xa25 + -0x1d6a), _0x5a8b15 = _0x18149b[_0x4fb30c('\x57\x5b\x76\x42', 0x19, 0x3f, -0x158, 0x26)](_0x18149b[_0x3d21a3(0x316, 0x3a2, 0x500, 0x314, 0x510)](_0x3e37db[0x5d4 * -0x2 + 0x18a8 + -0xd00]['\x79'], _0x48f74e[0x14bc + 0x3 * -0xd03 + 0x124d]['\x79']), -0x1 * 0xe4b + 0xfb8 + 0x16b * -0x1), _0x5e2b1f = _0x18149b[_0xa4f5b7(0x3bd, 0x2f6, 0x56b, 0x493, 0x579)](_0x1e8e87[_0x4fb30c('\x6b\x43\x4e\x59', -0x6a, -0x2fc, -0x35, -0x317)], -0x2 * 0x18d + -0x27 * -0xaf + -0x29e * 0x9 + 0.19999999999999996);
    function _0x22dc04(_0x438098, _0x35cc5a, _0x545d1d, _0x16448f, _0x18bc4c) {
        return _0xfe7fa6(_0x35cc5a - 0x51b, _0x35cc5a - 0xe6, _0x545d1d - 0x166, _0x545d1d, _0x18bc4c - 0x1a6);
    }
    function _0x337f7b(_0xe8f5ad, _0x49a04f, _0x157fe2, _0x290008, _0x51c532) {
        return _0x171a52(_0xe8f5ad - 0x132, _0x157fe2, _0x157fe2 - 0x35, _0x51c532 - 0x651, _0x51c532 - 0xa1);
    }
    const _0x3ab01f = _0x18149b[_0x4f8e37(0x5d4, 0x630, 0x41c, 0x51a, 0x7c5)](_0x5e2b1f, 0xb * -0x1f1 + 0x908 + -0x1 * -0xc53 + 0.8), _0x3ab663 = _0x18149b[_0x337f7b(0x662, 0x791, '\x37\x58\x62\x66', 0x891, 0x7cf)](_0x51590f, _0x18149b[_0x3d21a3(0x7a3, 0x67b, 0x7f0, 0x74d, 0x92a)](_0x5e2b1f, -0x28 * -0xc7 + -0x3 * 0xad6 + -0x5b * -0x4));
    function _0x16a580(_0x172713, _0x4b3247, _0x4e8d1f, _0x18efb0, _0x29f750) {
        return _0x501b6e(_0x172713 - 0x58, _0x4e8d1f - 0x2a0, _0x4b3247, _0x18efb0 - 0x13e, _0x29f750 - 0x1c7);
    }
    function _0x4f8e37(_0x5d3026, _0x47b87b, _0x43926a, _0x176541, _0x3ddee6) {
        return _0x28a984(_0x47b87b, _0x47b87b - 0x9c, _0x176541 - 0x56b, _0x176541 - 0x21, _0x3ddee6 - 0x29);
    }
    function _0xa4f5b7(_0x4a35d1, _0x489957, _0x299495, _0x121fb1, _0x566197) {
        return _0x28a984(_0x4a35d1, _0x489957 - 0x56, _0x121fb1 - 0x34f, _0x121fb1 - 0xb9, _0x566197 - 0xcd);
    }
    function _0x3d21a3(_0x237d72, _0x307b85, _0x2d64f7, _0x114a5e, _0x1d0b8b) {
        return _0xfe7fa6(_0x307b85 - 0x45e, _0x307b85 - 0x132, _0x2d64f7 - 0xbd, _0x237d72, _0x1d0b8b - 0x1c5);
    }
    function _0x3cc2dd(_0x75d7dd, _0x3bf9b8, _0x2dafa9, _0x4f4d03, _0xf7b3e8) {
        return _0x171a52(_0x75d7dd - 0x1f2, _0x2dafa9, _0x2dafa9 - 0x104, _0x4f4d03 - 0x48e, _0xf7b3e8 - 0x169);
    }
    const _0x107001 = _0x18149b[_0x4fb30c('\x59\x40\x61\x51', 0x345, 0x351, 0x5fb, 0x1c0)](_0x5a8b15, _0x18149b[_0x16a580(0x39d, '\x23\x6f\x67\x75', 0x45d, 0x5f2, 0x66d)](_0x3ab01f, 0x22ed + -0x175f + -0xb8e + 0.9));
    function _0x4fb30c(_0x167970, _0x36844b, _0x4107bc, _0x5f4dc6, _0x25c365) {
        return _0x1821ba(_0x167970 - 0x4a, _0x36844b - 0x12f, _0x167970, _0x5f4dc6 - 0xf7, _0x36844b - -0x5be);
    }
    await _0x18149b[_0x4f8e37(0x413, 0x8a0, 0x34c, 0x618, 0x39a)](addHatToCanvas, _0x3ab663, _0x107001, _0x5e2b1f, _0x3ab01f);
}
async function addHatToCanvas(_0x494e6f, _0x53f4d2, _0x4fe7ea, _0x322faf) {
    function _0xb12713(_0x1d1825, _0x24b845, _0x3d7eee, _0x520809, _0x5c81a0) {
        return _0x5ff5bb(_0x1d1825 - 0x4b, _0x24b845 - 0x191, _0x3d7eee, _0x520809 - 0x34a, _0x5c81a0 - 0xce);
    }
    function _0x32b2a2(_0x126618, _0x287f77, _0x36fdf6, _0x5839a8, _0x1d2e30) {
        return _0x171a52(_0x126618 - 0xa8, _0x5839a8, _0x36fdf6 - 0x1e8, _0x126618 - 0xd8, _0x1d2e30 - 0xae);
    }
    const _0x4645b5 = {
        '\x67\x49\x70\x6d\x66': function (_0x404e2b) {
            return _0x404e2b();
        },
        '\x47\x52\x46\x46\x55': function (_0x566b54, _0x3f069a) {
            return _0x566b54(_0x3f069a);
        },
        '\x69\x76\x6d\x78\x5a': function (_0x57bc37, _0x50c31e) {
            return _0x57bc37 === _0x50c31e;
        },
        '\x76\x58\x51\x63\x78': _0xb12713(0x200, 0x3a9, '\x51\x39\x5b\x45', 0x320, 0x12f),
        '\x5a\x74\x56\x6c\x55': function (_0x24fd7d, _0x36a1f0) {
            return _0x24fd7d(_0x36a1f0);
        },
        '\x58\x78\x47\x6b\x55': function (_0xcc4ec5, _0xdc97db) {
            return _0xcc4ec5(_0xdc97db);
        },
        '\x65\x62\x59\x62\x73': _0x53ac93(0x256, 0x3e1, 0x1b5, 0x198, 0x40d) + _0x3e6fd1(0x52, -0x48, -0xa5, 0x4c, -0x266) + _0xeabf69(0x1f9, -0x4f, 0x233, -0x8, 0x3fb) + _0x53ac93(0x1e4, 0x271, 0x2a0, 0x3d2, 0x435) + _0xeabf69(0x37c, 0x473, 0x15e, 0x5e8, 0x5c2),
        '\x6e\x6c\x42\x6d\x43': _0x32b2a2(-0xa5, -0x41, -0x264, '\x31\x62\x52\x26', -0xaf) + _0x35ec2b(0x920, '\x31\x62\x52\x26', 0x84b, 0x81d, 0x657),
        '\x59\x4e\x70\x6b\x6d': function (_0x274a84, _0x74d263) {
            return _0x274a84 !== _0x74d263;
        },
        '\x76\x44\x51\x61\x6f': _0x32b2a2(-0xa3, 0xf9, 0x67, '\x42\x69\x4a\x23', 0x172),
        '\x6a\x43\x52\x62\x4d': _0x2e7e40(0xaa, 0x170, 0x243, -0xe0, 0xa7) + _0xeabf69(0x232, 0x220, 0x399, 0x2c1, 0x50),
        '\x79\x7a\x79\x52\x56': function (_0x5171f7, _0x30a149) {
            return _0x5171f7 / _0x30a149;
        },
        '\x59\x52\x57\x6c\x63': _0xb12713(-0x134, 0x1e, '\x51\x23\x5e\x75', 0x199, 0x363) + '\u8d25\x3a',
        '\x6a\x42\x66\x69\x72': _0x3e6fd1(-0x11b, 0x147, -0xfb, -0x128, 0x17b) + _0x1071db(0x29e, 0x27c, 0x47b, 0x1d0, 0x375)
    };
    function _0x34ea99(_0x47d5cc, _0xc1da96, _0x20c3b8, _0x25a0d1, _0x200217) {
        return _0x171a52(_0x47d5cc - 0x9, _0xc1da96, _0x20c3b8 - 0x13c, _0x20c3b8 - -0xfd, _0x200217 - 0x1c8);
    }
    function _0x3e6fd1(_0x397b54, _0x352fce, _0x33f3ec, _0x605cc8, _0x4f2bf7) {
        return _0x5a40d5(_0x352fce, _0x33f3ec - -0x2a4, _0x33f3ec - 0x69, _0x605cc8 - 0x197, _0x4f2bf7 - 0xaa);
    }
    function _0x53ac93(_0x11a9fc, _0x3ce716, _0x3f53aa, _0x3fce1c, _0x1e5f8c) {
        return _0x2e84ec(_0x1e5f8c, _0x11a9fc - -0x552, _0x3f53aa - 0x1ec, _0x3fce1c - 0x1ef, _0x1e5f8c - 0xd1);
    }
    function _0x2e7e40(_0x5676e6, _0x4cc8f1, _0x52b974, _0x5dee76, _0x2da2c1) {
        return _0x28a984(_0x5676e6, _0x4cc8f1 - 0x31, _0x4cc8f1 - 0x1cf, _0x5dee76 - 0xb9, _0x2da2c1 - 0x53);
    }
    function _0x1071db(_0xf67b44, _0x27fda0, _0x116949, _0x180b66, _0x539154) {
        return _0x5a40d5(_0x180b66, _0x539154 - -0x12c, _0x116949 - 0x16f, _0x180b66 - 0x42, _0x539154 - 0xea);
    }
    function _0xeabf69(_0x236d15, _0x3e86b5, _0x1fe638, _0x4cdec3, _0xf8d9d8) {
        return _0x28a984(_0x1fe638, _0x3e86b5 - 0x16e, _0x236d15 - -0xe3, _0x4cdec3 - 0x16b, _0xf8d9d8 - 0x12a);
    }
    function _0x35ec2b(_0x33f894, _0x3f92f7, _0xb2b61, _0x3342d7, _0x338d9b) {
        return _0x48aa3b(_0x3f92f7, _0x3f92f7 - 0x1cd, _0xb2b61 - 0x2, _0x3342d7 - 0x1ec, _0xb2b61 - 0x375);
    }
    const _0x4850f6 = [
        ...hatImages,
        ...customHatImages
    ];
    if (_0x4645b5[_0x2e7e40(0x366, 0x56d, 0x3a1, 0x3cf, 0x4e1)](_0x4850f6[_0x1071db(-0x156, -0x357, 0x9c, 0x95, -0x145) + '\x68'], -0x183e + -0x26 * 0x3c + -0x2 * -0x1093)) {
        if (_0x4645b5[_0xeabf69(-0x125, 0xd, -0x1da, -0x5d, -0xbd)](_0x4645b5[_0x2e7e40(0x16a, 0x36d, 0x53c, 0x2b3, 0x1df)], _0x4645b5[_0x32b2a2(-0x6c, 0xc8, 0xd8, '\x62\x42\x4d\x31', 0x146)]))
            _0x4645b5[_0x34ea99(-0x219, '\x6d\x54\x64\x4e', -0xe5, -0x2af, -0xbf)](_0x2068e8);
        else {
            _0x4645b5[_0xb12713(0x43b, 0x610, '\x2a\x30\x31\x74', 0x42d, 0x29a)](alert, _0x4645b5[_0x53ac93(-0x73, -0x2c9, 0x3a, 0x151, 0x201)]);
            return;
        }
    }
    const _0x3e08c0 = _0x4850f6[selectedHatIndex], _0x391c81 = _0x3e08c0[_0xeabf69(-0x173, -0x23d, 0x67, 0xa6, -0x64)] || _0x3e08c0;
    function _0x2d21c8(_0x489914, _0x396abf, _0x4ff271, _0x36f42d, _0x58c6d8) {
        return _0x5ff5bb(_0x489914 - 0x1b0, _0x396abf - 0xe3, _0x396abf, _0x489914 - 0x273, _0x58c6d8 - 0x50);
    }
    try {
        const _0x44c724 = await new Promise((_0x353461, _0x23a6d7) => {
                function _0x22891f(_0x5eb450, _0x58b5c6, _0x597cc, _0x4ecdf9, _0x198878) {
                    return _0x3e6fd1(_0x5eb450 - 0x1e8, _0x4ecdf9, _0x198878 - 0x470, _0x4ecdf9 - 0xc8, _0x198878 - 0x4a);
                }
                const _0x5b7c3a = {
                        '\x61\x47\x42\x6e\x54': function (_0x4f1831, _0x1022c4) {
                            function _0x4c1f4d(_0x352db4, _0x53103c, _0x57b10d, _0x38584e, _0x225314) {
                                return _0x59f5(_0x38584e - 0x325, _0x57b10d);
                            }
                            return _0x4645b5[_0x4c1f4d(0x55d, 0x339, 0x79c, 0x5bc, 0x506)](_0x4f1831, _0x1022c4);
                        },
                        '\x59\x42\x42\x44\x78': _0x4645b5[_0x3d899c(0x11d, '\x62\x23\x34\x51', 0x5, 0x31f, 0x175)]
                    }, _0xe95e84 = new Image();
                _0xe95e84[_0x9df074(0x23, -0x32d, -0x264, -0xd0, 0x175) + _0x9df074(0x1d0, -0xa7, 0x26a, 0x76, 0xf4) + '\x6e'] = _0x4645b5[_0x9df074(-0x2f6, 0x8f, 0xea, -0x30, -0x182)];
                function _0x9df074(_0x97d491, _0x5d37cc, _0x3c1a43, _0x4d7c3b, _0xfae3db) {
                    return _0xeabf69(_0x4d7c3b - -0xe6, _0x5d37cc - 0x141, _0x97d491, _0x4d7c3b - 0x5d, _0xfae3db - 0x105);
                }
                function _0x23b5f0(_0x5584a0, _0x167b58, _0x10b938, _0x562549, _0xa28057) {
                    return _0x1071db(_0x5584a0 - 0x161, _0x167b58 - 0x186, _0x10b938 - 0x79, _0x5584a0, _0x10b938 - 0xf3);
                }
                function _0x29f658(_0xc6b63e, _0x39c30a, _0x512853, _0x2b4cf4, _0x10fe7c) {
                    return _0x32b2a2(_0x2b4cf4 - 0x51e, _0x39c30a - 0x4a, _0x512853 - 0xc4, _0xc6b63e, _0x10fe7c - 0x132);
                }
                _0xe95e84[_0x11ee08(0x537, 0x3c9, 0x3c1, '\x32\x47\x67\x76', 0x546) + '\x64'] = () => {
                    function _0x30ee7a(_0x5b1ad4, _0x183f69, _0x3ea840, _0x288fab, _0x1d3c7f) {
                        return _0x9df074(_0x183f69, _0x183f69 - 0x7, _0x3ea840 - 0x10, _0x1d3c7f - 0x29d, _0x1d3c7f - 0x83);
                    }
                    function _0x1fbe3c(_0x40fdd9, _0x413180, _0x1be35a, _0x300222, _0x2a9e62) {
                        return _0x9df074(_0x413180, _0x413180 - 0x1f2, _0x1be35a - 0x75, _0x40fdd9 - 0x2bb, _0x2a9e62 - 0xd5);
                    }
                    function _0x35d600(_0x32b9ca, _0xdf7f60, _0x410107, _0x565f1f, _0x554789) {
                        return _0x22891f(_0x32b9ca - 0xcb, _0xdf7f60 - 0xd0, _0x410107 - 0x144, _0x565f1f, _0xdf7f60 - -0x3d5);
                    }
                    function _0x269f1b(_0x569c3e, _0x6e67a4, _0x3c9eb5, _0x565a7f, _0x3488b8) {
                        return _0x3d899c(_0x6e67a4 - 0x18f, _0x565a7f, _0x3c9eb5 - 0x4e, _0x565a7f - 0x15f, _0x3488b8 - 0x1c2);
                    }
                    function _0x36e504(_0x231f22, _0xfb7e36, _0x547cd6, _0x5ec37a, _0x148ea7) {
                        return _0x9df074(_0x547cd6, _0xfb7e36 - 0x191, _0x547cd6 - 0x1f2, _0x231f22 - 0xc, _0x148ea7 - 0x70);
                    }
                    function _0x50b708(_0x32fa4e, _0x2ba5a2, _0x1ce669, _0xbbfdad, _0x456f5d) {
                        return _0x11ee08(_0x32fa4e - 0x36, _0x2ba5a2 - 0x387, _0x1ce669 - 0xd6, _0x32fa4e, _0x456f5d - 0x1d7);
                    }
                    function _0x4a8265(_0x4b8d49, _0x6740d8, _0x2912a7, _0x5ec2e8, _0x2598ac) {
                        return _0x22891f(_0x4b8d49 - 0x148, _0x6740d8 - 0x6b, _0x2912a7 - 0x121, _0x2912a7, _0x6740d8 - -0x398);
                    }
                    function _0x1d1025(_0xcc2414, _0x436adf, _0x5b7db3, _0x45d67b, _0x221b6e) {
                        return _0x3d899c(_0x5b7db3 - -0xb5, _0xcc2414, _0x5b7db3 - 0xda, _0x45d67b - 0x80, _0x221b6e - 0x94);
                    }
                    function _0x25747d(_0x76d8a0, _0x25685f, _0x22200c, _0x23d939, _0x106998) {
                        return _0x3d899c(_0x76d8a0 - 0x31f, _0x23d939, _0x22200c - 0xab, _0x23d939 - 0x15f, _0x106998 - 0x1dd);
                    }
                    function _0xf1afbb(_0x2cd60c, _0x4a83ce, _0x4e2f1a, _0x968bde, _0x1bea4a) {
                        return _0x11ee08(_0x2cd60c - 0x5f, _0x4a83ce - -0x2af, _0x4e2f1a - 0x1b8, _0x1bea4a, _0x1bea4a - 0xff);
                    }
                    try {
                        const _0x3b562e = new fabric[(_0x1d1025('\x2a\x30\x31\x74', 0x22d, 0x363, 0x471, 0x2ae))](_0xe95e84);
                        _0x4645b5[_0x1fbe3c(0x423, 0x2fc, 0x4be, 0x543, 0x329)](_0x353461, _0x3b562e);
                    } catch (_0x47a6e4) {
                        if (_0x4645b5[_0x1d1025('\x2a\x45\x4d\x79', 0x147, 0x27e, 0xa1, 0x3fd)](_0x4645b5[_0x269f1b(0x424, 0x323, 0x341, '\x63\x69\x61\x36', 0xa2)], _0x4645b5[_0x35d600(-0x2f4, -0x178, -0x364, 0x83, -0x32e)]))
                            _0x4645b5[_0x1d1025('\x71\x63\x52\x5a', 0x256, 0x22f, 0x47, 0xc0)](_0x23a6d7, new Error(_0x1fbe3c(0x3a4, 0x1eb, 0x2f6, 0x31e, 0x608) + _0x1fbe3c(0x229, 0x371, 0x2b4, 0x353, 0x377) + _0x35d600(0x30, 0x10d, 0x2b2, 0x239, 0x16) + _0x1d1025('\x2a\x30\x31\x74', 0x32e, 0x591, 0x508, 0x80f) + _0x35d600(-0xdf, 0x0, -0x5d, 0x275, 0xeb) + _0x36e504(-0x33, -0x1f2, -0xee, 0x170, -0x247) + _0x47a6e4[_0x1fbe3c(0x1d9, -0x5e, 0x335, 0x13c, 0xf7) + '\x67\x65']));
                        else {
                            if (_0x525254) {
                                const _0x5c74bb = _0x1c9c57[_0x269f1b(0x685, 0x590, 0x561, '\x23\x4a\x43\x36', 0x858)](_0x215131, arguments);
                                return _0xdd01cc = null, _0x5c74bb;
                            }
                        }
                    }
                }, _0xe95e84[_0x2a0cd8(-0xe0, 0xf8, -0x21, '\x64\x71\x4d\x7a', -0x12e) + '\x6f\x72'] = () => {
                    function _0x9475c(_0x395912, _0x22cbfa, _0x1a116c, _0x58cec6, _0x284cae) {
                        return _0x11ee08(_0x395912 - 0x13a, _0x395912 - 0x3b3, _0x1a116c - 0x69, _0x58cec6, _0x284cae - 0xd3);
                    }
                    function _0x353cbc(_0x56dac6, _0x5effe0, _0x23d459, _0x1ba0f7, _0x1b0f8c) {
                        return _0x11ee08(_0x56dac6 - 0x29, _0x56dac6 - 0xb4, _0x23d459 - 0x4b, _0x5effe0, _0x1b0f8c - 0x1b9);
                    }
                    _0x5b7c3a[_0x353cbc(0x1b7, '\x62\x36\x4d\x5a', 0x34, 0x251, 0x2be)](_0x23a6d7, new Error(_0x5b7c3a[_0x9475c(0x842, 0x641, 0x5a4, '\x37\x58\x62\x66', 0xb0f)]));
                };
                function _0x11ee08(_0x58ca7a, _0x1bbbbe, _0x570cbc, _0x3009b2, _0x79ceb0) {
                    return _0xb12713(_0x58ca7a - 0x2b, _0x1bbbbe - 0x18f, _0x3009b2, _0x1bbbbe - -0x44, _0x79ceb0 - 0x1a4);
                }
                function _0x3d899c(_0x3c27c6, _0x30c9d9, _0x3506b7, _0x7b1587, _0x5bbc29) {
                    return _0x2d21c8(_0x3c27c6 - 0xcf, _0x30c9d9, _0x3506b7 - 0x1d7, _0x7b1587 - 0xd6, _0x5bbc29 - 0x1d8);
                }
                function _0x2a0cd8(_0x5d44a2, _0x673dfd, _0x8118d9, _0x4bfa08, _0x475039) {
                    return _0x34ea99(_0x5d44a2 - 0x1aa, _0x4bfa08, _0x8118d9 - 0x87, _0x4bfa08 - 0xe, _0x475039 - 0x1c3);
                }
                _0xe95e84[_0x3d899c(0x450, '\x23\x6f\x67\x75', 0x725, 0x5be, 0x27e)] = _0x391c81;
            }), _0x2d8b73 = _0x4645b5[_0x35ec2b(0x428, '\x51\x39\x5b\x45', 0x562, 0x2db, 0x5d3)](_0x4fe7ea, _0x44c724[_0x2d21c8(0x19d, '\x32\x47\x67\x76', 0x2bc, 0x174, 0x4d)]), _0x294f76 = _0x4645b5[_0x32b2a2(0x1f1, 0x42a, 0x4bc, '\x31\x36\x5d\x32', 0x2d4)](_0x322faf, _0x44c724[_0x53ac93(0x14f, 0x32d, 0x2c3, 0xec, 0x3e7) + '\x74']), _0x582578 = {};
        _0x582578[_0x35ec2b(0x5fc, '\x69\x69\x69\x25', 0x6f8, 0x9a3, 0x95e)] = _0x494e6f, _0x582578[_0x2e7e40(0x31c, 0x33f, 0x7a, 0xc4, 0x5dd)] = _0x53f4d2, _0x582578[_0x3e6fd1(-0x141, -0x2cb, -0x29d, -0x1e1, -0x284) + '\x58'] = _0x2d8b73, _0x582578[_0x3e6fd1(-0x3ab, -0x4c9, -0x29d, -0x54b, -0x241) + '\x59'] = _0x294f76, _0x582578[_0x1071db(0x2d0, -0x9e, -0xba, -0x196, 0x94) + _0xb12713(0x595, 0x2f6, '\x63\x69\x61\x36', 0x3fe, 0x215)] = !![], _0x582578[_0x2e7e40(0x2bf, 0x29d, 0x149, 0x254, 0x2a) + _0x1071db(-0x1fb, 0x17f, -0x344, -0x18d, -0xbe) + '\x73'] = !![], _0x582578[_0x32b2a2(-0x1e, 0x24e, -0x236, '\x32\x47\x67\x76', -0x269) + _0x2d21c8(0x101, '\x37\x58\x62\x66', -0x8c, 0xe2, -0xe8)] = !![], _0x582578[_0x2e7e40(0x277, 0x51f, 0x4cc, 0x7c8, 0x2c9) + _0x53ac93(0x24, 0x18, -0x123, 0x229, 0x102) + '\x6f\x6e'] = ![], _0x582578[_0x2e7e40(0x2e7, 0x1f1, 0x2ae, 0x17f, 0x348) + _0x53ac93(0x376, 0x586, 0x400, 0x51e, 0x14c) + '\x67\x58'] = ![], _0x582578[_0x1071db(-0x19c, 0xec, 0x6, -0xc3, -0x42) + _0x32b2a2(-0xce, 0x1ea, 0x17a, '\x49\x59\x4a\x56', -0xf8) + '\x67\x59'] = ![], _0x582578[_0x53ac93(-0x116, -0x76, 0x4b, 0x31, -0x393) + _0x2d21c8(0x45, '\x69\x69\x69\x25', 0x30e, -0x28a, -0x22b) + _0x3e6fd1(0x18d, 0x4c, 0x22e, 0x42d, 0x2b0)] = ![], _0x582578[_0x34ea99(0x9a, '\x26\x5a\x4c\x5a', -0xce, 0x16e, 0x1a4) + _0x3e6fd1(-0x86, 0x57, -0xf3, 0x48, -0x239) + _0xb12713(0x6f3, 0x328, '\x51\x23\x5e\x75', 0x588, 0x4cc)] = ![], _0x44c724[_0x2e7e40(0x604, 0x588, 0x702, 0x42f, 0x5fd)](_0x582578), _0x44c724[_0x32b2a2(-0x17, 0x212, -0x75, '\x57\x55\x6f\x5e', -0x7) + _0x34ea99(-0x72, '\x35\x6b\x56\x43', -0x13a, -0x28b, 0x11d)] = !![], canvas[_0x32b2a2(-0x5, 0x133, 0x294, '\x2a\x45\x4d\x79', 0xf1)](_0x44c724), canvas[_0xb12713(0x1bf, 0x236, '\x6e\x7a\x39\x6e', 0x3e9, 0x640) + _0xeabf69(0x5, 0xc, 0xda, -0x185, 0x134) + _0x53ac93(0x25, -0xe0, 0x42, 0x273, 0x11)](_0x44c724), hatObjects[_0xeabf69(0x3c, -0xaa, 0x3e, 0x209, 0xba)](_0x44c724), canvas[_0x35ec2b(0x5bd, '\x6d\x54\x64\x4e', 0x3ec, 0x567, 0x33d) + _0x1071db(-0x262, -0x148, -0x286, -0x260, -0xd2)]();
    } catch (_0x49760f) {
        console[_0x2d21c8(0x29c, '\x73\x62\x78\x6f', 0x171, 0xed, 0x178)](_0x4645b5[_0x35ec2b(0x805, '\x6e\x7a\x39\x6e', 0x568, 0x624, 0x3d7)], _0x49760f), _0x4645b5[_0x2e7e40(0x2cf, 0x500, 0x4bf, 0x56b, 0x5a2)](alert, _0x4645b5[_0x2d21c8(0x3d2, '\x47\x56\x68\x55', 0x32d, 0x218, 0x616)]);
    }
}
async function addManualHat() {
    const _0xd2602a = {
        '\x77\x43\x41\x69\x47': function (_0x257d90, _0x42bef0) {
            return _0x257d90 === _0x42bef0;
        },
        '\x44\x53\x63\x59\x59': _0x2205f2(0x716, 0x596, 0x707, 0x9b6, 0x5ff),
        '\x4f\x76\x7a\x59\x73': function (_0x3b071b, _0x1b457e) {
            return _0x3b071b(_0x1b457e);
        },
        '\x4f\x73\x43\x5a\x74': _0x39603b(-0xe9, 0x1a, 0x1b2, '\x32\x47\x67\x76', 0x9f) + '\u7247',
        '\x6b\x4d\x68\x4e\x6d': function (_0x46b195, _0x2bee9c) {
            return _0x46b195 * _0x2bee9c;
        },
        '\x61\x4b\x43\x68\x79': function (_0x21266e, _0x3acfa2) {
            return _0x21266e * _0x3acfa2;
        },
        '\x74\x76\x69\x52\x53': function (_0x587139, _0x54f46f) {
            return _0x587139 / _0x54f46f;
        },
        '\x65\x46\x44\x5a\x45': function (_0x31dcae, _0x134d3b) {
            return _0x31dcae - _0x134d3b;
        },
        '\x4e\x68\x79\x4e\x75': function (_0x5303e7, _0x39d55e) {
            return _0x5303e7 * _0x39d55e;
        },
        '\x6c\x71\x55\x79\x50': function (_0x2ccc67, _0x39591e, _0x2b6171, _0xadbe19, _0x21587e) {
            return _0x2ccc67(_0x39591e, _0x2b6171, _0xadbe19, _0x21587e);
        }
    };
    if (!currentImage) {
        if (_0xd2602a[_0x39603b(0xe3, 0xda, 0x14b, '\x2a\x30\x31\x74', 0x4a)](_0xd2602a[_0xca95f4(0xd3, -0xc0, 0x1d6, 0x1ff, 0x140)], _0xd2602a[_0xca95f4(-0x35, -0x16, 0x33b, 0x276, 0x140)])) {
            _0xd2602a[_0x2d4fdb(0x40d, 0x405, 0x2cf, 0x45, 0x40a)](alert, _0xd2602a[_0x75e1e8(0x4d3, 0x549, 0x7ec, '\x64\x71\x4d\x7a', 0x646)]);
            return;
        } else
            return ![];
    }
    function _0x2d4fdb(_0x1e31da, _0x3f5f34, _0x4ce244, _0x47c8ec, _0x3dd803) {
        return _0x2e84ec(_0x1e31da, _0x4ce244 - -0x29b, _0x4ce244 - 0xc, _0x47c8ec - 0xb3, _0x3dd803 - 0x2c);
    }
    const _0x3fe821 = canvas[_0x596d5a(0x35c, 0x49b, 0x38f, 0x72a, 0x5a1) + _0x39603b(0x91, 0x1e9, 0xc6, '\x64\x71\x4d\x7a', -0x17a)](), _0x5edfcb = canvas[_0x75e1e8(0x351, 0x472, 0x452, '\x42\x69\x4a\x23', 0x2ae) + _0x1dd508(0x3bd, 0x2be, 0x198, '\x64\x71\x4d\x7a', 0x1ae)](), _0x388f54 = _0xd2602a[_0x75e1e8(0x36a, 0x1fa, 0x47e, '\x62\x36\x4d\x5a', 0x3ca)](_0x3fe821, -0xaa7 + -0x1 * 0x1c3d + 0x26e4 * 0x1 + 0.3), _0x320818 = _0xd2602a[_0x2d4fdb(0x508, 0x60e, 0x3b7, 0x36a, 0x5c0)](_0x388f54, -0x120 * -0x1a + 0x14 + 0x4 * -0x755 + 0.8);
    function _0x3f1bbe(_0x213a39, _0x4a446a, _0x498aad, _0x211f0a, _0x18e3be) {
        return _0x1821ba(_0x213a39 - 0x85, _0x4a446a - 0x1cb, _0x211f0a, _0x211f0a - 0x101, _0x498aad - 0x11b);
    }
    function _0xca95f4(_0x2efc90, _0x19554d, _0x4192f8, _0x564a7d, _0x47a2aa) {
        return _0x5a40d5(_0x564a7d, _0x47a2aa - 0x10e, _0x4192f8 - 0x1ca, _0x564a7d - 0x57, _0x47a2aa - 0x17e);
    }
    function _0x4f922e(_0x3e5f7e, _0xfe5ca7, _0x43357d, _0x15460a, _0x5b577e) {
        return _0x5ff5bb(_0x3e5f7e - 0x14b, _0xfe5ca7 - 0x185, _0x3e5f7e, _0x43357d - 0x10e, _0x5b577e - 0x183);
    }
    function _0x2205f2(_0x5e1307, _0x49722d, _0x132179, _0x36de6f, _0x288ff3) {
        return _0x28a984(_0x132179, _0x49722d - 0xe2, _0x5e1307 - 0x46d, _0x36de6f - 0x1ac, _0x288ff3 - 0x9b);
    }
    const _0x1d9006 = _0xd2602a[_0x2d4fdb(0x5ae, 0x4ff, 0x4ad, 0x3c7, 0x361)](_0xd2602a[_0x2d4fdb(0x4c3, 0x3f4, 0x491, 0x584, 0x54b)](_0x3fe821, _0x388f54), 0x1 * 0x2515 + 0x462 + -0x2975);
    function _0x75e1e8(_0x1c48bd, _0x3538e3, _0x46cdb0, _0x100405, _0x38b82e) {
        return _0x171a52(_0x1c48bd - 0x40, _0x100405, _0x46cdb0 - 0xca, _0x38b82e - 0x3af, _0x38b82e - 0x10a);
    }
    function _0x596d5a(_0x3a2612, _0x406748, _0x5b04a9, _0x304788, _0x5f1338) {
        return _0x2e84ec(_0x304788, _0x406748 - -0x2d6, _0x5b04a9 - 0x151, _0x304788 - 0x6c, _0x5f1338 - 0xff);
    }
    const _0x4f09b3 = _0xd2602a[_0x1dd508(0x22a, 0x2bf, 0x417, '\x35\x6b\x56\x43', 0x2cd)](_0x5edfcb, 0x18e9 + -0x99c + 0xf4d * -0x1 + 0.1);
    function _0x39603b(_0x387f7b, _0x1e003a, _0x349c74, _0x213ec8, _0x2ec773) {
        return _0x501b6e(_0x387f7b - 0xb0, _0x349c74 - 0x1, _0x213ec8, _0x213ec8 - 0x199, _0x2ec773 - 0xd9);
    }
    function _0x1dd508(_0x167c2a, _0x44680a, _0x195178, _0x447f47, _0x3e055f) {
        return _0x171a52(_0x167c2a - 0x185, _0x447f47, _0x195178 - 0x7e, _0x44680a - 0xd7, _0x3e055f - 0x133);
    }
    function _0xd0a91d(_0x24d19d, _0x112697, _0x13ce6b, _0x58a450, _0x4c704f) {
        return _0x2e84ec(_0x24d19d, _0x13ce6b - -0x209, _0x13ce6b - 0x166, _0x58a450 - 0x6f, _0x4c704f - 0x1db);
    }
    await _0xd2602a[_0x2d4fdb(0x680, 0x737, 0x62a, 0x64e, 0x87b)](addHatToCanvas, _0x1d9006, _0x4f09b3, _0x388f54, _0x320818);
}
function _0xfe7fa6(_0x8b86da, _0x59a70f, _0x36aea2, _0x55cc51, _0x2a08d1) {
    return _0x59f5(_0x8b86da - -0x2f9, _0x55cc51);
}
function removeSelectedHat() {
    function _0xeb3bd8(_0x49aa0c, _0x51fbd2, _0x107705, _0x4c402d, _0x324bbe) {
        return _0x501b6e(_0x49aa0c - 0xaf, _0x51fbd2 - -0x27d, _0x4c402d, _0x4c402d - 0xf1, _0x324bbe - 0x47);
    }
    const _0x34843d = {
            '\x79\x63\x6f\x4e\x55': function (_0x648377, _0x41cfe2) {
                return _0x648377(_0x41cfe2);
            },
            '\x4e\x70\x69\x65\x58': _0xeb3bd8(0x2d, -0x142, -0x3f3, '\x67\x4f\x42\x23', -0xe6) + _0x6b6017(-0x269, -0x2a, -0x3f1, -0x19c, -0x203),
            '\x5a\x6a\x64\x48\x54': function (_0x46f736, _0x5c9abb) {
                return _0x46f736 > _0x5c9abb;
            },
            '\x75\x5a\x4a\x42\x63': function (_0xb36f7d) {
                return _0xb36f7d();
            },
            '\x4b\x69\x6a\x41\x71': function (_0x5b73e0, _0x5d9b82) {
                return _0x5b73e0(_0x5d9b82);
            },
            '\x54\x71\x5a\x6f\x41': _0x511caa(0x5a7, 0x32a, 0x5c6, 0x386, 0x46f),
            '\x48\x6c\x57\x56\x76': function (_0x27b983, _0x5b5dce) {
                return _0x27b983 === _0x5b5dce;
            },
            '\x6a\x5a\x50\x4f\x6f': _0xeb3bd8(0xcc, 0x2a6, 0x406, '\x32\x47\x67\x76', 0x404),
            '\x61\x46\x59\x72\x6f': _0xeb3bd8(0x7f, 0x2e3, 0xd9, '\x66\x49\x76\x67', 0x465),
            '\x44\x6a\x46\x4c\x75': function (_0x587edc, _0x1e632b) {
                return _0x587edc(_0x1e632b);
            },
            '\x72\x6a\x70\x53\x47': function (_0x36e246, _0x900f84) {
                return _0x36e246 > _0x900f84;
            },
            '\x62\x6b\x64\x75\x6f': function (_0x2b5808) {
                return _0x2b5808();
            }
        }, _0x59234c = canvas[_0x47e053(0x841, 0x6a8, 0x58a, '\x57\x5b\x76\x42', 0x7df) + _0xeb3bd8(0x210, 0x30b, 0x7f, '\x73\x62\x78\x6f', 0x565) + _0x47d869(0x132, 0x494, 0x2b0, '\x73\x62\x78\x6f', 0x259)]();
    if (!_0x59234c || !_0x59234c[_0xf8e932(0x12d, 0x47f, 0x143, 0x47c, 0x281) + _0x47e053(0x4af, 0x247, 0x186, '\x71\x63\x52\x5a', 0xff)]) {
        if (_0x34843d[_0x6b6017(0x2b4, 0x32d, -0xa7, 0x6d, 0x66)](_0x34843d[_0x1fa5c7(0x6c6, 0x653, 0x882, 0x52d, 0x6f8)], _0x34843d[_0x47d869(0x89a, 0x847, 0x64d, '\x5a\x79\x28\x69', 0x780)])) {
            const _0x165e2c = _0x3c39a0[_0x511caa(0x1b9, 0x76, -0x160, -0x70, 0xf7) + _0x511caa(-0x12a, 0x33, 0x210, 0x86, 0x211) + _0x47e053(0x51c, 0x4f6, 0x543, '\x78\x5a\x73\x58', 0x78f)]();
            if (!_0x165e2c || !_0x165e2c[_0x1fa5c7(0x7a9, 0x75e, 0x6f9, 0x54c, 0x7a4) + _0xf8e932(0x390, 0x4dd, 0x5b4, 0x44a, 0x437)]) {
                _0x34843d[_0x49f0c4(0x25f, 0x4c5, '\x46\x39\x77\x64', 0x492, 0x193)](_0x3c4f06, _0x34843d[_0xef6313(0x9a3, 0x753, 0xa0c, 0x7c0, 0xbed)]);
                return;
            }
            const _0x535ac5 = _0x264b47[_0xeb3bd8(0x8f, 0x11c, 0x3c, '\x69\x69\x69\x25', 0x313) + '\x4f\x66'](_0x165e2c);
            _0x34843d[_0x1fa5c7(0x8e7, 0x629, 0x966, 0x78c, 0x92a)](_0x535ac5, -(0x6b7 + 0x3 * -0x2cc + 0x5 * 0x56)) && _0x3ad208[_0x47d869(-0x28, 0x1ff, 0x24a, '\x6d\x54\x64\x4e', 0x48d) + '\x65'](_0x535ac5, 0x1 * -0x23fb + 0xf * 0x65 + 0x2b * 0xb3), _0x4fcaf2[_0x1fa5c7(0x573, 0x447, 0x2a3, 0x772, 0x6a5) + '\x65'](_0x165e2c), _0x1e3fb6[_0x1fa5c7(0x540, 0x311, 0x51c, 0x78d, 0x680) + _0x49f0c4(0x6a8, 0x816, '\x62\x42\x4d\x31', 0x5d4, 0x787) + _0x6b6017(0x3f5, 0x187, 0x3ee, 0x1b8, 0x118) + _0x6b6017(0x2dc, 0xa7, 0x522, 0x2b8, 0x439)](), _0x4a81e5[_0x47e053(0x16f, 0x3d7, 0x3b0, '\x33\x4b\x74\x58', 0x54b) + _0x47d869(0x876, 0x904, 0x714, '\x6e\x7a\x39\x6e', 0x651)](), _0x34843d[_0x49b192('\x6d\x54\x64\x4e', 0x4cd, 0x2b3, 0x53f, 0x43c)](_0x1b8226), _0x34843d[_0x49f0c4(0x584, 0x64f, '\x32\x47\x67\x76', 0x423, 0x552)](_0x56f1a3, _0x34843d[_0xeb3bd8(-0x14e, -0x124, -0x24f, '\x73\x4f\x32\x4f', -0x62)]);
        } else {
            _0x34843d[_0xef6313(0x7d5, 0x8bc, 0x978, 0x66d, 0x637)](showMessage, _0x34843d[_0xeb3bd8(0x3e8, 0x27b, 0x70, '\x57\x55\x6f\x5e', 0x23a)]);
            return;
        }
    }
    function _0x511caa(_0xebb4e4, _0x388c9a, _0x1dfdb3, _0x2e9874, _0x163efb) {
        return _0x2e84ec(_0x163efb, _0x388c9a - -0x5ab, _0x1dfdb3 - 0x12b, _0x2e9874 - 0x187, _0x163efb - 0xbb);
    }
    function _0x49b192(_0x33ca2c, _0x34b146, _0x24bf9c, _0x25665b, _0x20b8c3) {
        return _0x48aa3b(_0x33ca2c, _0x34b146 - 0x12c, _0x24bf9c - 0xe8, _0x25665b - 0x144, _0x24bf9c - -0xdf);
    }
    const _0x487214 = hatObjects[_0x47d869(0x5a6, 0x483, 0x5d0, '\x57\x55\x6f\x5e', 0x40b) + '\x4f\x66'](_0x59234c);
    function _0x47d869(_0x4d1502, _0x2edd27, _0x2db676, _0x2c89af, _0x4f76d2) {
        return _0x171a52(_0x4d1502 - 0x19f, _0x2c89af, _0x2db676 - 0x1f2, _0x2db676 - 0x383, _0x4f76d2 - 0xc9);
    }
    function _0xef6313(_0xeca3fd, _0x1ea3cb, _0x2095c0, _0x5e4aa2, _0x1f97cd) {
        return _0x1363fa(_0xeca3fd - 0x4a, _0x1ea3cb - 0x181, _0x1f97cd, _0xeca3fd - 0x37b, _0x1f97cd - 0xeb);
    }
    function _0x1fa5c7(_0x16c2de, _0x3418e7, _0x1d7dce, _0x137bca, _0x64207d) {
        return _0x28a984(_0x3418e7, _0x3418e7 - 0x59, _0x16c2de - 0x58c, _0x137bca - 0x5c, _0x64207d - 0x199);
    }
    function _0x47e053(_0x3e3025, _0x38df20, _0x23cf44, _0x23f6cb, _0x4f4934) {
        return _0x171a52(_0x3e3025 - 0xbd, _0x23f6cb, _0x23cf44 - 0x109, _0x38df20 - 0x394, _0x4f4934 - 0x46);
    }
    _0x34843d[_0x49b192('\x42\x69\x4a\x23', -0xe6, -0x137, 0x111, -0xfe)](_0x487214, -(-0xf61 + 0x967 + -0x5fb * -0x1)) && hatObjects[_0xeb3bd8(0x35d, 0x346, 0x4f8, '\x46\x39\x77\x64', 0x594) + '\x65'](_0x487214, -0x1d3b + -0x9d9 * -0x1 + 0x1363);
    function _0x6b6017(_0x100a09, _0x52a0a6, _0x2c5bc1, _0x177862, _0x59a1bc) {
        return _0x2e84ec(_0x59a1bc, _0x177862 - -0x611, _0x2c5bc1 - 0x96, _0x177862 - 0x16b, _0x59a1bc - 0x16e);
    }
    canvas[_0x1fa5c7(0x573, 0x3e3, 0x3fe, 0x510, 0x2ea) + '\x65'](_0x59234c);
    function _0x49f0c4(_0x523361, _0x2796d0, _0x455ac2, _0x142081, _0xc08f9d) {
        return _0x5ff5bb(_0x523361 - 0x6d, _0x2796d0 - 0x10, _0x455ac2, _0x523361 - 0x389, _0xc08f9d - 0x43);
    }
    canvas[_0x49f0c4(0x5bd, 0x7c7, '\x31\x62\x52\x26', 0x534, 0x614) + _0x49f0c4(0x682, 0x7a5, '\x33\x47\x4c\x21', 0x41c, 0x861) + _0xeb3bd8(0x3df, 0x1ce, 0x2de, '\x71\x63\x52\x5a', 0x304) + _0x47d869(0x3de, 0x34b, 0x2bf, '\x42\x69\x4a\x23', 0x183)]();
    function _0xf8e932(_0x345624, _0x1749fc, _0x420e2b, _0x15f2e0, _0x1ac3fe) {
        return _0x1363fa(_0x345624 - 0x65, _0x1749fc - 0x134, _0x15f2e0, _0x1ac3fe - -0x17e, _0x1ac3fe - 0x6a);
    }
    canvas[_0x1fa5c7(0x504, 0x6eb, 0x693, 0x34f, 0x2d4) + _0x47d869(0x558, 0x63e, 0x3cf, '\x67\x4f\x42\x23', 0x40e)](), _0x34843d[_0x511caa(-0x7f, 0xae, 0x1f9, -0x21d, 0x1d2)](updateDeleteButtonState), _0x34843d[_0xf8e932(0x37b, -0x10f, 0x243, 0x2f1, 0x19f)](showMessage, _0x34843d[_0x511caa(0x35, 0x108, -0x193, 0x353, -0x5c)]);
}
function updateDeleteButtonState() {
    function _0x54c0da(_0x36cbff, _0x52e637, _0xe0af2e, _0x39fc8a, _0x53fb6d) {
        return _0x5ff5bb(_0x36cbff - 0x8a, _0x52e637 - 0x89, _0x52e637, _0x53fb6d - 0x12c, _0x53fb6d - 0x174);
    }
    function _0x2989cf(_0x11c62b, _0xfebdd1, _0x14daf2, _0x476879, _0x5341d1) {
        return _0x5ff5bb(_0x11c62b - 0x139, _0xfebdd1 - 0xb6, _0x11c62b, _0x14daf2 - 0x16, _0x5341d1 - 0x18a);
    }
    function _0x8bff17(_0x133bb3, _0x3dbd94, _0x3a58ea, _0x13a87e, _0x24e36f) {
        return _0xfe7fa6(_0x24e36f - 0x3cf, _0x3dbd94 - 0x88, _0x3a58ea - 0x77, _0x3a58ea, _0x24e36f - 0xfa);
    }
    function _0x1bca47(_0x1d072c, _0x12767c, _0x233da5, _0x5f429b, _0x245b3d) {
        return _0x2e84ec(_0x245b3d, _0x12767c - -0x1d0, _0x233da5 - 0x15, _0x5f429b - 0x126, _0x245b3d - 0x1d5);
    }
    const _0x281957 = canvas[_0x173108(0x50b, '\x49\x59\x4a\x56', 0x443, 0x3c7, 0x5b4) + _0x8bff17(0x4ad, 0x58c, 0x45a, 0x193, 0x3c7) + _0x2989cf('\x74\x6c\x52\x49', 0x324, 0x174, 0x386, 0x252)]();
    function _0x1712d6(_0x25c77f, _0x1c1cfb, _0xc10693, _0x2870b8, _0x44c807) {
        return _0x1821ba(_0x25c77f - 0x44, _0x1c1cfb - 0x4d, _0x25c77f, _0x2870b8 - 0x12, _0x2870b8 - 0x10f);
    }
    function _0x173108(_0x410c8d, _0x31fa28, _0x31b493, _0x1fea7b, _0x14d993) {
        return _0x48aa3b(_0x31fa28, _0x31fa28 - 0x70, _0x31b493 - 0x28, _0x1fea7b - 0xbb, _0x410c8d - 0x178);
    }
    function _0x20b65f(_0x3b29eb, _0xeac60d, _0x281749, _0xed8f29, _0x506ff9) {
        return _0x171a52(_0x3b29eb - 0x5d, _0x3b29eb, _0x281749 - 0x1d0, _0xeac60d - 0x4dc, _0x506ff9 - 0x68);
    }
    function _0x1cbd05(_0x5ce61c, _0x44db4a, _0x193ecf, _0x5d999a, _0x3042b2) {
        return _0x2e84ec(_0x44db4a, _0x193ecf - -0x6c7, _0x193ecf - 0x2e, _0x5d999a - 0x179, _0x3042b2 - 0x1e9);
    }
    _0x281957 && _0x281957[_0x2989cf('\x23\x4a\x43\x36', 0x1cd, 0x248, 0x433, -0x13) + _0x2989cf('\x5d\x77\x72\x78', -0x217, 0x7d, 0xc4, -0x1ed)] ? floatingDeleteBtn[_0x8bff17(0x78f, 0x917, 0x6f5, 0x415, 0x67a) + _0x2989cf('\x4c\x6c\x59\x67', -0x1bc, -0x1db, -0x43d, -0xaa)] = ![] : floatingDeleteBtn[_0x1bca47(0x84b, 0x6c1, 0x6d9, 0x547, 0x6a7) + _0x20b65f('\x32\x47\x67\x76', 0x60b, 0x6b0, 0x7ff, 0x702)] = !![];
}
function removeAllHats() {
    function _0x46c5cd(_0x3b24bc, _0x1c1ac7, _0x25959c, _0x51eab4, _0x2e84fd) {
        return _0x28a984(_0x1c1ac7, _0x1c1ac7 - 0xc5, _0x2e84fd - 0x2de, _0x51eab4 - 0x9a, _0x2e84fd - 0x134);
    }
    const _0x1e05d0 = {
        '\x63\x4f\x70\x64\x71': _0x508b1d(0x3ab, 0x34a, 0x471, 0x540, 0x667) + '\x6e',
        '\x43\x46\x55\x4b\x73': _0x5ea0e1('\x51\x39\x5b\x45', 0x241, 0x362, 0x463, 0x54a) + _0x5ea0e1('\x33\x4b\x74\x58', 0x364, 0x145, 0x34a, 0x20a) + _0x508b1d(0xc, 0x278, 0x14c, 0x296, -0x206),
        '\x75\x6c\x75\x63\x73': function (_0x28dee9, _0x5788ef) {
            return _0x28dee9 === _0x5788ef;
        },
        '\x43\x6d\x61\x52\x69': function (_0x5a764f, _0xdb80a1) {
            return _0x5a764f !== _0xdb80a1;
        },
        '\x57\x63\x4e\x53\x70': _0x50f5d4(0x9e1, 0x941, 0x6b9, 0x76f, 0x850),
        '\x48\x57\x48\x68\x53': _0x55523f(0x9fb, 0x96f, 0xb37, '\x62\x23\x34\x51', 0x799),
        '\x74\x67\x74\x4e\x70': function (_0x20b1c0, _0x1ae087) {
            return _0x20b1c0(_0x1ae087);
        },
        '\x7a\x66\x69\x4d\x74': _0x46c5cd(0x5ae, 0x391, 0x23a, 0x4c, 0x2e3) + '\u5e3d\u5b50',
        '\x52\x61\x71\x65\x4f': function (_0x46f086) {
            return _0x46f086();
        },
        '\x75\x77\x4a\x6c\x4e': _0x46c5cd(0x42d, 0x2cf, 0x3ae, 0x296, 0x335) + '\u5e3d\u5b50'
    };
    function _0x50a195(_0x2d3925, _0x3661ef, _0x5beb68, _0x3bbc0f, _0x4ac00a) {
        return _0x501b6e(_0x2d3925 - 0x41, _0x3bbc0f - 0x310, _0x4ac00a, _0x3bbc0f - 0x1f, _0x4ac00a - 0x7f);
    }
    if (_0x1e05d0[_0x13a94c(0x586, 0x122, 0x30c, 0x2a9, 0x119)](hatObjects[_0x55523f(0x7c6, 0x8c2, 0xb24, '\x31\x36\x5d\x32', 0xa16) + '\x68'], 0x1574 + -0x2 * -0x496 + -0x38 * 0x8c)) {
        if (_0x1e05d0[_0x47ef44(0xde, -0x91, '\x32\x47\x67\x76', 0x239, -0xac)](_0x1e05d0[_0x5ea0e1('\x66\x49\x76\x67', 0x311, 0x340, 0x42c, 0x571)], _0x1e05d0[_0x46c5cd(0x486, 0x443, 0x4ed, 0x5ce, 0x5e5)])) {
            _0x1e05d0[_0x1edaa2('\x33\x47\x4c\x21', 0x6fd, 0x312, 0x497, 0x271)](showMessage, _0x1e05d0[_0x50f5d4(0x499, 0x99c, 0x516, 0x72f, 0x8ef)]);
            return;
        } else {
            _0x569151[_0x5ea0e1('\x4a\x6d\x23\x26', 0x11b, 0xca, -0x52, 0x1bb) + _0x13a94c(0x6b2, 0x3cd, 0x4a3, 0x1f5, 0x443)][_0x1edaa2('\x59\x40\x61\x51', 0x5f2, 0x82e, 0x6b2, 0x8f9) + '\x65'](_0x1e05d0[_0x13a94c(0x326, 0x546, 0x5bf, 0x5f4, 0x5c8)]);
            const _0x611144 = _0x2c7668[_0x508b1d(0x3e9, 0x26d, 0x20a, 0x60b, 0x24a) + _0x1edaa2('\x73\x4f\x32\x4f', 0x1f5, 0x416, 0x17a, 0x1d4) + _0x55523f(0x7f3, 0x543, 0x7f1, '\x57\x55\x6f\x5e', 0x5ed)](_0x1e05d0[_0x55523f(0x75a, 0x48d, 0x725, '\x5a\x79\x28\x69', 0x57c)]);
            _0x611144 && (_0x611144[_0x508b1d(0x2c3, 0x37b, 0x50f, 0x34e, 0x1da) + _0x1edaa2('\x78\x5a\x73\x58', 0x510, 0x6a1, 0x51c, 0x781) + '\x74'] = _0x15f3f4);
        }
    }
    hatObjects[_0x13a94c(0x479, 0x309, 0x4d3, 0x40e, 0x31a) + '\x63\x68'](_0x5c79e5 => {
        function _0x3ffb38(_0x52b962, _0x939fc2, _0x3648f2, _0x3b589e, _0x4179fa) {
            return _0x508b1d(_0x4179fa - 0x3c8, _0x939fc2 - 0x1c4, _0x3648f2 - 0x74, _0x52b962, _0x4179fa - 0xb8);
        }
        canvas[_0x3ffb38(0x68e, 0x2f9, 0x13b, 0x2e5, 0x3cf) + '\x65'](_0x5c79e5);
    });
    function _0x47ef44(_0x38ea70, _0x3eebd2, _0x299b52, _0x2fc6e8, _0x20cd3e) {
        return _0x171a52(_0x38ea70 - 0x16f, _0x299b52, _0x299b52 - 0xfc, _0x38ea70 - -0xc3, _0x20cd3e - 0x24);
    }
    hatObjects = [];
    function _0x1edaa2(_0x24dbd2, _0x4890d6, _0x431630, _0x3d9679, _0x241262) {
        return _0x5ff5bb(_0x24dbd2 - 0xe5, _0x4890d6 - 0xaf, _0x24dbd2, _0x3d9679 - 0x34f, _0x241262 - 0x41);
    }
    function _0x55523f(_0xd1eece, _0x200885, _0x57cee2, _0x1e2ac8, _0x387e45) {
        return _0x501b6e(_0xd1eece - 0x57, _0x200885 - 0x395, _0x1e2ac8, _0x1e2ac8 - 0x166, _0x387e45 - 0xc9);
    }
    canvas[_0x50f5d4(0x2ee, 0x48a, 0x535, 0x2e7, 0xd5) + _0x55523f(0x6a6, 0x8ba, 0x7fd, '\x2a\x30\x31\x74', 0x8ac) + _0x55523f(0x69b, 0x73e, 0x6e5, '\x49\x59\x4a\x56', 0x929) + _0x5ea0e1('\x5d\x77\x72\x78', 0x4b1, 0x304, 0x162, 0x395)]();
    function _0x2885f8(_0x52421c, _0x17d87c, _0x2cc19a, _0x51952a, _0x371da6) {
        return _0x28a984(_0x17d87c, _0x17d87c - 0x176, _0x51952a - -0x73, _0x51952a - 0x1c1, _0x371da6 - 0xdf);
    }
    function _0x13a94c(_0x24be16, _0x13f012, _0x8e0056, _0x2f014a, _0x48332b) {
        return _0xfe7fa6(_0x8e0056 - 0x3cb, _0x13f012 - 0x119, _0x8e0056 - 0xee, _0x24be16, _0x48332b - 0x1d2);
    }
    function _0x50f5d4(_0x119c34, _0x41b4e6, _0x5d7b36, _0x10f156, _0x227204) {
        return _0xfe7fa6(_0x10f156 - 0x423, _0x41b4e6 - 0x21, _0x5d7b36 - 0x140, _0x5d7b36, _0x227204 - 0x7d);
    }
    canvas[_0x50a195(0x35a, 0x83d, 0x694, 0x5ca, '\x33\x4b\x74\x58') + _0x1edaa2('\x5a\x79\x28\x69', 0x542, 0x6c9, 0x4df, 0x2c4)]();
    function _0x508b1d(_0x1131e0, _0x5ba539, _0x528cdf, _0x2330dd, _0x3b554e) {
        return _0x1363fa(_0x1131e0 - 0x9, _0x5ba539 - 0x1d0, _0x2330dd, _0x1131e0 - -0x1c2, _0x3b554e - 0x194);
    }
    function _0x5ea0e1(_0x4e2f2b, _0xa31bb1, _0x4e7675, _0x547157, _0x4755f4) {
        return _0x171a52(_0x4e2f2b - 0x102, _0x4e2f2b, _0x4e7675 - 0xf4, _0x4e7675 - 0x23d, _0x4755f4 - 0x1af);
    }
    _0x1e05d0[_0x47ef44(0x1fc, 0x4a7, '\x45\x45\x75\x6a', 0x3cd, 0x3dd)](updateDeleteButtonState), _0x1e05d0[_0x46c5cd(0x7b1, 0x74a, 0x844, 0x58e, 0x60e)](showMessage, _0x1e05d0[_0x55523f(0x82c, 0x6b5, 0x42e, '\x23\x6f\x67\x75', 0x972)]);
}
async function handleHatImageSelect(_0x4a4e93) {
    function _0x2aedf9(_0x541c37, _0x221e68, _0x42257, _0x3db38b, _0xcb17af) {
        return _0x1363fa(_0x541c37 - 0x95, _0x221e68 - 0x1e8, _0x541c37, _0x221e68 - 0x33e, _0xcb17af - 0x176);
    }
    function _0x36826d(_0x27829a, _0x21b0c0, _0x4d143d, _0xed5ce3, _0x195f59) {
        return _0x501b6e(_0x27829a - 0x133, _0x27829a - 0x412, _0xed5ce3, _0xed5ce3 - 0xb8, _0x195f59 - 0x1a3);
    }
    const _0x2cb9ae = {
        '\x42\x52\x61\x47\x51': function (_0x222c44, _0x4d66cd) {
            return _0x222c44 + _0x4d66cd;
        },
        '\x74\x6c\x75\x58\x7a': _0x2c6871(0x51e, 0x359, '\x2a\x30\x31\x74', 0x42d, 0x400),
        '\x53\x46\x78\x51\x4d': _0x42a251(0x58d, 0x4a7, 0x484, 0x481, 0x3ac),
        '\x49\x68\x4b\x74\x4a': _0x2aedf9(0x335, 0x589, 0x320, 0x2db, 0x312) + '\x6e',
        '\x41\x6e\x72\x51\x57': function (_0x1c4a29, _0x5742a4) {
            return _0x1c4a29 !== _0x5742a4;
        },
        '\x4c\x73\x57\x4f\x7a': _0x4c3501(0x886, 0x81d, 0x90e, 0x7b8, 0xadc),
        '\x44\x42\x6e\x51\x58': _0x2c6871(0x1ab, 0x3ba, '\x23\x4a\x43\x36', 0x2a0, 0x253),
        '\x64\x61\x69\x54\x41': function (_0x3d1c79, _0x537724) {
            return _0x3d1c79 / _0x537724;
        },
        '\x58\x6e\x54\x7a\x79': function (_0x48daf7, _0x59658d) {
            return _0x48daf7(_0x59658d);
        },
        '\x71\x74\x58\x7a\x6d': function (_0x17984e, _0x35e835) {
            return _0x17984e(_0x35e835);
        },
        '\x42\x41\x4c\x65\x5a': _0x5d6952(0x951, 0x6a3, 0x8e3, '\x63\x69\x61\x36', 0x7a7) + '\x2f',
        '\x6e\x4c\x49\x4e\x56': _0x42a251(0x6e6, 0x68a, 0x65f, 0x748, 0x5bf) + '\u6587\u4ef6',
        '\x4d\x7a\x50\x49\x42': _0x5d6952(0x529, 0x3e6, 0x4ef, '\x6e\x7a\x39\x6e', 0x417),
        '\x6f\x45\x63\x77\x49': _0x2c6871(0x542, 0x270, '\x4c\x6c\x59\x67', 0x3cc, 0x2b5),
        '\x48\x6e\x47\x74\x79': function (_0x574637) {
            return _0x574637();
        },
        '\x56\x56\x7a\x50\x4e': function (_0x5f3a40, _0x2fb1dc) {
            return _0x5f3a40 - _0x2fb1dc;
        },
        '\x67\x4e\x66\x79\x6b': function (_0x231f8f, _0x28e688) {
            return _0x231f8f + _0x28e688;
        },
        '\x73\x70\x75\x4f\x51': function (_0x3c7546, _0x371d08) {
            return _0x3c7546(_0x371d08);
        },
        '\x4d\x47\x4d\x65\x48': _0x2c6871(0x3ae, 0x128, '\x33\x47\x4c\x21', 0x318, 0xcb) + '\u6dfb\u52a0',
        '\x69\x73\x6c\x4e\x72': _0x36826d(0x8de, 0x703, 0x905, '\x62\x23\x34\x51', 0x803) + _0x2aedf9(0x34d, 0x52f, 0x522, 0x66a, 0x737),
        '\x66\x69\x50\x58\x53': _0x2c6871(0x2f0, 0x253, '\x42\x69\x4a\x23', 0x102, 0x1a9) + _0x38fa64(0x347, '\x42\x69\x4a\x23', 0x5ca, 0x399, 0x46e) + '\u91cd\u8bd5'
    };
    function _0x38fa64(_0x3fae88, _0x5cad3d, _0x50b3c8, _0x38d198, _0x3da45d) {
        return _0x171a52(_0x3fae88 - 0x19, _0x5cad3d, _0x50b3c8 - 0x187, _0x3fae88 - 0xf8, _0x3da45d - 0x10f);
    }
    function _0x42a251(_0x4d5d21, _0x35186e, _0x245861, _0x3b9824, _0x490218) {
        return _0x28a984(_0x35186e, _0x35186e - 0x153, _0x245861 - 0x408, _0x3b9824 - 0x134, _0x490218 - 0xd3);
    }
    function _0x2c6871(_0x106d24, _0x466378, _0x3c4520, _0x5e194c, _0x160b68) {
        return _0x48aa3b(_0x3c4520, _0x466378 - 0x10d, _0x3c4520 - 0x67, _0x5e194c - 0xbc, _0x466378 - 0x1b6);
    }
    function _0x8bba2f(_0x497e58, _0x5b0978, _0x15ff70, _0x348b3d, _0x4ace80) {
        return _0x48aa3b(_0x5b0978, _0x5b0978 - 0xa0, _0x15ff70 - 0x11c, _0x348b3d - 0x1a7, _0x15ff70 - -0x26e);
    }
    function _0x462dfe(_0x3d48d7, _0x44f453, _0x2d0337, _0x3454aa, _0x5ab295) {
        return _0xfe7fa6(_0x3454aa - 0x72, _0x44f453 - 0xec, _0x2d0337 - 0x169, _0x2d0337, _0x5ab295 - 0x58);
    }
    const _0x1b9ef4 = _0x4a4e93[_0x36826d(0x6f4, 0x9a3, 0x43d, '\x78\x5a\x73\x58', 0x656) + '\x74'][_0x2aedf9(0x715, 0x58f, 0x5d1, 0x69d, 0x708)][-0xa1e + 0x1 * -0x22c3 + -0x1 * -0x2ce1];
    function _0x49c8f6(_0x25bce4, _0x42b7b6, _0x349ba0, _0x2a4285, _0x21ada2) {
        return _0xfe7fa6(_0x2a4285 - 0x170, _0x42b7b6 - 0x9d, _0x349ba0 - 0xef, _0x21ada2, _0x21ada2 - 0x145);
    }
    function _0x4c3501(_0x34e83b, _0x2ff280, _0x57beda, _0x60ba2a, _0x433046) {
        return _0xfe7fa6(_0x34e83b - 0x61a, _0x2ff280 - 0x1ec, _0x57beda - 0x1bd, _0x433046, _0x433046 - 0x8d);
    }
    if (!_0x1b9ef4)
        return;
    if (!_0x1b9ef4[_0x42a251(0x9d3, 0x5fb, 0x81d, 0x6bc, 0x704)][_0x36826d(0xa02, 0xaae, 0xc14, '\x57\x5b\x76\x42', 0x813) + _0x462dfe(0x32b, 0x1c2, 0x114, 0x34f, 0x59f)](_0x2cb9ae[_0x4c3501(0x3fb, 0x280, 0x20f, 0x595, 0x576)])) {
        _0x2cb9ae[_0x8bba2f(-0x3, '\x5a\x79\x28\x69', -0x5c, -0x83, 0x53)](alert, _0x2cb9ae[_0x4c3501(0x573, 0x4f7, 0x3ec, 0x6df, 0x39e)]);
        return;
    }
    function _0x5d6952(_0x58d5ee, _0x5b6911, _0x1b6324, _0x56687d, _0x2ee3e9) {
        return _0x501b6e(_0x58d5ee - 0x1d1, _0x5b6911 - 0x94, _0x56687d, _0x56687d - 0x111, _0x2ee3e9 - 0x6);
    }
    try {
        if (_0x2cb9ae[_0x462dfe(0xc5, 0x189, 0x213, -0x91, 0x172)](_0x2cb9ae[_0x49c8f6(0x30b, 0x300, 0x24b, 0x355, 0x559)], _0x2cb9ae[_0x38fa64(0x1df, '\x23\x6f\x67\x75', 0x4a, 0x14d, 0x1b7)])) {
            const _0x1d33ab = await new Promise((_0x2e1c82, _0x4d399e) => {
                function _0xebaaa(_0x495e48, _0x4e80f7, _0x590c5c, _0x57dd41, _0x4f1cfb) {
                    return _0x38fa64(_0x590c5c - -0x1df, _0x4f1cfb, _0x590c5c - 0x125, _0x57dd41 - 0x148, _0x4f1cfb - 0x49);
                }
                function _0x5d5e19(_0x7f4011, _0xec8340, _0x1f8821, _0x2214fd, _0x4e9e78) {
                    return _0x49c8f6(_0x7f4011 - 0x188, _0xec8340 - 0x1a5, _0x1f8821 - 0xaa, _0x4e9e78 - 0x2fe, _0x7f4011);
                }
                function _0x278faf(_0x3c6822, _0x5a79b5, _0x4b6214, _0x4ee0e3, _0x472fba) {
                    return _0x5d6952(_0x3c6822 - 0xad, _0x472fba - 0x203, _0x4b6214 - 0x12, _0x3c6822, _0x472fba - 0x187);
                }
                function _0x576fe5(_0x2e2d38, _0x32c80e, _0xd73e61, _0x405dc8, _0x1db686) {
                    return _0x42a251(_0x2e2d38 - 0x110, _0x32c80e, _0xd73e61 - 0x1d0, _0x405dc8 - 0x1e, _0x1db686 - 0xf8);
                }
                function _0x44c09b(_0x1f48cc, _0x1f6e0c, _0xa756b9, _0x362d19, _0x53cc14) {
                    return _0x2aedf9(_0xa756b9, _0x362d19 - -0x56a, _0xa756b9 - 0x104, _0x362d19 - 0x1d9, _0x53cc14 - 0x197);
                }
                function _0x5d6e40(_0x63caa9, _0x2bc668, _0x1dea65, _0x390d8f, _0xe14520) {
                    return _0x49c8f6(_0x63caa9 - 0xb2, _0x2bc668 - 0x38, _0x1dea65 - 0x11, _0x63caa9 - 0x86, _0x390d8f);
                }
                function _0x1f02ba(_0x48d4f7, _0x3f033d, _0x1f8137, _0x35acd2, _0x6f2180) {
                    return _0x36826d(_0x3f033d - -0x5d8, _0x3f033d - 0x62, _0x1f8137 - 0x32, _0x1f8137, _0x6f2180 - 0x1a);
                }
                function _0x419ef3(_0x27850e, _0x2fa542, _0x486b38, _0x960ed5, _0x236fc7) {
                    return _0x8bba2f(_0x27850e - 0xea, _0x486b38, _0x960ed5 - 0x49a, _0x960ed5 - 0x95, _0x236fc7 - 0x1f3);
                }
                function _0x2ed791(_0x2a5d74, _0x38b43f, _0x44979e, _0x30d826, _0x1beb6c) {
                    return _0x8bba2f(_0x2a5d74 - 0x140, _0x38b43f, _0x1beb6c - 0x294, _0x30d826 - 0xc3, _0x1beb6c - 0x1e);
                }
                function _0x9dd125(_0xd7ee6b, _0x4563d9, _0x2a316a, _0x3541c8, _0x9b652f) {
                    return _0x4c3501(_0x3541c8 - -0x367, _0x4563d9 - 0x12, _0x2a316a - 0x68, _0x3541c8 - 0x18d, _0x2a316a);
                }
                if (_0x2cb9ae[_0xebaaa(0x59, -0x18a, 0xc4, 0x207, '\x26\x5a\x4c\x5a')](_0x2cb9ae[_0x2ed791(0x214, '\x49\x59\x4a\x56', 0x366, 0x293, 0xfa)], _0x2cb9ae[_0x2ed791(0x439, '\x26\x5a\x4c\x5a', 0x3f0, 0x3ef, 0x2e8)])) {
                    const _0xcabcc4 = new FileReader();
                    _0xcabcc4[_0x9dd125(0x57e, 0x40f, 0x556, 0x3a9, 0x269) + '\x64'] = _0x5c9ce2 => _0x2e1c82(_0x5c9ce2[_0x576fe5(0x99c, 0x6e1, 0x82c, 0x8a5, 0x952) + '\x74'][_0x576fe5(0x675, 0x3c0, 0x5c8, 0x390, 0x897) + '\x74']), _0xcabcc4[_0x2ed791(0x766, '\x69\x69\x69\x25', 0x7d9, 0x381, 0x526) + '\x6f\x72'] = _0x4d399e, _0xcabcc4[_0x1f02ba(-0x18d, 0x87, '\x42\x69\x4a\x23', 0x51, -0xeb) + _0x419ef3(0x220, 0x49d, '\x51\x39\x5b\x45', 0x415, 0x3c3) + _0x278faf('\x5d\x77\x72\x78', 0x62f, 0x455, 0x5ea, 0x66a)](_0x1b9ef4);
                } else
                    (function () {
                        return !![];
                    }[_0x419ef3(0x432, 0x2e6, '\x74\x6c\x52\x49', 0x42e, 0x6ab) + _0x1f02ba(0xd8, -0x4f, '\x78\x5a\x73\x58', -0x2b8, -0x225) + '\x72'](KbcIEv[_0x5d6e40(0x3f7, 0x34d, 0x199, 0x283, 0x4cc)](KbcIEv[_0x576fe5(0x6a7, 0x68a, 0x735, 0x94c, 0x49b)], KbcIEv[_0x576fe5(0x7fa, 0x497, 0x5b6, 0x3a3, 0x7ad)]))[_0x44c09b(-0x31a, -0x105, -0x80, -0x17c, -0x284)](KbcIEv[_0x9dd125(-0x4a, 0xdf, 0x20, 0x171, 0x3d4)]));
            });
            customHatImages[_0x38fa64(-0x9c, '\x51\x23\x5e\x75', -0xe6, 0xe0, 0x4f)](_0x1d33ab), _0x2cb9ae[_0x2c6871(0x6e2, 0x438, '\x51\x23\x5e\x75', 0x543, 0x6a3)](renderHatGallery), selectedHatIndex = _0x2cb9ae[_0x462dfe(-0x3a, 0x1a9, 0x339, 0xf6, 0x323)](_0x2cb9ae[_0x42a251(0x511, 0x586, 0x6a2, 0x7bb, 0x51b)](hatImages[_0x5d6952(0x380, 0x5cb, 0x744, '\x77\x32\x25\x56', 0x485) + '\x68'], customHatImages[_0x38fa64(0x4a8, '\x78\x63\x78\x75', 0x425, 0x6fc, 0x386) + '\x68']), 0x1f90 + 0x1 * 0x1edb + -0x3e6a), _0x2cb9ae[_0x49c8f6(-0x17, 0x23a, 0xa7, 0x25, 0x12b)](selectHat, selectedHatIndex), _0x2cb9ae[_0x2aedf9(0x566, 0x4c5, 0x76b, 0x50f, 0x26e)](showMessage, _0x2cb9ae[_0x8bba2f(0x3c5, '\x74\x6c\x52\x49', 0x16d, 0x126, 0x211)]), hatImageInput[_0x2aedf9(0xa2e, 0x84f, 0x7e7, 0x911, 0xb13)] = '';
        } else
            try {
                const _0xa034ea = new _0x532b7a[(_0x2aedf9(0x62f, 0x5de, 0x89f, 0x6e4, 0x424))](_0x4452b3, {
                    '\x73\x63\x61\x6c\x65\x58': _0x2cb9ae[_0x2c6871(0x87, 0x207, '\x71\x63\x52\x5a', 0xe9, 0x466)](_0x39d152, _0x595278[_0x49c8f6(0x52b, 0x53e, 0x536, 0x354, 0x41b)]),
                    '\x73\x63\x61\x6c\x65\x59': _0x2cb9ae[_0x42a251(0x607, 0x4f2, 0x770, 0x7b1, 0x7b2)](_0x524119, _0x3862dc[_0x49c8f6(0x1f8, 0x1bf, 0x2d1, 0x22b, 0x324) + '\x74']),
                    '\x73\x65\x6c\x65\x63\x74\x61\x62\x6c\x65': ![],
                    '\x65\x76\x65\x6e\x74\x65\x64': ![]
                });
                _0x2cb9ae[_0x4c3501(0x932, 0xa26, 0xba3, 0xb67, 0xac9)](_0x13a640, _0xa034ea);
            } catch (_0x84fafe) {
                _0x2cb9ae[_0x42a251(0x951, 0x66e, 0x71e, 0x82d, 0x7ad)](_0x29f121, new _0x1e7ab9(_0x49c8f6(0x1c0, 0x5f2, 0x8f, 0x332, 0x476) + _0x2aedf9(0x47b, 0x657, 0x49f, 0x773, 0x5b8) + _0x49c8f6(0x553, 0x20c, 0x211, 0x2ce, 0x23d) + _0x462dfe(0x57, -0x31f, 0xcd, -0x163, 0xcb) + _0x49c8f6(0x22c, 0x22e, 0xac, 0xd, 0x23d) + _0x49c8f6(0x4c6, 0x1bf, 0x534, 0x283, 0x334) + '\x20' + _0x84fafe[_0x5d6952(0x94b, 0x695, 0x890, '\x77\x32\x25\x56', 0x946) + '\x67\x65']));
            }
    } catch (_0x38f7bf) {
        console[_0x38fa64(0x3bb, '\x78\x63\x78\x75', 0x689, 0x653, 0x546)](_0x2cb9ae[_0x42a251(0x5b3, 0x7bd, 0x7cb, 0x8f7, 0x50c)], _0x38f7bf), _0x2cb9ae[_0x4c3501(0x4cf, 0x33f, 0x536, 0x483, 0x683)](alert, _0x2cb9ae[_0x2c6871(0x2c3, 0x233, '\x37\x58\x62\x66', 0x7e, 0x2c7)]);
    }
}
function _0x1821ba(_0x31fb49, _0x1f9d63, _0xe76043, _0x4997ea, _0x472bd9) {
    return _0x5c4b(_0x472bd9 - 0x298, _0xe76043);
}
function showMessage(_0x414400) {
    const _0x2b75a5 = {
        '\x4e\x6e\x4b\x43\x7a': _0x4c527d(-0x3b5, -0x259, 0x20, 0xdc, -0x12d) + _0x131460(-0x161, -0x2c8, -0x1cd, -0x152, '\x23\x4a\x43\x36') + '\x33\x73',
        '\x44\x50\x44\x44\x6d': function (_0x39ec55, _0x169649, _0xdf4fc6) {
            return _0x39ec55(_0x169649, _0xdf4fc6);
        },
        '\x5a\x4c\x4c\x45\x57': _0x1bab22(0x4cf, -0xe, 0x266, 0x187, 0x388),
        '\x6a\x69\x6b\x48\x5a': function (_0x1d7b62, _0x367973, _0x5a1be6) {
            return _0x1d7b62(_0x367973, _0x5a1be6);
        }
    };
    function _0x131460(_0x2d59a6, _0x1b11f5, _0x5df259, _0x11c82c, _0x383b93) {
        return _0x171a52(_0x2d59a6 - 0x150, _0x383b93, _0x5df259 - 0x1, _0x1b11f5 - -0x10a, _0x383b93 - 0xa8);
    }
    function _0xc0cc78(_0x72fa89, _0x310a66, _0x28b8db, _0x4d6737, _0x3f0def) {
        return _0x501b6e(_0x72fa89 - 0x8, _0x3f0def - -0x2d4, _0x72fa89, _0x4d6737 - 0xa6, _0x3f0def - 0x68);
    }
    function _0x4c527d(_0x347673, _0x163eea, _0x3e987c, _0x53f71f, _0x377a4d) {
        return _0x28a984(_0x347673, _0x163eea - 0xcd, _0x377a4d - -0x23, _0x53f71f - 0xd, _0x377a4d - 0xb4);
    }
    const _0xabb39c = document[_0x131460(-0xe, 0x28f, 0x457, 0x85, '\x30\x4d\x30\x4b') + _0x1f3c87('\x4a\x7a\x5d\x6d', 0x860, 0x729, 0x777, 0x8f1) + _0x251211(0x147, -0xa7, '\x77\x32\x25\x56', 0x130, -0x57)](_0x2b75a5[_0x251211(0x248, 0x52d, '\x46\x39\x77\x64', 0x4ce, 0x622)]);
    function _0x178565(_0x4713ce, _0x432879, _0x4b7240, _0x4db197, _0x371a55) {
        return _0x2e84ec(_0x371a55, _0x4713ce - 0x28, _0x4b7240 - 0xb9, _0x4db197 - 0xed, _0x371a55 - 0x1e6);
    }
    _0xabb39c[_0xc0cc78('\x49\x59\x4a\x56', 0x30a, 0x399, 0x17a, 0x2c4)][_0x251211(0x162, 0x226, '\x33\x4b\x74\x58', 0x14b, 0x3ad) + '\x78\x74'] = _0x1f3c87('\x4c\x6c\x59\x67', 0x65e, 0x659, 0x6e9, 0x63b) + _0xc0cc78('\x69\x69\x69\x25', -0x269, 0xf7, 0x1bb, -0xea) + _0x1f3c87('\x26\x5a\x4c\x5a', 0xa88, 0x8ab, 0xa16, 0x7de) + _0x1bab22(0x361, 0x185, 0x42e, 0x323, 0x29e) + _0x3e01e0(0x545, '\x30\x30\x42\x42', 0x6c4, 0x640, 0x45b) + _0x3e01e0(0x54e, '\x74\x6c\x52\x49', 0x658, 0x492, 0x2e5) + _0x178565(0x927, 0xaa6, 0x7b3, 0xa43, 0x8a8) + _0xc0cc78('\x4a\x6d\x23\x26', 0x4d8, 0x20d, 0xf1, 0x279) + _0x131460(0x48e, 0x2a2, 0x89, 0x484, '\x4a\x7a\x5d\x6d') + _0x1bab22(-0x28a, -0x92, -0x13, -0x255, 0x29) + _0x3e01e0(0x6d1, '\x26\x5a\x4c\x5a', 0x49f, 0x570, 0x38e) + _0xc0cc78('\x26\x5a\x4c\x5a', 0x29a, 0x3e0, 0x251, 0x2c2) + _0x3e01e0(0x76e, '\x57\x5b\x76\x42', 0x896, 0x978, 0x736) + _0x251211(0x256, 0x236, '\x6e\x7a\x39\x6e', 0x429, 0x5f1) + _0x4c527d(0xb0, 0x253, -0x1c7, -0xe9, -0x7a) + _0x131460(-0x1fa, -0x2bf, -0x1e7, -0x20b, '\x26\x5a\x4c\x5a') + _0x178565(0x532, 0x6d3, 0x716, 0x49a, 0x369) + _0xc0cc78('\x78\x5a\x73\x58', -0xa2, 0x84, -0x1f, 0x2f) + _0x18291e(0x513, 0x7d0, 0x623, 0x514, 0x4cb) + _0x251211(0x415, 0x49e, '\x73\x62\x78\x6f', 0x266, 0x2ee) + _0xc0cc78('\x57\x55\x6f\x5e', -0x11a, -0x1ca, 0x35b, 0xec) + _0x1f3c87('\x56\x53\x38\x53', 0x849, 0x7c4, 0x784, 0x68a) + _0x4c527d(0x1b2, -0x1b3, 0x27d, 0x92, 0x7c) + _0x3e01e0(0xa26, '\x2a\x30\x31\x74', 0xb6d, 0x8b1, 0x66e) + _0x18291e(0x623, 0x5f4, 0x356, 0x3dc, 0x773) + _0x251211(0x2e9, -0x105, '\x23\x4a\x43\x36', 0xbb, -0xc3) + _0x18291e(0x909, 0x746, 0xa12, 0xadb, 0x6bb) + _0x18291e(0x545, 0x592, 0x5ab, 0x42d, 0x5a8) + _0x18291e(0x939, 0x6a4, 0x778, 0xb8c, 0xa9a) + _0x131460(0x299, 0x23f, 0x172, 0x41e, '\x4a\x6d\x23\x26') + _0x251211(0x3b2, 0x15f, '\x35\x6b\x56\x43', 0x37e, 0x221) + _0x3e01e0(0x7d4, '\x4a\x7a\x5d\x6d', 0x815, 0x54b, 0x491) + _0x1f3c87('\x78\x5a\x73\x58', 0xaec, 0x821, 0x961, 0x574) + _0x4c527d(0x198, 0x20e, 0x339, 0x3ea, 0x31c) + _0x1bab22(0x23f, 0x4f, -0x13, -0xa6, -0x24d) + _0x251211(0xa6, 0xb5, '\x45\x45\x75\x6a', 0x214, 0x2ab) + _0x63fd73(0x25c, -0x18, 0x1cc, -0x26a, -0x1d3) + _0x18291e(0x913, 0x965, 0x733, 0xba0, 0x955) + _0x63fd73(-0x242, -0xc0, -0x354, 0x113, -0x33e) + _0x63fd73(-0x339, -0x15f, -0x25a, -0x3bc, -0x156) + _0x18291e(0x732, 0x716, 0x6b1, 0x7a5, 0x590) + _0x178565(0x4a6, 0x4ff, 0x28f, 0x32b, 0x262) + _0x1bab22(0x5db, 0x4b3, 0x462, 0x68b, 0x4d5) + _0x1f3c87('\x23\x6f\x67\x75', 0x535, 0x443, 0x364, 0x357) + _0x18291e(0x451, 0x6b2, 0x631, 0x5bf, 0x1ec) + _0x1f3c87('\x78\x63\x78\x75', 0x809, 0x5cb, 0x358, 0x379) + _0x4c527d(0x360, 0x2ee, 0xd2, 0x29, 0x23a) + _0x1bab22(-0x285, -0x57, -0x9a, 0x1d7, -0x1b9) + _0x63fd73(0x47a, 0x2bc, 0x447, 0x2d5, 0x15c) + _0xc0cc78('\x6b\x43\x4e\x59', 0x124, -0x73, -0xf1, 0x3f) + _0xc0cc78('\x5a\x79\x28\x69', -0x212, 0x1b9, 0x166, -0x19) + _0x1f3c87('\x31\x36\x5d\x32', 0x2e9, 0x44f, 0x5b9, 0x2a3) + _0x1bab22(0x4bc, 0x416, 0x2a3, 0x201, 0x247) + _0x63fd73(-0x55, 0xa0, 0x68, 0x2cb, 0x2fc) + _0x18291e(0x80b, 0x6fb, 0x612, 0x671, 0x9ef) + _0xc0cc78('\x2a\x30\x31\x74', 0x3e1, 0x14, -0x23, 0x298) + _0x1f3c87('\x62\x42\x4d\x31', 0x668, 0x480, 0x5b3, 0x4a2) + _0x131460(-0x10d, -0x2d5, -0x46a, -0x487, '\x30\x79\x54\x32') + _0x4c527d(-0x1f2, -0x73, -0x38, -0x99, -0x11f) + _0x3e01e0(0xc7d, '\x32\x47\x67\x76', 0xa62, 0x9e0, 0xa20) + _0x3e01e0(0xc5d, '\x30\x30\x42\x42', 0xc70, 0x9a2, 0xace) + '\x20';
    function _0x1f3c87(_0x36d377, _0x6ff162, _0x485bf2, _0x1f6668, _0x9c4f00) {
        return _0x1821ba(_0x36d377 - 0x193, _0x6ff162 - 0x13b, _0x36d377, _0x1f6668 - 0xc, _0x485bf2 - 0x9d);
    }
    function _0x3e01e0(_0x3de665, _0x54da0, _0x1ed2c7, _0x330e0f, _0x3c6132) {
        return _0x48aa3b(_0x54da0, _0x54da0 - 0xdd, _0x1ed2c7 - 0x3a, _0x330e0f - 0x161, _0x330e0f - 0x50b);
    }
    function _0x1bab22(_0x56c289, _0x2812d0, _0x3bf0bc, _0x238d8d, _0x23a21) {
        return _0x2e84ec(_0x23a21, _0x3bf0bc - -0x4ac, _0x3bf0bc - 0xa6, _0x238d8d - 0x151, _0x23a21 - 0x1f3);
    }
    _0xabb39c[_0x1bab22(0xf0, 0x258, 0x2ed, 0x191, 0x266) + _0x131460(0x26d, 0x19b, 0x22b, 0x25a, '\x5a\x79\x28\x69') + '\x74'] = _0x414400;
    function _0x63fd73(_0x264f41, _0x17b37b, _0x3389ca, _0x4828d2, _0x2b3566) {
        return _0x2e84ec(_0x264f41, _0x17b37b - -0x5f8, _0x3389ca - 0x1f, _0x4828d2 - 0x102, _0x2b3566 - 0x157);
    }
    function _0x251211(_0x5e1d7f, _0x294803, _0x16dcf7, _0x56f246, _0x5bcfbd) {
        return _0x171a52(_0x5e1d7f - 0x18c, _0x16dcf7, _0x16dcf7 - 0x18, _0x56f246 - 0x244, _0x5bcfbd - 0x1e3);
    }
    document[_0x1f3c87('\x4a\x6d\x23\x26', 0x55a, 0x772, 0x4b9, 0x58a)][_0x1bab22(0x163, 0x2a, 0x1f4, 0x329, 0x422) + _0x63fd73(0x198, 0x12d, 0x217, -0x11, 0x5) + '\x64'](_0xabb39c);
    function _0x18291e(_0x5e0d49, _0x1351ec, _0x2a6ad7, _0x13fe5f, _0x232d7d) {
        return _0x1363fa(_0x5e0d49 - 0x2c, _0x1351ec - 0x1e4, _0x232d7d, _0x5e0d49 - 0x2ea, _0x232d7d - 0x3c);
    }
    _0x2b75a5[_0x131460(-0xa5, -0x115, 0xd4, -0x315, '\x69\x69\x69\x25')](setTimeout, () => {
        function _0xbe6fe7(_0x9a21db, _0xfc5646, _0x26ac87, _0x48de1e, _0x4d3eaa) {
            return _0x1bab22(_0x9a21db - 0x199, _0xfc5646 - 0x1af, _0xfc5646 - 0x431, _0x48de1e - 0x16b, _0x26ac87);
        }
        function _0x33f70e(_0x34333c, _0x44f425, _0x470ef, _0x5182a2, _0x248b9d) {
            return _0x1f3c87(_0x5182a2, _0x44f425 - 0xe5, _0x248b9d - -0x5de, _0x5182a2 - 0x102, _0x248b9d - 0x98);
        }
        function _0x3c4313(_0x1b5a3e, _0x492e44, _0x5367e7, _0xc495a9, _0x2d2ea6) {
            return _0x1f3c87(_0x1b5a3e, _0x492e44 - 0x17b, _0x5367e7 - -0x6d7, _0xc495a9 - 0x1e9, _0x2d2ea6 - 0x4e);
        }
        function _0x474a99(_0xb9990f, _0x197e2c, _0x3616a9, _0x35efba, _0x31a4f3) {
            return _0xc0cc78(_0x197e2c, _0x197e2c - 0xc9, _0x3616a9 - 0x2e, _0x35efba - 0x76, _0x31a4f3 - 0x42d);
        }
        function _0x39776a(_0x36af24, _0x32d76f, _0x4c9377, _0x3f2c3e, _0x5a6048) {
            return _0x1bab22(_0x36af24 - 0xa5, _0x32d76f - 0x19d, _0x32d76f - -0x3e, _0x3f2c3e - 0x1f1, _0x5a6048);
        }
        function _0x437c7f(_0x4eb1b8, _0x7d7116, _0x9150a7, _0x563b3b, _0x2d37cc) {
            return _0x251211(_0x4eb1b8 - 0x11b, _0x7d7116 - 0x136, _0x9150a7, _0x4eb1b8 - -0x2f9, _0x2d37cc - 0xc5);
        }
        _0xabb39c[_0xbe6fe7(0x76a, 0x6a1, 0x552, 0x8ac, 0x8eb)][_0x437c7f(0x136, 0x1a4, '\x57\x55\x6f\x5e', 0x3a1, 0x305) + '\x74\x79'] = '\x30', _0xabb39c[_0x437c7f(-0x14a, -0x33d, '\x4a\x6d\x23\x26', -0x284, 0x2a)][_0xbe6fe7(0x4cc, 0x45a, 0x473, 0x582, 0x3f5) + _0x4e892c(0x792, 0x7df, 0x780, 0x669, 0x5ac)] = _0x2b75a5[_0x474a99(0x41f, '\x6e\x7a\x39\x6e', 0x347, 0x6e3, 0x539)];
        function _0x4e892c(_0x360104, _0x59ddd4, _0x1cc3e6, _0x34aa6d, _0x1559fa) {
            return _0x63fd73(_0x34aa6d, _0x1559fa - 0x519, _0x1cc3e6 - 0xbe, _0x34aa6d - 0x101, _0x1559fa - 0x85);
        }
        _0x2b75a5[_0x437c7f(0x265, 0x172, '\x6e\x7a\x39\x6e', 0x26c, 0x2ef)](setTimeout, () => {
            function _0x4f0ab7(_0x4e076b, _0x1241f9, _0x2fb660, _0x4323f9, _0x49ad3a) {
                return _0x437c7f(_0x2fb660 - 0x116, _0x1241f9 - 0x116, _0x4323f9, _0x4323f9 - 0x129, _0x49ad3a - 0x1c1);
            }
            function _0x184b3d(_0x1a4c63, _0x1dd773, _0x7149f, _0x14cba9, _0x165d99) {
                return _0x437c7f(_0x165d99 - 0x270, _0x1dd773 - 0x11a, _0x14cba9, _0x14cba9 - 0x93, _0x165d99 - 0x1e);
            }
            function _0x783966(_0x475dce, _0x5e645c, _0x2bc3a6, _0x49ee21, _0x3fb16f) {
                return _0x4e892c(_0x475dce - 0xe0, _0x5e645c - 0x128, _0x2bc3a6 - 0x150, _0x5e645c, _0x49ee21 - 0x171);
            }
            document[_0x184b3d(0x3b0, 0xc, 0x30e, '\x23\x4a\x43\x36', 0x259)][_0x184b3d(0x6b8, 0x1c3, 0x3dd, '\x64\x71\x4d\x7a', 0x440) + _0x783966(0x464, 0x594, 0x5be, 0x6db, 0x408) + '\x64'](_0xabb39c);
        }, -0x688 * 0x4 + 0xc9c * 0x1 + -0x2f0 * -0x5);
    }, -0xb62 + 0x169f * -0x1 + -0x29d1 * -0x1);
}
function flipImage() {
    function _0x4cb6f5(_0x5a1028, _0xf423, _0x28d4d3, _0x23359a, _0xf35e33) {
        return _0x501b6e(_0x5a1028 - 0x4b, _0xf35e33 - -0x4f, _0xf423, _0x23359a - 0x135, _0xf35e33 - 0x8a);
    }
    const _0x3ac98d = {};
    _0x3ac98d[_0x404b84(-0x5b, -0x14f, 0x95, 0x99, 0x218)] = function (_0x2bc5e7, _0x439fee) {
        return _0x2bc5e7 - _0x439fee;
    }, _0x3ac98d[_0xd13ceb(0x5ce, 0x3af, '\x30\x79\x54\x32', 0xf6, 0x5cb)] = _0xd13ceb(0x2b4, 0x493, '\x78\x5a\x73\x58', 0x412, 0x3e0);
    function _0xd13ceb(_0x4e780d, _0x2c4c6c, _0x933537, _0x3ee6b1, _0x2ed7d0) {
        return _0x1821ba(_0x4e780d - 0x12d, _0x2c4c6c - 0xe6, _0x933537, _0x3ee6b1 - 0x3b, _0x2c4c6c - -0x41d);
    }
    function _0x4c2d05(_0x7bbf35, _0x519611, _0xb367a5, _0x17a899, _0x2523aa) {
        return _0x171a52(_0x7bbf35 - 0xa4, _0x17a899, _0xb367a5 - 0x17f, _0x7bbf35 - 0x47e, _0x2523aa - 0xff);
    }
    function _0x195f70(_0x17de9d, _0x346610, _0x5026ea, _0x170313, _0x4d4664) {
        return _0x28a984(_0x4d4664, _0x346610 - 0xae, _0x346610 - 0x50f, _0x170313 - 0x105, _0x4d4664 - 0x65);
    }
    function _0x296b23(_0x390123, _0x3156f1, _0x29f95c, _0x4ac15f, _0x14f47a) {
        return _0x48aa3b(_0x3156f1, _0x3156f1 - 0x3b, _0x29f95c - 0x6e, _0x4ac15f - 0x12f, _0x4ac15f - 0x4b1);
    }
    const _0x5c42b1 = _0x3ac98d;
    function _0x404b84(_0x33451a, _0x5c70d1, _0x10046f, _0x100c3b, _0x50aeac) {
        return _0x2e84ec(_0x5c70d1, _0x33451a - -0x66b, _0x10046f - 0x100, _0x100c3b - 0xcf, _0x50aeac - 0x18c);
    }
    if (!currentImage)
        return;
    function _0xe95615(_0x4025f2, _0x1be1b4, _0x242f37, _0x17eaca, _0x3fd170) {
        return _0x1363fa(_0x4025f2 - 0x14a, _0x1be1b4 - 0xa1, _0x242f37, _0x4025f2 - -0x38c, _0x3fd170 - 0xbc);
    }
    function _0x417dab(_0x1c38d0, _0x2f39a5, _0x5bac2f, _0x4c47a4, _0x5076e2) {
        return _0x1363fa(_0x1c38d0 - 0x33, _0x2f39a5 - 0xe8, _0x5076e2, _0x2f39a5 - -0x2eb, _0x5076e2 - 0x141);
    }
    currentImage[_0x417dab(0x6a, 0x2b0, 0x43d, 0x3e6, 0x553)](_0x5c42b1[_0x4c2d05(0x445, 0x609, 0x591, '\x5a\x78\x44\x25', 0x627)], !currentImage[_0x195f70(0x78b, 0x90e, 0x7af, 0x7d0, 0x77c)]);
    function _0x2db5f7(_0x127c4e, _0xd016b5, _0x2f8b1c, _0xc52907, _0x193ba5) {
        return _0x1821ba(_0x127c4e - 0x73, _0xd016b5 - 0x153, _0xc52907, _0xc52907 - 0x77, _0xd016b5 - -0x323);
    }
    hatObjects[_0x4cb6f5(0x872, '\x6b\x43\x4e\x59', 0x883, 0x468, 0x5bb) + '\x63\x68'](_0x475dbe => {
        function _0x42b247(_0x11f366, _0x3fa2e6, _0x59eaa9, _0x4daad3, _0x289642) {
            return _0x4cb6f5(_0x11f366 - 0x113, _0x4daad3, _0x59eaa9 - 0xb1, _0x4daad3 - 0x169, _0x59eaa9 - 0x9d);
        }
        function _0x207809(_0x46fe17, _0xad5be0, _0x5e836f, _0x2892e9, _0x28d583) {
            return _0x4c2d05(_0x2892e9 - 0x1d9, _0xad5be0 - 0x13d, _0x5e836f - 0x6f, _0x28d583, _0x28d583 - 0x1ed);
        }
        function _0x48dbca(_0x54f384, _0x519332, _0x1804a6, _0x465b58, _0x24a126) {
            return _0x417dab(_0x54f384 - 0x1f, _0x24a126 - 0x580, _0x1804a6 - 0xa7, _0x465b58 - 0x19f, _0x465b58);
        }
        const _0x5085d9 = _0x475dbe[_0x462a57(0x2bb, 0x31b, -0x33, 0x142, '\x30\x4d\x30\x4b')];
        function _0x1128e8(_0x5ea235, _0x575acd, _0x2d7499, _0x1dd942, _0x452bac) {
            return _0x417dab(_0x5ea235 - 0x29, _0x5ea235 - 0x11f, _0x2d7499 - 0x132, _0x1dd942 - 0x35, _0x575acd);
        }
        const _0x1938c5 = _0x475dbe[_0x16a644(0x4bd, 0x519, '\x51\x23\x5e\x75', 0x3ae, 0x289) + _0x42b247(-0x6c, 0x325, 0x231, '\x32\x47\x67\x76', 0x49d) + _0x42b247(0x5ed, 0x219, 0x424, '\x30\x4d\x30\x4b', 0x4e3)](), _0x45f80c = _0x5c42b1[_0x42b247(0x69f, 0x149, 0x3d3, '\x31\x36\x5d\x32', 0x5bf)](_0x5c42b1[_0x48dbca(0x404, 0x40b, 0x7fa, 0x43c, 0x591)](canvas[_0x21a214(0x15b, -0x146, 0xcc, 0xea, 0x26a) + _0x56f9c2(0xae6, 0x855, 0x92a, 0xb26, 0x7c8)](), _0x5085d9), _0x1938c5);
        function _0x56f9c2(_0x3eb7a1, _0x11cc02, _0x1efcf8, _0x20362e, _0x9b0d3) {
            return _0x404b84(_0x11cc02 - 0x6d2, _0x20362e, _0x1efcf8 - 0x5d, _0x20362e - 0x1f, _0x9b0d3 - 0x165);
        }
        function _0x462a57(_0x4bf33f, _0x59ffeb, _0x4c5d8c, _0x3d9882, _0x130d56) {
            return _0x4c2d05(_0x3d9882 - -0x253, _0x59ffeb - 0x22, _0x4c5d8c - 0x94, _0x130d56, _0x130d56 - 0x177);
        }
        function _0x3fd9b2(_0x559f8d, _0xabd63c, _0x5ce00f, _0x414bcb, _0x1f9d9b) {
            return _0x2db5f7(_0x559f8d - 0x133, _0xabd63c - 0x18d, _0x5ce00f - 0xe3, _0x5ce00f, _0x1f9d9b - 0x7);
        }
        function _0x21a214(_0x4a7418, _0x183e1e, _0x2000f4, _0x5b5d20, _0x441fa3) {
            return _0x404b84(_0x2000f4 - -0x3a, _0x4a7418, _0x2000f4 - 0x1e8, _0x5b5d20 - 0x139, _0x441fa3 - 0x15b);
        }
        function _0x16a644(_0x18ea45, _0x1655a5, _0x21948c, _0x35b298, _0x352713) {
            return _0x4c2d05(_0x18ea45 - 0x141, _0x1655a5 - 0xd8, _0x21948c - 0x1e0, _0x21948c, _0x352713 - 0x173);
        }
        _0x475dbe[_0x16a644(0x697, 0x66e, '\x47\x56\x68\x55', 0x546, 0x82e)]({
            '\x66\x6c\x69\x70\x58': !_0x475dbe[_0x21a214(0x5e, 0x355, 0x250, 0x200, 0x8d)],
            '\x6c\x65\x66\x74': _0x45f80c
        });
    }), canvas[_0x4c2d05(0x462, 0x6da, 0x539, '\x23\x4a\x43\x36', 0x278) + _0x404b84(-0x1e3, -0x229, -0xba, -0x108, 0xe8)]();
}
function saveImage() {
    function _0x62dca(_0x43583d, _0x373bb3, _0x2d1a94, _0x2c503b, _0x528d86) {
        return _0x5ff5bb(_0x43583d - 0x150, _0x373bb3 - 0x2a, _0x528d86, _0x43583d - 0x34d, _0x528d86 - 0x160);
    }
    function _0x5e4456(_0x448a50, _0xc50648, _0x2a1902, _0x283a5b, _0x1385d2) {
        return _0x1363fa(_0x448a50 - 0x1be, _0xc50648 - 0x98, _0x1385d2, _0x448a50 - -0x3, _0x1385d2 - 0xd3);
    }
    function _0x3cfcff(_0xd3e8a5, _0x28853f, _0xe9d8f9, _0x53a9c4, _0x15671e) {
        return _0x501b6e(_0xd3e8a5 - 0x7d, _0x53a9c4 - 0xba, _0x28853f, _0x53a9c4 - 0x15b, _0x15671e - 0x16d);
    }
    const _0x368fb9 = {
        '\x66\x73\x4a\x66\x68': function (_0x27d17a, _0x400caa) {
            return _0x27d17a(_0x400caa);
        },
        '\x6f\x71\x70\x75\x51': function (_0x55f2d7, _0x3096ea) {
            return _0x55f2d7(_0x3096ea);
        },
        '\x79\x75\x61\x45\x75': function (_0x2af9ee, _0x50a914) {
            return _0x2af9ee === _0x50a914;
        },
        '\x73\x43\x6d\x69\x45': _0x14dc7b(0x58e, 0x672, 0x4e2, 0x421, 0x183),
        '\x6b\x41\x76\x56\x6a': _0x14dc7b(0x31e, 0x1ce, 0x209, 0x3c8, 0x175),
        '\x49\x4a\x55\x67\x68': _0x62dca(0x618, 0x811, 0x7c3, 0x61a, '\x35\x6b\x56\x43') + '\u7247',
        '\x56\x7a\x4a\x54\x46': function (_0x44dbb8, _0x3b4125) {
            return _0x44dbb8 !== _0x3b4125;
        },
        '\x43\x6e\x75\x53\x6c': _0x62dca(0x55d, 0x809, 0x747, 0x65e, '\x42\x69\x4a\x23'),
        '\x6f\x4f\x43\x79\x44': _0x3cfcff(0x536, '\x37\x58\x62\x66', 0x6c4, 0x47f, 0x5b2),
        '\x61\x71\x74\x67\x72': _0x4dc080(0x497, 0x2e4, 0x331, '\x5a\x78\x44\x25', 0x679),
        '\x4c\x5a\x67\x70\x63': _0x14dc7b(0x2e7, 0x19, 0x29c, 0x2ce, 0x4be),
        '\x43\x4b\x69\x52\x4e': _0x43a6a4(0x353, 0x342, 0x1d3, 0x30f, 0x1fc),
        '\x63\x4e\x47\x4d\x41': _0x397fe1(0x1ef, -0x58, 0x2b, 0xda, 0x20f) + '\u8d25\x3a',
        '\x65\x41\x47\x71\x5a': function (_0x4acc80, _0x4965e8) {
            return _0x4acc80(_0x4965e8);
        },
        '\x73\x51\x6f\x52\x70': _0x4dc080(0x3b9, 0x238, 0x594, '\x49\x59\x4a\x56', 0x4a6) + _0x43a6a4(0x3d3, 0x50e, 0x25c, 0x406, 0x2bb)
    };
    function _0x14dc7b(_0x581eea, _0x499e68, _0x177eaf, _0x2263bf, _0x1bdd86) {
        return _0x1363fa(_0x581eea - 0x1ad, _0x499e68 - 0x16d, _0x1bdd86, _0x2263bf - 0x14f, _0x1bdd86 - 0x1ef);
    }
    function _0x4dc080(_0x24eeb1, _0x4bb512, _0x2a129c, _0x5a0b7c, _0xb21bc5) {
        return _0x171a52(_0x24eeb1 - 0x13b, _0x5a0b7c, _0x2a129c - 0xc4, _0x24eeb1 - 0x3b6, _0xb21bc5 - 0xfa);
    }
    function _0x43a6a4(_0x3b1fca, _0x35abc3, _0x52c938, _0xbeaf64, _0x4c9589) {
        return _0x2e84ec(_0x52c938, _0xbeaf64 - -0x4c9, _0x52c938 - 0xc1, _0xbeaf64 - 0x6a, _0x4c9589 - 0x9d);
    }
    function _0x4d0f47(_0xca92e9, _0x3c9a47, _0x3506a9, _0x392e30, _0x16135d) {
        return _0x1821ba(_0xca92e9 - 0xed, _0x3c9a47 - 0xaf, _0x3506a9, _0x392e30 - 0x27, _0xca92e9 - -0x291);
    }
    function _0x397fe1(_0x52864a, _0x15a1c2, _0x51dd37, _0xae24a, _0x38d1b7) {
        return _0x1363fa(_0x52864a - 0x13e, _0x15a1c2 - 0x1cc, _0x52864a, _0x38d1b7 - -0x2d8, _0x38d1b7 - 0x21);
    }
    function _0x57ab90(_0x2b89c7, _0x5cb72a, _0xd8f377, _0x36ba78, _0x1826b8) {
        return _0x171a52(_0x2b89c7 - 0x5c, _0x1826b8, _0xd8f377 - 0x1b0, _0x5cb72a - 0x1c0, _0x1826b8 - 0xf3);
    }
    if (!currentImage) {
        if (_0x368fb9[_0x2aa8c4(0x1ca, 0x31a, -0xf7, 0x1bc, 0x1f4)](_0x368fb9[_0x62dca(0x341, 0x5a1, 0x238, 0x179, '\x33\x47\x4c\x21')], _0x368fb9[_0x3cfcff(0x43e, '\x4a\x6d\x23\x26', 0x611, 0x672, 0x793)])) {
            const _0x163c53 = new _0x3bc690[(_0x4dc080(0x1ec, 0x44e, 0x213, '\x6b\x43\x4e\x59', 0x438))](_0x6e6cf3);
            _0x368fb9[_0x397fe1(-0x40b, -0x198, 0x25, -0x3ca, -0x203)](_0x2b9449, _0x163c53);
        } else {
            _0x368fb9[_0x14dc7b(0x4bf, 0x6a0, 0x8d4, 0x649, 0x776)](alert, _0x368fb9[_0x2aa8c4(0x322, 0x463, 0x100, 0x5c, 0x82)]);
            return;
        }
    }
    function _0x2aa8c4(_0x33a7b4, _0x51ffb6, _0x4e5c90, _0x82dfa9, _0x1dbe7c) {
        return _0xfe7fa6(_0x33a7b4 - 0x4b, _0x51ffb6 - 0x186, _0x4e5c90 - 0x184, _0x82dfa9, _0x1dbe7c - 0x1d9);
    }
    try {
        if (_0x368fb9[_0x2aa8c4(0x2fe, 0x156, 0x226, 0x1b9, 0x4d1)](_0x368fb9[_0x14dc7b(0x65c, 0x407, 0x1a2, 0x3cf, 0x61e)], _0x368fb9[_0x3cfcff(0x496, '\x23\x6f\x67\x75', 0x6c8, 0x6da, 0x687)]))
            _0x368fb9[_0x4dc080(0x5d2, 0x804, 0x656, '\x62\x23\x34\x51', 0x88e)](_0x12e1ab, _0xb95f41);
        else {
            const _0x585cea = isMobile ? -0x1 * 0x18d + -0xedc + 0x106a + 0.5 : -0x260d + 0x56 * 0x1 + 0x25b9, _0x223dad = {};
            _0x223dad[_0x397fe1(-0x1e0, 0xe, -0x176, -0x9a, -0x8e) + '\x74'] = _0x368fb9[_0x62dca(0x23e, 0x175, 0x4a6, 0x2d3, '\x23\x4a\x43\x36')], _0x223dad[_0x3cfcff(0x98, '\x77\x32\x25\x56', 0x3aa, 0x235, 0x38d) + '\x74\x79'] = 0x1, _0x223dad[_0x62dca(0x21b, 0x3e7, 0xb6, 0x11b, '\x31\x62\x52\x26') + _0x62dca(0x3d3, 0x4e5, 0x60e, 0x54f, '\x73\x62\x78\x6f')] = _0x585cea;
            const _0x319917 = canvas[_0x43a6a4(-0x89, -0x149, 0x3e8, 0x129, -0x108) + _0x2aa8c4(0x3af, 0x327, 0x57d, 0x576, 0x17a)](_0x223dad);
            if (isMobile) {
                if (_0x368fb9[_0x3cfcff(0x541, '\x45\x45\x75\x6a', 0x2cb, 0x42c, 0x6df)](_0x368fb9[_0x2aa8c4(0x13c, 0x1d, -0x6c, -0xcd, 0x287)], _0x368fb9[_0x3cfcff(0x444, '\x6e\x7a\x39\x6e', 0x754, 0x6d9, 0x920)]))
                    _0xf1fcee[_0x397fe1(0xb0, 0x147, 0x405, 0x93, 0x2a5) + _0x62dca(0x434, 0x4c0, 0x67f, 0x173, '\x56\x53\x38\x53')] = ![];
                else {
                    resultImage[_0x43a6a4(-0xbe, 0x21b, 0x208, -0x63, 0x136)] = _0x319917, modalOverlay[_0x62dca(0x55b, 0x4a2, 0x3d5, 0x416, '\x66\x49\x76\x67') + _0x43a6a4(0x45e, 0x266, 0x2a2, 0x1f5, 0x4b7)][_0x43a6a4(0x2c1, 0x1a7, 0x1ad, 0x1f8, 0x16c)](_0x368fb9[_0x2aa8c4(-0x16d, -0x3c, -0x197, -0x370, -0x234)]);
                    if (isIOS) {
                        const _0x246279 = document[_0x397fe1(0x2bf, -0x7c, 0x180, -0x3f, 0x158) + _0x57ab90(0x371, 0x2ed, 0x423, 0x1e6, '\x30\x4d\x30\x4b') + _0x43a6a4(0xa1, 0x2fd, 0x18f, 0x31, -0x4)]('\x61');
                        _0x246279[_0x57ab90(0x19b, 0x30c, 0x36c, 0x465, '\x69\x69\x69\x25')] = _0x319917, _0x246279[_0x3cfcff(0x529, '\x4a\x7a\x5d\x6d', 0x4a9, 0x653, 0x477) + _0x2aa8c4(0xd4, 0x2ed, 0x1a5, 0x2c7, 0x258)] = _0x57ab90(0x209, 0x2ab, -0xe, 0x330, '\x46\x39\x77\x64') + _0x4dc080(0x5ff, 0x4f7, 0x7cb, '\x67\x4f\x42\x23', 0x529) + _0x2aa8c4(-0x125, -0x2ab, 0xab, -0x29, -0xdf) + Date[_0x4dc080(0x1ff, -0xd, 0x6b, '\x37\x58\x62\x66', 0x474)]() + _0x43a6a4(0x22b, 0x2ac, 0x44c, 0x3e4, 0x699), document[_0x57ab90(0x364, 0x2f8, 0x1c3, 0x474, '\x35\x6b\x56\x43')][_0x2aa8c4(0x105, 0x72, 0x35c, 0xff, 0x22e) + _0x4dc080(0x5c5, 0x84e, 0x7e0, '\x37\x58\x62\x66', 0x539) + '\x64'](_0x246279), _0x246279[_0x5e4456(0xc7, 0xf3, 0xe6, -0x14c, 0x366)](), document[_0x3cfcff(0x4d2, '\x6e\x7a\x39\x6e', 0x396, 0x363, 0x59b)][_0x5e4456(0x1c6, -0xc5, 0x41b, 0x46b, 0x475) + _0x397fe1(0x1a2, -0x126, -0x239, 0x2a8, 0x5d) + '\x64'](_0x246279);
                    }
                }
            } else {
                const _0x51fa46 = document[_0x4d0f47(0x175, 0x387, '\x4c\x6c\x59\x67', 0xdb, 0x2fd) + _0x4d0f47(0x311, 0x17b, '\x57\x55\x6f\x5e', 0x40d, 0x111) + _0x43a6a4(0x20e, -0x5e, -0x1cb, 0x31, -0xb0)]('\x61');
                _0x51fa46[_0x43a6a4(0x1f5, 0x270, 0x93, 0x359, 0x13e) + _0x14dc7b(0x619, 0x430, 0x6b5, 0x4aa, 0x52d)] = _0x5e4456(0x586, 0x383, 0x319, 0x666, 0x307) + _0x397fe1(0x3c6, 0x104, 0x10d, -0x4a, 0x1ef) + _0x2aa8c4(-0x125, -0x17b, -0x91, -0x158, -0x25) + Date[_0x4dc080(0x32e, 0x508, 0x5ef, '\x67\x4f\x42\x23', 0x565)]() + _0x397fe1(0x2f4, 0x207, 0x284, 0x356, 0x2c1), _0x51fa46[_0x14dc7b(0x615, 0x181, 0x5dc, 0x3d2, 0x1f1)] = _0x319917, _0x51fa46[_0x43a6a4(-0x14e, -0x135, -0x383, -0xeb, 0x111)]();
            }
        }
    } catch (_0xd0433d) {
        console[_0x62dca(0x165, 0x325, 0x1ce, -0x71, '\x32\x47\x67\x76')](_0x368fb9[_0x3cfcff(0x3f7, '\x30\x30\x42\x42', 0x578, 0x5b9, 0x334)], _0xd0433d), _0x368fb9[_0x5e4456(0x31e, 0x9e, 0x212, 0xab, 0x2a8)](alert, _0x368fb9[_0x14dc7b(0x346, 0x780, 0x7ae, 0x52a, 0x5d2)]);
    }
}
function _0x28a984(_0x4926ac, _0x1acb1f, _0x599103, _0x28cdd6, _0xdd628c) {
    return _0x59f5(_0x599103 - -0x209, _0x4926ac);
}
function showLoading(_0x3d6597 = _0x5a40d5(0xfb, 0x269, 0x35b, 0x4a2, 0x4cf) + '\x2e') {
    function _0x45a8eb(_0x2ea206, _0x99a75c, _0x5619ff, _0xfd3b54, _0x87af94) {
        return _0x28a984(_0x87af94, _0x99a75c - 0x11a, _0x2ea206 - 0x5c6, _0xfd3b54 - 0x1ec, _0x87af94 - 0x19);
    }
    const _0xccf623 = {};
    function _0x4b7877(_0x5e1a5c, _0xe365f7, _0x80ae55, _0x51cd13, _0x4c010a) {
        return _0x171a52(_0x5e1a5c - 0x6d, _0x51cd13, _0x80ae55 - 0x4d, _0x4c010a - 0x4e8, _0x4c010a - 0xe9);
    }
    function _0x3472c2(_0x5d00f5, _0x13ec0e, _0x2db5df, _0x3f1e7b, _0x4d262b) {
        return _0x5a40d5(_0x4d262b, _0x3f1e7b - 0x391, _0x2db5df - 0x157, _0x3f1e7b - 0x68, _0x4d262b - 0x10b);
    }
    function _0x8bfaa(_0x3d7445, _0x2d9da6, _0x5bfebc, _0x171da5, _0x17ae82) {
        return _0x171a52(_0x3d7445 - 0xc6, _0x17ae82, _0x5bfebc - 0xb0, _0x171da5 - 0x4de, _0x17ae82 - 0x188);
    }
    function _0x17217a(_0x53e1a, _0x3e43f7, _0x236db6, _0x115c3c, _0x11ed2d) {
        return _0x1363fa(_0x53e1a - 0x1c2, _0x3e43f7 - 0xaa, _0x11ed2d, _0x53e1a - -0x132, _0x11ed2d - 0x15e);
    }
    function _0x1edde7(_0x1192ff, _0x41f5a1, _0x178627, _0x4fad91, _0x51f609) {
        return _0x2e84ec(_0x51f609, _0x1192ff - -0x495, _0x178627 - 0x35, _0x4fad91 - 0x80, _0x51f609 - 0xf7);
    }
    function _0x244197(_0x320d0b, _0x190310, _0x2cd870, _0x4c5470, _0x86fabc) {
        return _0x1821ba(_0x320d0b - 0x4, _0x190310 - 0x38, _0x86fabc, _0x4c5470 - 0x143, _0x4c5470 - -0x583);
    }
    _0xccf623[_0x4b7877(0x47b, 0x1f9, 0x4fe, '\x6b\x43\x4e\x59', 0x365)] = _0x4b7877(0x582, 0x9a7, 0x653, '\x67\x4f\x42\x23', 0x82e) + '\x6e';
    function _0x302ada(_0x5120bd, _0x4e6355, _0x170218, _0x2b0b0b, _0x3eea5c) {
        return _0x5ff5bb(_0x5120bd - 0x8a, _0x4e6355 - 0x119, _0x2b0b0b, _0x5120bd - 0x26a, _0x3eea5c - 0x1d2);
    }
    function _0xf66f9e(_0x28c7ed, _0x547c77, _0xd1f2a9, _0x55bd4e, _0x523871) {
        return _0x5ff5bb(_0x28c7ed - 0x87, _0x547c77 - 0x2d, _0x547c77, _0x28c7ed - 0x47, _0x523871 - 0xe0);
    }
    _0xccf623[_0x3cf477(0x5ca, 0x505, 0xc8, 0x201, 0x36b)] = _0x4b7877(0x314, 0x547, 0x6df, '\x57\x55\x6f\x5e', 0x446) + _0x8bfaa(0x4af, 0x48e, 0x12e, 0x3f9, '\x5a\x78\x44\x25') + _0x244197(-0x126, -0x18c, -0x376, -0x14f, '\x51\x39\x5b\x45');
    const _0x348177 = _0xccf623;
    loadingOverlay[_0x302ada(0x48a, 0x270, 0x300, '\x51\x39\x5b\x45', 0x657) + _0x3472c2(0x83e, 0x7d5, 0x4d9, 0x621, 0x489)][_0x4b7877(0x1fd, 0x474, 0x46a, '\x37\x58\x62\x66', 0x332) + '\x65'](_0x348177[_0x3472c2(0x4d1, 0x444, 0x47f, 0x62a, 0x71a)]);
    const _0x340eba = loadingOverlay[_0x8bfaa(0x751, 0x2f6, 0x530, 0x506, '\x78\x63\x78\x75') + _0x302ada(0x103, 0x146, 0x106, '\x4a\x6d\x23\x26', 0x94) + _0x3472c2(0x8b2, 0xb77, 0x949, 0x8a3, 0xa8a)](_0x348177[_0x17217a(0x279, 0x460, 0x1aa, 0x2e6, 0x486)]);
    function _0x3cf477(_0x146931, _0x5ce072, _0x26da58, _0x1e7ed4, _0x3da943) {
        return _0xfe7fa6(_0x3da943 - 0x292, _0x5ce072 - 0x83, _0x26da58 - 0x3e, _0x1e7ed4, _0x3da943 - 0x13e);
    }
    _0x340eba && (_0x340eba[_0x1edde7(0x304, 0xca, 0xec, 0x34b, 0xc7) + _0x17217a(0x13f, 0x10c, -0x93, -0x15b, 0xe8) + '\x74'] = _0x3d6597);
}
function hideLoading() {
    const _0x1e46e0 = {};
    _0x1e46e0[_0x4059cc(-0xe, 0x27c, 0x5c, -0x3e, 0x114)] = _0x4059cc(0x331, 0x331, 0x543, 0x179, 0x5f4) + '\x6e';
    function _0x587836(_0x305994, _0x20aebf, _0x47a7b4, _0x542000, _0x286159) {
        return _0x171a52(_0x305994 - 0xbe, _0x305994, _0x47a7b4 - 0x66, _0x47a7b4 - 0x173, _0x286159 - 0xcf);
    }
    function _0x5a2515(_0x54ed5e, _0x1eae49, _0x49ea36, _0x1553e6, _0x354324) {
        return _0x501b6e(_0x54ed5e - 0xd4, _0x54ed5e - 0x10f, _0x1553e6, _0x1553e6 - 0x5, _0x354324 - 0x19f);
    }
    const _0xbf98a6 = _0x1e46e0;
    function _0x4059cc(_0x8893d7, _0x4d5ba7, _0x912b34, _0x35fef5, _0x2619db) {
        return _0x2e84ec(_0x2619db, _0x8893d7 - -0x550, _0x912b34 - 0x20, _0x35fef5 - 0x173, _0x2619db - 0x16e);
    }
    function _0x5d0c51(_0x3a3ba9, _0x33c71b, _0x3ea90e, _0x5dba14, _0x2d3e9c) {
        return _0xfe7fa6(_0x5dba14 - 0x340, _0x33c71b - 0xa6, _0x3ea90e - 0x3d, _0x3ea90e, _0x2d3e9c - 0xb5);
    }
    function _0x30e409(_0x263485, _0x3c7da6, _0x1856fb, _0x1be4e7, _0x5cc12d) {
        return _0x5ff5bb(_0x263485 - 0xd7, _0x3c7da6 - 0x15c, _0x1be4e7, _0x1856fb - 0xda, _0x5cc12d - 0x2e);
    }
    function _0x5bc885(_0x18c0d3, _0x377114, _0x4abf8a, _0x5a2c0c, _0x586291) {
        return _0x28a984(_0x377114, _0x377114 - 0x4f, _0x5a2c0c - 0x141, _0x5a2c0c - 0x18b, _0x586291 - 0x12f);
    }
    loadingOverlay[_0x30e409(0x390, 0x372, 0x39e, '\x30\x4d\x30\x4b', 0x481) + _0x30e409(0x360, 0x5cc, 0x40c, '\x63\x69\x61\x36', 0x68d)][_0x30e409(-0x11, 0x223, 0x3, '\x23\x6f\x67\x75', 0x1b4)](_0xbf98a6[_0x5d0c51(0xa4, 0x8a, 0x16f, 0x29c, 0x270)]);
}
let resizeTimer;
window[_0x2e84ec(0x632, 0x629, 0x645, 0x8e8, 0x8b5) + _0x5a40d5(0x11, -0x32, -0x7b, 0x241, -0xcf) + _0xfe7fa6(-0x154, -0x14a, -0x265, -0x3ff, -0x146) + '\x72'](_0x171a52(-0x6d, '\x37\x58\x62\x66', 0x51, -0xc, 0x16) + '\x65', () => {
    function _0x3daa5b(_0x2c816f, _0x157362, _0x61074, _0x40ac11, _0x4e27bc) {
        return _0x48aa3b(_0x2c816f, _0x157362 - 0x12b, _0x61074 - 0x1e8, _0x40ac11 - 0x1cf, _0x4e27bc - 0x3e7);
    }
    function _0x195ca0(_0x5dafaf, _0xd5d49d, _0x215890, _0x253d54, _0x566976) {
        return _0x28a984(_0xd5d49d, _0xd5d49d - 0x35, _0x253d54 - 0x40e, _0x253d54 - 0x115, _0x566976 - 0x61);
    }
    function _0x39d147(_0x10d536, _0x2d8f85, _0x59069c, _0x167469, _0x3c9829) {
        return _0x5a40d5(_0x3c9829, _0x59069c - -0x96, _0x59069c - 0x4e, _0x167469 - 0xf8, _0x3c9829 - 0x100);
    }
    const _0x230333 = {
        '\x45\x77\x53\x6b\x45': _0x2e28ba(0xa4, -0x7f, 0x8e, -0xc0, 0x3e) + '\u8d25\x3a',
        '\x6a\x47\x4a\x6c\x6f': function (_0x504e87, _0x12aecd) {
            return _0x504e87(_0x12aecd);
        },
        '\x52\x41\x59\x70\x74': _0x24210b(0x7db, 0x492, 0x6c3, 0x46f, 0x6c0) + _0x27e2f2(0x1d1, 0x341, 0x414, 0x281, 0x624),
        '\x46\x54\x52\x41\x55': function (_0x1f57f3, _0x6b3cd4) {
            return _0x1f57f3 && _0x6b3cd4;
        },
        '\x53\x4c\x4c\x62\x43': function (_0x1b74f4) {
            return _0x1b74f4();
        },
        '\x6d\x77\x51\x58\x6f': function (_0x368d77, _0x3cefb9) {
            return _0x368d77 > _0x3cefb9;
        },
        '\x6b\x4b\x4e\x78\x46': function (_0x2feb46, _0x5e9c10) {
            return _0x2feb46 === _0x5e9c10;
        },
        '\x77\x54\x4d\x69\x63': _0x27e2f2(0x1f2, -0x2a, 0x232, 0x28e, -0x30),
        '\x52\x4d\x51\x73\x6f': function (_0x33d3b0, _0x8b0f4f) {
            return _0x33d3b0 / _0x8b0f4f;
        },
        '\x62\x77\x63\x50\x61': function (_0x4bf5ea, _0x37a9d6) {
            return _0x4bf5ea * _0x37a9d6;
        },
        '\x48\x75\x78\x69\x44': function (_0x4696e2, _0xef5b80) {
            return _0x4696e2(_0xef5b80);
        },
        '\x59\x68\x44\x56\x74': function (_0xbf26a1, _0x2d9e2b, _0x4ce4b3) {
            return _0xbf26a1(_0x2d9e2b, _0x4ce4b3);
        }
    };
    function _0x24210b(_0x38295b, _0x39ad9c, _0x17e645, _0x18134f, _0x232f06) {
        return _0x28a984(_0x38295b, _0x39ad9c - 0x145, _0x232f06 - 0x5df, _0x18134f - 0x1be, _0x232f06 - 0x57);
    }
    function _0x2e28ba(_0x354b84, _0x66c865, _0x4ca2fe, _0x3cb4b2, _0x29de1d) {
        return _0x28a984(_0x29de1d, _0x66c865 - 0xe0, _0x354b84 - -0x3d, _0x3cb4b2 - 0x1d8, _0x29de1d - 0x110);
    }
    function _0x27e2f2(_0x373a6d, _0x4ccfde, _0x116258, _0xc8642b, _0x468e25) {
        return _0x2e84ec(_0x4ccfde, _0x116258 - -0x4bb, _0x116258 - 0x3b, _0xc8642b - 0xd0, _0x468e25 - 0x32);
    }
    _0x230333[_0x3daa5b('\x45\x45\x75\x6a', 0x493, 0x608, 0x939, 0x70b)](clearTimeout, resizeTimer), resizeTimer = _0x230333[_0x39d147(0x1bc, -0x125, 0x132, 0x11, -0x48)](setTimeout, () => {
        function _0x3597bf(_0x4ff497, _0x5db3fe, _0x25026f, _0x4dc4a8, _0x4e7952) {
            return _0x24210b(_0x4ff497, _0x5db3fe - 0x1a2, _0x25026f - 0xb9, _0x4dc4a8 - 0x7d, _0x25026f - -0x5f3);
        }
        function _0xa84233(_0x3b8203, _0x41311e, _0x43216e, _0x2a9ede, _0x10fa6) {
            return _0x3daa5b(_0x10fa6, _0x41311e - 0x167, _0x43216e - 0x12a, _0x2a9ede - 0x18f, _0x43216e - -0x3f9);
        }
        function _0x2f7df4(_0x1cd27a, _0x4c1818, _0x37d18c, _0x2f04db, _0xafc6bb) {
            return _0x195ca0(_0x1cd27a - 0x1e2, _0x2f04db, _0x37d18c - 0x13, _0x4c1818 - 0x21, _0xafc6bb - 0x92);
        }
        const _0x121f6d = {
            '\x67\x6b\x4e\x4a\x70': _0x230333[_0x341a5c(0x109, 0x314, 0x1d8, 0x1d2, 0x28c)],
            '\x59\x42\x4e\x6b\x58': function (_0x117b53, _0x2a5ce8) {
                function _0x410577(_0x3a3d7c, _0x5c9b79, _0x3e0850, _0x25a36e, _0x54e7c2) {
                    return _0x341a5c(_0x5c9b79, _0x5c9b79 - 0x7f, _0x3e0850 - 0x16e, _0x3a3d7c - -0x352, _0x54e7c2 - 0x190);
                }
                return _0x230333[_0x410577(0x225, 0x466, 0x4b7, 0x57, 0x285)](_0x117b53, _0x2a5ce8);
            },
            '\x53\x68\x67\x56\x51': _0x230333[_0x1028b2(0x89, -0x114, 0x2aa, 0x73, 0x110)]
        };
        function _0x4b3b78(_0x35b067, _0x28cc04, _0x3d4f2e, _0x4245e1, _0x1e250e) {
            return _0x3daa5b(_0x1e250e, _0x28cc04 - 0x183, _0x3d4f2e - 0x158, _0x4245e1 - 0x2c, _0x28cc04 - 0x45);
        }
        function _0xe61ee3(_0x1a1fe8, _0x21baed, _0x3637d5, _0x44f93a, _0x4f55a) {
            return _0x3daa5b(_0x44f93a, _0x21baed - 0x185, _0x3637d5 - 0x91, _0x44f93a - 0x12b, _0x1a1fe8 - 0x16f);
        }
        function _0x4ecef3(_0x2e2b15, _0x198540, _0x4aa38, _0x3bbbf7, _0x32de96) {
            return _0x3daa5b(_0x3bbbf7, _0x198540 - 0x67, _0x4aa38 - 0x13f, _0x3bbbf7 - 0x3b, _0x2e2b15 - -0x1ee);
        }
        function _0x1028b2(_0x31145b, _0xbeba80, _0x3f3aad, _0x29e277, _0x40b6e8) {
            return _0x39d147(_0x31145b - 0x98, _0xbeba80 - 0xcd, _0x40b6e8 - 0x165, _0x29e277 - 0x117, _0xbeba80);
        }
        function _0x1ab7b1(_0x2af11a, _0x1a74c1, _0xd37e61, _0x514cab, _0x517199) {
            return _0x3daa5b(_0x2af11a, _0x1a74c1 - 0x10f, _0xd37e61 - 0x18, _0x514cab - 0x1a3, _0x1a74c1 - 0x11);
        }
        function _0x513b58(_0xf5c89e, _0x17c765, _0x27bc25, _0x55a221, _0x197b49) {
            return _0x2e28ba(_0x17c765 - -0x161, _0x17c765 - 0x143, _0x27bc25 - 0xb7, _0x55a221 - 0xc0, _0xf5c89e);
        }
        function _0x341a5c(_0x12932f, _0x92269e, _0x227650, _0x36db1b, _0x2e5157) {
            return _0x39d147(_0x12932f - 0x119, _0x92269e - 0x164, _0x36db1b - 0x292, _0x36db1b - 0x103, _0x12932f);
        }
        if (_0x230333[_0xa84233(0x301, 0x210, 0x359, 0x604, '\x2a\x45\x4d\x79')](canvas, currentImage)) {
            const {
                    maxWidth: _0x32b1f1,
                    maxHeight: _0x15d46f
                } = _0x230333[_0xe61ee3(0xa49, 0xd15, 0xb64, '\x59\x40\x61\x51', 0xa02)](getMaxCanvasSize), _0x3e9190 = currentImage[_0xe61ee3(0x96f, 0xbdd, 0x838, '\x73\x62\x78\x6f', 0xa93) + _0xa84233(0x6c, 0x40e, 0x31b, 0x317, '\x77\x32\x25\x56')]();
            if (_0x3e9190) {
                let _0x19d644 = _0x3e9190[_0x2f7df4(0x682, 0x7f4, 0x733, 0x604, 0x62c) + _0x4b3b78(0x611, 0x70b, 0x752, 0x87e, '\x2a\x45\x4d\x79') + '\x74\x68'] || _0x3e9190[_0x2f7df4(0x640, 0x703, 0x5d7, 0x4ce, 0x8f7)], _0x5ef179 = _0x3e9190[_0x4b3b78(0x8e5, 0x6f9, 0x77b, 0x9c8, '\x57\x55\x6f\x5e') + _0x2f7df4(0x509, 0x76c, 0x4bd, 0x7ed, 0x99c) + _0x4ecef3(0x688, 0x88b, 0x915, '\x30\x79\x54\x32', 0x82d)] || _0x3e9190[_0xa84233(-0xe8, 0x44f, 0x1c5, 0x171, '\x51\x23\x5e\x75') + '\x74'];
                if (_0x230333[_0x1028b2(0x2d6, 0x651, 0x358, 0x49c, 0x442)](_0x19d644, _0x32b1f1) || _0x230333[_0x4ecef3(0x161, 0x2f5, -0x11b, '\x51\x39\x5b\x45', 0x37b)](_0x5ef179, _0x15d46f)) {
                    if (_0x230333[_0x2f7df4(0x5f8, 0x36f, 0x4b9, 0x4e9, 0xdf)](_0x230333[_0xa84233(0xb7, 0x398, 0x146, 0x75, '\x73\x4f\x32\x4f')], _0x230333[_0x1ab7b1('\x51\x23\x5e\x75', 0x849, 0x6f2, 0xa3d, 0x646)])) {
                        const _0x4f904b = Math[_0x3597bf(0x35d, 0x4e3, 0x407, 0x31c, 0x221)](_0x230333[_0x2f7df4(0x840, 0x885, 0xaeb, 0x85b, 0xa42)](_0x32b1f1, _0x19d644), _0x230333[_0x2f7df4(0xb05, 0x885, 0x5f0, 0xb00, 0x788)](_0x15d46f, _0x5ef179));
                        _0x19d644 = _0x230333[_0x2f7df4(0x5b2, 0x423, 0x1e6, 0x547, 0x66a)](_0x19d644, _0x4f904b), _0x5ef179 = _0x230333[_0x3597bf(0x239, 0xed, -0x20, -0x1bd, 0x197)](_0x5ef179, _0x4f904b);
                    } else
                        _0x76cc44[_0xe61ee3(0x6ff, 0x6bb, 0x7c7, '\x62\x23\x34\x51', 0x6b7)](_0x121f6d[_0x1ab7b1('\x37\x58\x62\x66', 0x720, 0x745, 0x468, 0x922)], _0x3e0a90), _0x121f6d[_0x3597bf(0x482, 0x5a6, 0x315, 0x445, 0x152)](_0x1b10c8, _0x121f6d[_0x4ecef3(0x2e0, 0x122, 0x310, '\x6e\x7a\x39\x6e', 0x44a)]);
                }
                canvas[_0x2f7df4(0x6c3, 0x5ab, 0x4e5, 0x5b9, 0x6e6) + _0x513b58(0x3ce, 0x15a, 0x3d3, 0x47, 0x193)](_0x19d644), canvas[_0x3597bf(0x22f, -0xda, -0x22, 0x2b0, 0x21e) + _0x1ab7b1('\x45\x45\x75\x6a', 0x62a, 0x6b9, 0x6a0, 0x5f6)](_0x5ef179), canvas[_0x3597bf(-0x2a, -0xfa, -0x9c, -0x36b, 0x22) + _0x513b58(0x3e, -0x20c, 0x42, -0x426, -0x29a)]();
            }
        }
    }, -0xdf2 + -0xae4 * 0x1 + 0x1a02);
}), window[_0x5a40d5(0x23, 0x1fb, 0x3bf, 0x3bc, 0x211) + _0x501b6e(0x560, 0x308, '\x6b\x43\x4e\x59', 0x5a, 0x237) + _0x501b6e(0x14f, 0x41b, '\x62\x36\x4d\x5a', 0x2ce, 0x5ec) + '\x72'](_0x48aa3b('\x45\x45\x75\x6a', 0x57e, 0x2dc, 0x1c9, 0x3e8) + _0x5a40d5(0x213, 0x3c4, 0x2a5, 0x26b, 0x412) + _0xfe7fa6(-0x138, -0x3a, 0x53, -0x1ba, 0x4c) + '\x64', init);
function _0x3722af(_0x247472) {
    function _0x3384d2(_0x278235, _0x3b6b49, _0x4e8091, _0x417ee8, _0x4829c7) {
        return _0x1821ba(_0x278235 - 0x14b, _0x3b6b49 - 0x1d3, _0x4e8091, _0x417ee8 - 0xa9, _0x278235 - -0x21c);
    }
    function _0x3bd68c(_0x56a9ba, _0x3ee683, _0x1c2c40, _0x2a6bd0, _0x5491c0) {
        return _0x48aa3b(_0x3ee683, _0x3ee683 - 0x98, _0x1c2c40 - 0x12c, _0x2a6bd0 - 0xe5, _0x56a9ba - 0xd3);
    }
    function _0x5a0693(_0x528f41, _0x5d7fd7, _0x2ee309, _0x53d3e1, _0x4a0396) {
        return _0x5ff5bb(_0x528f41 - 0x3c, _0x5d7fd7 - 0x1bc, _0x5d7fd7, _0x4a0396 - 0x2de, _0x4a0396 - 0xc1);
    }
    function _0x152fc1(_0x6e2788, _0x183a61, _0x4c0f36, _0x214e90, _0x317a82) {
        return _0x2e84ec(_0x214e90, _0x4c0f36 - -0x5cb, _0x4c0f36 - 0x168, _0x214e90 - 0x31, _0x317a82 - 0x134);
    }
    function _0x2b6b99(_0x528455, _0x47b13a, _0x5dfcf6, _0x2af0c5, _0x52c1ee) {
        return _0x5a40d5(_0x5dfcf6, _0x2af0c5 - -0x85, _0x5dfcf6 - 0x138, _0x2af0c5 - 0xd5, _0x52c1ee - 0x18c);
    }
    const _0x51843e = {
        '\x4a\x5a\x63\x43\x6f': function (_0x5dd7c0, _0xdbf3b0) {
            return _0x5dd7c0(_0xdbf3b0);
        },
        '\x6f\x41\x53\x76\x46': _0x5a0693(0x1d4, '\x26\x5a\x4c\x5a', 0x27c, 0x199, 0x33f) + '\u7247',
        '\x54\x6b\x6c\x4a\x66': function (_0x1c2da1) {
            return _0x1c2da1();
        },
        '\x4c\x46\x66\x6d\x71': function (_0x1f9ae5, _0x31cdd6) {
            return _0x1f9ae5(_0x31cdd6);
        },
        '\x57\x67\x6c\x57\x4f': _0x52541f(0xb2, 0x63, 0x319, '\x47\x56\x68\x55', 0xa7) + _0x3bd68c(0x1d5, '\x5a\x78\x44\x25', -0x46, 0x435, 0x322) + _0x3bd68c(0x3cb, '\x56\x53\x38\x53', 0x5ff, 0x3ae, 0x463),
        '\x4e\x6a\x4a\x7a\x6a': function (_0x74854f, _0x531a29) {
            return _0x74854f !== _0x531a29;
        },
        '\x64\x53\x57\x48\x62': _0x152fc1(0x35b, 0x49c, 0x235, 0x1d7, 0x163),
        '\x4e\x43\x6e\x74\x56': _0x15fdf2(0x53a, 0x7f5, '\x4c\x6c\x59\x67', 0x597, 0x802),
        '\x73\x4b\x41\x71\x6e': function (_0x2a27af, _0x5bd66e) {
            return _0x2a27af === _0x5bd66e;
        },
        '\x42\x75\x51\x66\x46': _0x15fdf2(0x61c, 0x310, '\x78\x63\x78\x75', 0x498, 0x64d) + '\x65',
        '\x6e\x51\x76\x65\x45': _0x4a8207(0xb64, 0x895, 0x8bb, 0x812, 0x81f) + _0x152fc1(-0x13d, -0x38, -0x4f, -0x27d, 0x1d7),
        '\x67\x69\x53\x65\x4d': _0x52541f(0x3d9, 0x154, 0x3db, '\x63\x69\x61\x36', 0x4ae),
        '\x70\x6a\x6d\x67\x62': _0x3384d2(0x5bf, 0x77f, '\x63\x69\x61\x36', 0x789, 0x713),
        '\x72\x55\x45\x4e\x43': _0x13cd6a(0x72e, 0xa4a, 0x7ff, 0x8d1, 0x70f),
        '\x6d\x4b\x67\x55\x6c': _0x3384d2(0x61c, 0x7b6, '\x26\x5a\x4c\x5a', 0x352, 0x588) + '\u7ffb\u8f6c',
        '\x47\x6f\x6f\x53\x77': function (_0x5aeccd, _0x128d3a) {
            return _0x5aeccd !== _0x128d3a;
        },
        '\x65\x52\x49\x65\x66': _0x52541f(0x574, 0x4da, 0x433, '\x67\x4f\x42\x23', 0x16d),
        '\x58\x53\x4d\x72\x6d': function (_0xa91b5c, _0x3a4754) {
            return _0xa91b5c === _0x3a4754;
        },
        '\x6a\x70\x4e\x6c\x6c': _0x152fc1(-0x86, -0x218, 0x77, 0x1f5, -0x73) + '\x67',
        '\x4d\x4b\x45\x66\x43': function (_0x26154d, _0x2033f1) {
            return _0x26154d !== _0x2033f1;
        },
        '\x5a\x59\x49\x58\x64': _0x3384d2(0x63a, 0x39e, '\x62\x23\x34\x51', 0x531, 0x6eb),
        '\x46\x72\x4d\x58\x66': _0x15fdf2(0x31a, 0x340, '\x51\x39\x5b\x45', 0x558, 0x730) + _0x3384d2(0x387, 0x4d6, '\x30\x30\x42\x42', 0x23e, 0x491) + _0x3384d2(0x1c9, -0xb2, '\x66\x49\x76\x67', 0x489, 0xec),
        '\x4d\x6d\x43\x75\x77': _0x2b6b99(-0x159, 0x1c9, 0x1bb, 0x121, 0x179) + '\x65\x72',
        '\x45\x4b\x6d\x45\x71': function (_0x534c80, _0x261fbd) {
            return _0x534c80 + _0x261fbd;
        },
        '\x4a\x47\x4f\x4f\x67': function (_0x3153e8, _0x6935d8) {
            return _0x3153e8 / _0x6935d8;
        },
        '\x67\x65\x4e\x52\x67': _0x1884dd(0x358, 0x3a, 0x13e, 0x263, 0x35d) + '\x68',
        '\x49\x50\x50\x59\x62': function (_0x1a2c61, _0x2eb325) {
            return _0x1a2c61 === _0x2eb325;
        },
        '\x52\x6c\x6f\x58\x53': function (_0x58fdb6, _0x33c40c) {
            return _0x58fdb6 % _0x33c40c;
        },
        '\x5a\x4d\x42\x77\x45': _0x2b6b99(0x60b, 0x61e, 0x4de, 0x41e, 0x3e1),
        '\x75\x44\x64\x64\x56': function (_0x5b92b1, _0x50e482) {
            return _0x5b92b1 + _0x50e482;
        },
        '\x45\x62\x79\x43\x6f': _0x52541f(0x3ed, 0x696, 0x413, '\x77\x32\x25\x56', 0x60e),
        '\x5a\x67\x66\x56\x48': _0x52541f(0x12e, 0x1aa, 0x316, '\x23\x4a\x43\x36', 0x148),
        '\x55\x68\x45\x79\x6a': _0x3bd68c(0x1e7, '\x78\x63\x78\x75', 0x367, -0x69, 0x6) + '\x6e',
        '\x77\x68\x47\x41\x53': function (_0xf9a829, _0x20f8a6) {
            return _0xf9a829 !== _0x20f8a6;
        },
        '\x5a\x41\x70\x64\x62': _0x3384d2(0x61e, 0x4f7, '\x26\x5a\x4c\x5a', 0x690, 0x656),
        '\x72\x72\x6d\x41\x45': function (_0x3d27d8, _0x117494) {
            return _0x3d27d8 + _0x117494;
        },
        '\x50\x42\x58\x46\x64': _0x4a8207(0x8ef, 0x472, 0x683, 0x954, 0x488) + _0x15fdf2(0x33c, 0x267, '\x63\x69\x61\x36', 0x43f, 0x265) + '\x74',
        '\x73\x53\x41\x7a\x72': _0x5a0693(0x67e, '\x4a\x7a\x5d\x6d', 0x4b1, 0x207, 0x4b6) + '\u8d25\x3a',
        '\x42\x53\x77\x75\x73': function (_0x538e77, _0x100530) {
            return _0x538e77 !== _0x100530;
        },
        '\x67\x6b\x4b\x47\x79': _0x4a8207(0x284, 0x3a4, 0x3ed, 0x586, 0x379)
    };
    function _0x15fdf2(_0x10e005, _0x1eb482, _0x2c0858, _0x21c6f5, _0xdec827) {
        return _0x5ff5bb(_0x10e005 - 0xc9, _0x1eb482 - 0x79, _0x2c0858, _0x21c6f5 - 0x641, _0xdec827 - 0x197);
    }
    function _0x24546d(_0x4f4f63) {
        function _0x5ed6e9(_0x4aaa4c, _0x206b4f, _0x8c4d29, _0x26eef3, _0x3c76e0) {
            return _0x152fc1(_0x4aaa4c - 0xab, _0x206b4f - 0xfb, _0x8c4d29 - 0xe4, _0x26eef3, _0x3c76e0 - 0x1e7);
        }
        function _0x171fc7(_0x42ef31, _0x13f5bd, _0xb5acb1, _0x587c32, _0x1b5682) {
            return _0x1884dd(_0x42ef31 - 0xa8, _0x13f5bd - 0x175, _0x587c32 - 0x185, _0x13f5bd, _0x1b5682 - 0x1e2);
        }
        function _0x3233d1(_0x5e236f, _0x456fdf, _0x24eb62, _0x457214, _0x987e32) {
            return _0x2b6b99(_0x5e236f - 0x15f, _0x456fdf - 0x180, _0x987e32, _0x456fdf - 0x134, _0x987e32 - 0x82);
        }
        function _0xcdba09(_0x1bc01f, _0x17dd14, _0x223e2b, _0x2b41d4, _0x588347) {
            return _0x52541f(_0x1bc01f - 0x8a, _0x17dd14 - 0xdf, _0x1bc01f - -0x537, _0x17dd14, _0x588347 - 0x1e7);
        }
        function _0x54dd57(_0x3441c8, _0x4122b4, _0x3bb4a1, _0x33ca2e, _0x426a9a) {
            return _0x1884dd(_0x3441c8 - 0xda, _0x4122b4 - 0x91, _0x3bb4a1 - -0x36, _0x4122b4, _0x426a9a - 0x128);
        }
        function _0x58d75a(_0xa3d7d2, _0x5dd1b3, _0x2b20ae, _0x3beec8, _0x4eb73e) {
            return _0x52541f(_0xa3d7d2 - 0x1f4, _0x5dd1b3 - 0x77, _0x2b20ae - 0xb8, _0x5dd1b3, _0x4eb73e - 0x195);
        }
        function _0x157b27(_0x3e541a, _0x52817f, _0x452fa8, _0x3a80d0, _0x39cf9e) {
            return _0x15fdf2(_0x3e541a - 0x1bf, _0x52817f - 0xf9, _0x452fa8, _0x3e541a - 0x3b, _0x39cf9e - 0x1d6);
        }
        function _0x58e73c(_0x5d865d, _0x5504bd, _0x563f48, _0x25cb14, _0x46394c) {
            return _0x4a8207(_0x5d865d - 0x1cf, _0x5504bd - 0xe2, _0x563f48 - 0x99, _0x25cb14 - 0x111, _0x5d865d);
        }
        const _0x355500 = {
            '\x52\x71\x51\x66\x67': _0x51843e[_0x58e73c(0xb81, 0x73e, 0x999, 0xa22, 0x6c6)],
            '\x78\x4f\x6b\x48\x43': function (_0x370a1d, _0x499957) {
                function _0x54e890(_0x1a5e5a, _0x58d9f3, _0x73faa7, _0x1fb420, _0x2f975f) {
                    return _0x5c4b(_0x73faa7 - -0x26f, _0x1a5e5a);
                }
                return _0x51843e[_0x54e890('\x64\x71\x4d\x7a', 0x26c, -0x67, 0x1ac, 0x238)](_0x370a1d, _0x499957);
            },
            '\x46\x6c\x61\x4d\x77': _0x51843e[_0x58e73c(0x17f, 0x560, 0x44e, 0x239, 0x3f5)]
        };
        function _0x46a323(_0x75c284, _0x34b2c8, _0x35443d, _0x3136f7, _0x1d1188) {
            return _0x15fdf2(_0x75c284 - 0x1b0, _0x34b2c8 - 0xff, _0x75c284, _0x34b2c8 - -0x557, _0x1d1188 - 0x6e);
        }
        function _0x53c6f5(_0xd8e99, _0x34c730, _0x4e41d4, _0x34e934, _0x459a1f) {
            return _0x5a0693(_0xd8e99 - 0x163, _0x34e934, _0x4e41d4 - 0x12e, _0x34e934 - 0x5d, _0xd8e99 - 0x148);
        }
        if (_0x51843e[_0x171fc7(0x6ec, 0x7b2, 0x7f2, 0x6ee, 0x8f5)](_0x51843e[_0x171fc7(0x3f5, 0x24a, 0x232, 0x39b, 0x564)], _0x51843e[_0x5ed6e9(-0x67, 0x55, 0x6, 0xee, -0x192)])) {
            _0x51843e[_0x53c6f5(0x6f6, 0x53a, 0x822, '\x32\x47\x67\x76', 0x424)](_0x15e578, _0x51843e[_0x171fc7(0x401, 0x4dd, 0x2a2, 0x354, 0x627)]);
            return;
        } else {
            if (_0x51843e[_0x53c6f5(0x3ab, 0x378, 0x22c, '\x57\x55\x6f\x5e', 0x307)](typeof _0x4f4f63, _0x51843e[_0x5ed6e9(0x40d, 0x3b0, 0x389, 0x1e6, 0x5f5)])) {
                if (_0x51843e[_0x171fc7(0x53d, 0x5f1, 0x153, 0x403, 0x186)](_0x51843e[_0x5ed6e9(0x127, 0x45, 0x12c, 0xab, 0xa7)], _0x51843e[_0x53c6f5(0x448, 0x1bb, 0x46b, '\x35\x6b\x56\x43', 0x3de)])) {
                    _0x51843e[_0x53c6f5(0x4b8, 0x310, 0x640, '\x4c\x6c\x59\x67', 0x5d1)](_0x1aa357), _0x51843e[_0x157b27(0x7d1, 0x79e, '\x59\x40\x61\x51', 0x5ed, 0x94f)](_0x20dc47, _0x51843e[_0xcdba09(-0x28d, '\x66\x49\x76\x67', -0x13e, -0x230, -0x245)]);
                    return;
                } else
                    return function (_0x346b52) {
                    }[_0x157b27(0x766, 0x999, '\x5d\x77\x72\x78', 0x996, 0x90d) + _0x171fc7(0x640, 0x3f3, 0x575, 0x52d, 0x74e) + '\x72'](_0x51843e[_0x46a323('\x42\x69\x4a\x23', 0x335, 0x1ab, 0x1da, 0x3d9)])[_0xcdba09(0x1ed, '\x6b\x43\x4e\x59', -0xab, -0x60, 0x375)](_0x51843e[_0x58d75a(0x46e, '\x23\x4a\x43\x36', 0x400, 0x365, 0x2d2)]);
            } else {
                if (_0x51843e[_0xcdba09(0x1bd, '\x66\x49\x76\x67', -0x1, 0x134, 0x1c)](_0x51843e[_0x54dd57(0x69, 0x17e, 0x135, 0x105, 0x34b)]('', _0x51843e[_0xcdba09(-0x292, '\x64\x71\x4d\x7a', -0x146, -0x357, 0x36)](_0x4f4f63, _0x4f4f63))[_0x51843e[_0x3233d1(0x385, 0x1d8, 0x141, -0x2c, 0x20d)]], 0x1 * 0x509 + -0x2 * 0x74c + -0x88 * -0x12) || _0x51843e[_0x46a323('\x47\x56\x68\x55', 0x201, 0x2c4, 0x13, 0x484)](_0x51843e[_0x46a323('\x33\x4b\x74\x58', 0x2e0, 0x231, 0x4c3, 0x1bd)](_0x4f4f63, 0x159c * -0x1 + 0x149f + 0x111), -0x59 * 0x61 + 0xaa5 + 0x1714))
                    _0x51843e[_0xcdba09(-0xe, '\x26\x5a\x4c\x5a', -0x10a, 0x2bf, 0x20c)](_0x51843e[_0xcdba09(0x291, '\x59\x40\x61\x51', 0x58, 0x15b, 0xd)], _0x51843e[_0xcdba09(-0x7a, '\x45\x45\x75\x6a', -0xe9, -0x1cc, -0x276)]) ? function () {
                        function _0x271c6b(_0x4cab5b, _0xee664c, _0x352819, _0x2fa461, _0x5db3f4) {
                            return _0x53c6f5(_0x5db3f4 - 0x28e, _0xee664c - 0x181, _0x352819 - 0x1ee, _0x2fa461, _0x5db3f4 - 0xa7);
                        }
                        function _0x979a6b(_0x2210fc, _0x19c06a, _0x14af4a, _0x49245c, _0x90e827) {
                            return _0x171fc7(_0x2210fc - 0x128, _0x90e827, _0x14af4a - 0xd0, _0x14af4a - 0xae, _0x90e827 - 0x1a9);
                        }
                        function _0x4940da(_0x436c8e, _0x8a6265, _0x2df858, _0x576be7, _0x5efe19) {
                            return _0x171fc7(_0x436c8e - 0x1ad, _0x576be7, _0x2df858 - 0x72, _0x8a6265 - -0x11f, _0x5efe19 - 0x151);
                        }
                        function _0x213637(_0x146cd4, _0x54d5b6, _0x4a9ce9, _0x1b1c33, _0x42b11f) {
                            return _0x5ed6e9(_0x146cd4 - 0x4, _0x54d5b6 - 0x149, _0x54d5b6 - 0x39c, _0x146cd4, _0x42b11f - 0xd0);
                        }
                        function _0x479432(_0x31ae23, _0x1b9b8e, _0xeb6b50, _0x58a7dc, _0xfdbd0e) {
                            return _0x46a323(_0x58a7dc, _0xfdbd0e - -0x34, _0xeb6b50 - 0x34, _0x58a7dc - 0x1c3, _0xfdbd0e - 0xf0);
                        }
                        function _0x3a62e6(_0x310bfc, _0x582d88, _0x1a0e6b, _0x706be7, _0x1abe23) {
                            return _0x3233d1(_0x310bfc - 0xf0, _0x706be7 - -0x33a, _0x1a0e6b - 0x112, _0x706be7 - 0xad, _0x1a0e6b);
                        }
                        function _0x517a60(_0x26fe0e, _0x51fe8f, _0x341773, _0x25ecd9, _0x3a37fe) {
                            return _0x157b27(_0x3a37fe - -0xe8, _0x51fe8f - 0xbb, _0x51fe8f, _0x25ecd9 - 0x60, _0x3a37fe - 0x139);
                        }
                        function _0x3182d9(_0x1b7535, _0x4f74d4, _0x510f2b, _0x2a8446, _0x3f616f) {
                            return _0x58e73c(_0x1b7535, _0x4f74d4 - 0xd9, _0x3f616f - -0x654, _0x2a8446 - 0x148, _0x3f616f - 0x17a);
                        }
                        if (_0x51843e[_0x213637(0x1d5, 0x38f, 0x645, 0x231, 0x210)](_0x51843e[_0x271c6b(0x667, 0x5f8, 0x379, '\x5a\x78\x44\x25', 0x5a3)], _0x51843e[_0x213637(0x395, 0x5bc, 0x64a, 0x5d5, 0x46d)]))
                            return !![];
                        else
                            _0xef377f[_0x3182d9(0x8f, 0xaa, 0x260, 0x147, 0x2c3)](_0x355500[_0x3182d9(-0x27e, -0x5a, -0x186, -0x18d, -0x10)], !_0x4ea1b2[_0x271c6b(0x519, 0x7c4, 0x32d, '\x51\x39\x5b\x45', 0x5a7)]), _0x4e6711[_0x213637(-0x4d, 0x274, 0x43b, 0x3c3, -0x54) + _0x979a6b(0x9c4, 0x56b, 0x756, 0x5f8, 0xa24)](), _0x2d075c[_0x3a62e6(0x32, -0xa4, -0x146, -0x24b, -0x7c) + _0x271c6b(0x561, 0x4b5, 0x9fd, '\x47\x56\x68\x55', 0x734)](), _0x355500[_0x979a6b(0x1ef, 0x16b, 0x3a6, 0x63d, 0x4db)](_0x1549e3, _0x355500[_0x3182d9(-0x2bc, -0x348, -0x336, -0x150, -0x16f)]);
                    }[_0x46a323('\x5a\x79\x28\x69', -0xa8, -0x250, -0x308, -0xab) + _0x157b27(0x638, 0x8ea, '\x4a\x7a\x5d\x6d', 0x4d5, 0x76c) + '\x72'](_0x51843e[_0x54dd57(0x21e, 0x3e0, 0x2fe, 0x5bf, 0x3d5)](_0x51843e[_0x157b27(0x4e4, 0x45f, '\x49\x59\x4a\x56', 0x462, 0x31b)], _0x51843e[_0xcdba09(0x2d0, '\x5d\x77\x72\x78', 0x248, 0x577, 0x78)]))[_0x53c6f5(0x297, 0x2d5, 0x3fd, '\x33\x4b\x74\x58', 0x26b)](_0x51843e[_0x171fc7(0x8ed, 0x687, 0x9b3, 0x750, 0x4ee)]) : _0xb59f16 = _0x19a7b7;
                else {
                    if (_0x51843e[_0x46a323('\x62\x23\x34\x51', 0x3db, 0x37e, 0x691, 0x315)](_0x51843e[_0x5ed6e9(0x588, 0x55c, 0x432, 0x27c, 0x536)], _0x51843e[_0x5ed6e9(0x300, 0x2c9, 0x432, 0x3c7, 0x69c)])) {
                        if (_0x3e7441)
                            return _0x58eb94;
                        else
                            _0x51843e[_0x5ed6e9(-0x43, 0x2cf, 0xef, -0x131, 0x370)](_0x40f8b3, -0x157b + -0x1 * -0x2513 + -0x1 * 0xf98);
                    } else
                        (function () {
                            const _0x8497f7 = {
                                '\x48\x51\x4a\x70\x73': function (_0x42a6bb, _0x4ecd4f) {
                                    function _0x20297a(_0xd85576, _0x292287, _0x3856b5, _0x14e4c1, _0x5111ca) {
                                        return _0x59f5(_0x5111ca - 0xc2, _0x292287);
                                    }
                                    return _0x51843e[_0x20297a(0x60b, 0x5d5, 0x944, 0x76d, 0x678)](_0x42a6bb, _0x4ecd4f);
                                },
                                '\x46\x45\x47\x4b\x65': _0x51843e[_0x1a857f(0x45f, 0x474, 0x2ea, 0x2ff, 0x4d4)],
                                '\x55\x6a\x43\x46\x71': _0x51843e[_0x34d67e(0x251, -0xe, 0x18e, 0x20, '\x78\x5a\x73\x58')],
                                '\x42\x48\x44\x70\x79': function (_0x18dc25) {
                                    function _0x44942d(_0x1fecc9, _0x42b5cf, _0x1ddd77, _0x5f0624, _0x4ff4ea) {
                                        return _0x34d67e(_0x1fecc9 - 0xa3, _0x42b5cf - 0x39, _0x1ddd77 - -0x239, _0x5f0624 - 0x118, _0x5f0624);
                                    }
                                    return _0x51843e[_0x44942d(0x232, -0xd5, -0x59, '\x73\x62\x78\x6f', -0x242)](_0x18dc25);
                                }
                            };
                            function _0x1a857f(_0x4639c3, _0x3b7a90, _0x154bdd, _0x4c86ce, _0x1ea790) {
                                return _0x5ed6e9(_0x4639c3 - 0xe7, _0x3b7a90 - 0x10d, _0x4639c3 - 0x261, _0x154bdd, _0x1ea790 - 0x17f);
                            }
                            function _0x15beb2(_0x585646, _0x3094b5, _0x4b2127, _0xba4965, _0x5bbde5) {
                                return _0x53c6f5(_0x4b2127 - -0x27f, _0x3094b5 - 0xde, _0x4b2127 - 0x1af, _0x5bbde5, _0x5bbde5 - 0x103);
                            }
                            function _0x12d6f7(_0xf9b425, _0x4a7ea0, _0x1c2df5, _0x2bbfd9, _0x1a5401) {
                                return _0x157b27(_0x2bbfd9 - -0x294, _0x4a7ea0 - 0x27, _0x1c2df5, _0x2bbfd9 - 0x1ae, _0x1a5401 - 0x32);
                            }
                            function _0x3a2ed1(_0x17263f, _0x194676, _0x32cc7f, _0x301342, _0x23e2cd) {
                                return _0x58e73c(_0x301342, _0x194676 - 0x1d2, _0x32cc7f - -0x653, _0x301342 - 0x18b, _0x23e2cd - 0x15);
                            }
                            function _0x1802fb(_0x542698, _0x5c728f, _0x1698a3, _0x2ce78f, _0x3aeb60) {
                                return _0x171fc7(_0x542698 - 0xc, _0x1698a3, _0x1698a3 - 0x66, _0x542698 - -0x4a0, _0x3aeb60 - 0xd4);
                            }
                            function _0x2e2313(_0x372a24, _0x190ca3, _0x3fb171, _0xcca193, _0x17a782) {
                                return _0x54dd57(_0x372a24 - 0xd5, _0x372a24, _0xcca193 - 0x38d, _0xcca193 - 0x1b, _0x17a782 - 0x1a);
                            }
                            function _0xaff3fa(_0x374a57, _0xf3c659, _0x2c0116, _0x5ac85a, _0x583b17) {
                                return _0x58d75a(_0x374a57 - 0x13e, _0x2c0116, _0x374a57 - -0x12b, _0x5ac85a - 0x184, _0x583b17 - 0x1e4);
                            }
                            function _0x34d67e(_0x31ec9a, _0x3f93c9, _0x2ab4f4, _0x48b866, _0x4eeb01) {
                                return _0x46a323(_0x4eeb01, _0x2ab4f4 - 0x26b, _0x2ab4f4 - 0x168, _0x48b866 - 0xb4, _0x4eeb01 - 0x176);
                            }
                            function _0x5ac4e1(_0x87e8de, _0x77f181, _0x1f0505, _0x9d4855, _0x24e910) {
                                return _0x58e73c(_0x9d4855, _0x77f181 - 0x7c, _0x1f0505 - -0x1e3, _0x9d4855 - 0x5c, _0x24e910 - 0x14e);
                            }
                            function _0x1d5c27(_0x3c47d6, _0x2f1857, _0x210ee7, _0x329eef, _0x4bb69c) {
                                return _0xcdba09(_0x3c47d6 - 0x3f8, _0x329eef, _0x210ee7 - 0x144, _0x329eef - 0x177, _0x4bb69c - 0x18d);
                            }
                            if (_0x51843e[_0x3a2ed1(0x42b, 0x352, 0x2b8, 0x4f2, 0xb0)](_0x51843e[_0x34d67e(0x155, -0x29, 0x14d, 0x230, '\x33\x4b\x74\x58')], _0x51843e[_0xaff3fa(0x416, 0x381, '\x69\x69\x69\x25', 0x40b, 0x576)])) {
                                if ((_0x8497f7[_0x1d5c27(0x65c, 0x88a, 0x3c1, '\x23\x6f\x67\x75', 0x7e4)](_0x16d25c[_0x12d6f7(0x6a, 0x516, '\x5d\x77\x72\x78', 0x31b, 0x241)], _0x8497f7[_0xaff3fa(0x79e, 0xa54, '\x46\x39\x77\x64', 0x511, 0x9a7)]) || _0x8497f7[_0x1a857f(0x340, 0x2a9, 0x59f, 0x3f5, 0x45a)](_0x19c693[_0x1d5c27(0x6e7, 0x542, 0x73c, '\x62\x42\x4d\x31', 0x49a)], _0x8497f7[_0x1d5c27(0x30a, 0x1f0, 0x252, '\x35\x6b\x56\x43', 0x395)])) && _0x46683e[_0x1a857f(0x39b, 0x4b2, 0x4be, 0x2ce, 0x3ca) + _0x1802fb(-0x14, -0x252, 0x163, 0x1cb, 0x7f) + _0x34d67e(0x4d3, 0x19, 0x29f, 0x27c, '\x45\x45\x75\x6a')]()) {
                                    const _0x22e24f = _0x5b71e0[_0x1d5c27(0x279, -0x49, 0xbd, '\x31\x62\x52\x26', 0x136) + _0x2e2313(0x857, 0x7e5, 0x545, 0x65e, 0x515) + _0x1802fb(-0x7b, -0xb2, 0xf8, 0xb3, -0x2b3)]();
                                    _0x22e24f[_0x1a857f(0x48d, 0x511, 0x511, 0x72c, 0x35a) + _0x1802fb(0x2d7, 0x346, 0x17, 0xfd, 0xd2)] && _0x8497f7[_0x1a857f(0x681, 0x6d8, 0x73f, 0x61f, 0x895)](_0x4ad0a8);
                                }
                            } else
                                return ![];
                        }[_0x3233d1(0x5c, 0x12a, -0x5a, -0xe5, -0xc6) + _0x46a323('\x73\x62\x78\x6f', 0x39c, 0x32d, 0x384, 0x3ac) + '\x72'](_0x51843e[_0x58e73c(0x655, 0x8c5, 0x8f1, 0x93a, 0x95a)](_0x51843e[_0x157b27(0x473, 0x4c3, '\x74\x6c\x52\x49', 0x6ef, 0x50f)], _0x51843e[_0x58e73c(0x7aa, 0x513, 0x70a, 0x7d7, 0x5c3)]))[_0x53c6f5(0x5a2, 0x829, 0x7a2, '\x35\x6b\x56\x43', 0x6b1)](_0x51843e[_0x53c6f5(0x56f, 0x30e, 0x29b, '\x30\x4d\x30\x4b', 0x3e4)]));
                }
            }
            _0x51843e[_0x58e73c(0x400, 0x6fa, 0x63e, 0x5c1, 0x8a0)](_0x24546d, ++_0x4f4f63);
        }
    }
    function _0x4a8207(_0x5a8acf, _0x2fa984, _0x4d4f61, _0x1e5ba9, _0x4bc3ac) {
        return _0x28a984(_0x4bc3ac, _0x2fa984 - 0xbb, _0x4d4f61 - 0x4c5, _0x1e5ba9 - 0x1bf, _0x4bc3ac - 0x1e6);
    }
    function _0x52541f(_0x255772, _0xfc2573, _0x36500f, _0x46adf8, _0x19849d) {
        return _0x48aa3b(_0x46adf8, _0xfc2573 - 0xab, _0x36500f - 0x172, _0x46adf8 - 0x49, _0x36500f - 0x346);
    }
    function _0x13cd6a(_0xbe8656, _0x4060ab, _0xa6d470, _0x1bb080, _0x11f8a0) {
        return _0x2e84ec(_0xbe8656, _0xa6d470 - -0xf6, _0xa6d470 - 0xaa, _0x1bb080 - 0x4e, _0x11f8a0 - 0x175);
    }
    function _0x1884dd(_0x18547e, _0x1f8f0c, _0x2dc427, _0x2695af, _0x50185e) {
        return _0x1363fa(_0x18547e - 0x1f2, _0x1f8f0c - 0x13f, _0x2695af, _0x2dc427 - 0x3d, _0x50185e - 0x66);
    }
    try {
        if (_0x247472) {
            if (_0x51843e[_0x1884dd(0x53e, 0x2e6, 0x5b5, 0x5b6, 0x41b)](_0x51843e[_0x2b6b99(-0xb0, 0x12f, 0x13e, 0x1fa, -0xa8)], _0x51843e[_0x4a8207(0x46c, 0x41b, 0x67c, 0x3de, 0x92c)])) {
                _0x27b9fa[_0x1884dd(0x78a, 0x619, 0x5a2, 0x859, 0x81e)](_0x51843e[_0x3384d2(0x1e6, 0x317, '\x6d\x54\x64\x4e', 0xa1, 0x1b1)], _0x53e65b);
                throw _0x2d93f0;
            } else
                return _0x24546d;
        } else
            _0x51843e[_0x15fdf2(0x5c7, 0x2ef, '\x32\x47\x67\x76', 0x477, 0x6c7)](_0x24546d, 0x16 * 0x10b + -0x1 * 0x6a7 + -0x104b);
    } catch (_0x144586) {
    }
}